PRAGMA foreign_keys=OFF;
BEGIN TRANSACTION;
CREATE TABLE IF NOT EXISTS "migrations" ("id" integer primary key autoincrement not null, "migration" varchar not null, "batch" integer not null);
INSERT INTO migrations VALUES(1,'0001_01_01_000000_create_users_table',1);
INSERT INTO migrations VALUES(2,'0001_01_01_000001_create_cache_table',1);
INSERT INTO migrations VALUES(3,'0001_01_01_000002_create_jobs_table',1);
INSERT INTO migrations VALUES(4,'2020_02_09_000001_create_twill_default_users_tables',1);
INSERT INTO migrations VALUES(5,'2020_02_09_000002_create_twill_default_blocks_table',1);
INSERT INTO migrations VALUES(6,'2020_02_09_000003_create_twill_default_medias_tables',1);
INSERT INTO migrations VALUES(7,'2020_02_09_000004_create_twill_default_files_tables',1);
INSERT INTO migrations VALUES(8,'2020_02_09_000005_create_twill_default_settings_table',1);
INSERT INTO migrations VALUES(9,'2020_02_09_000006_create_twill_default_tags_tables',1);
INSERT INTO migrations VALUES(10,'2020_02_09_000007_create_twill_default_activity_log_table',1);
INSERT INTO migrations VALUES(11,'2020_02_09_000008_create_twill_default_features_table',1);
INSERT INTO migrations VALUES(12,'2020_02_09_000010_create_twill_default_related_table',1);
INSERT INTO migrations VALUES(13,'2020_02_09_000011_add_locale_column_to_twill_default-mediables',1);
INSERT INTO migrations VALUES(14,'2020_02_09_000012_change_locale_column_in_twill_default_fileables',1);
INSERT INTO migrations VALUES(15,'2020_02_09_000013_add_language_column_to_twill_default_users',1);
INSERT INTO migrations VALUES(16,'2020_02_09_000014_add_editor_name_column_to_blocks_table',1);
INSERT INTO migrations VALUES(17,'2020_02_09_000015_add_position_to_twill_default_mediables_table',1);
INSERT INTO migrations VALUES(18,'2020_02_09_000016_add_position_to_twill_default_fileables_table',1);
INSERT INTO migrations VALUES(19,'2021_07_08_000001_update_twill_default_users_table',1);
INSERT INTO migrations VALUES(20,'2022_01_25_000015_add_columns_to_activity_log_table',1);
INSERT INTO migrations VALUES(21,'2022_04_05_000015_update_activity_log_morph_size',1);
INSERT INTO migrations VALUES(22,'2022_08_29_110837_create_app_settings_tables',1);
INSERT INTO migrations VALUES(23,'2023_01_17_111835_add_cascade_on_delete_to_password_resets',1);
INSERT INTO migrations VALUES(24,'2023_01_22_113529_fix_component_block_names',1);
INSERT INTO migrations VALUES(25,'2023_01_22_113529_fix_component_block_names_2',1);
INSERT INTO migrations VALUES(26,'2023_03_24_125122_add_id_to_related',1);
INSERT INTO migrations VALUES(27,'2025_04_25_065752_create_pages_tables',1);
INSERT INTO migrations VALUES(28,'2025_04_26_070538_create_page_homes_tables',2);
INSERT INTO migrations VALUES(29,'2025_05_02_232323_create_profiles_tables',3);
INSERT INTO migrations VALUES(30,'2025_05_04_014329_create_registered_users_tables',3);
INSERT INTO migrations VALUES(31,'2025_05_04_022615_add_coloumns_to_registerd_users',4);
INSERT INTO migrations VALUES(32,'2025_05_04_052401_update_users_table',5);
INSERT INTO migrations VALUES(33,'2025_05_04_082823_update_profiles_table',6);
INSERT INTO migrations VALUES(39,'2025_05_07_231516_create_menu_links_tables',7);
INSERT INTO migrations VALUES(40,'2025_05_11_200354_create_contacts_table',8);
INSERT INTO migrations VALUES(41,'2025_05_12_020243_create_programs_tables',9);
INSERT INTO migrations VALUES(42,'2025_05_14_052743_create_programs_tables',10);
INSERT INTO migrations VALUES(44,'2025_05_17_210826_create_news_tables',11);
CREATE TABLE IF NOT EXISTS "users" ("id" integer primary key autoincrement not null, "email" varchar not null, "email_verified_at" datetime, "password" varchar not null, "remember_token" varchar, "created_at" datetime, "updated_at" datetime, "first_name" varchar, "last_name" varchar);
INSERT INTO users VALUES(4,'dev@nolimitsmaf.com',NULL,'$2y$12$EG8AvGcB9gReCJMqpUs/8uRJ9vDD5S/tn8CGUtbJtJQo7IKhNchaW',NULL,'2025-05-17 03:39:56','2025-05-17 03:39:56','Deverick','Strand');
CREATE TABLE IF NOT EXISTS "password_reset_tokens" ("email" varchar not null, "token" varchar not null, "created_at" datetime, primary key ("email"));
CREATE TABLE IF NOT EXISTS "sessions" ("id" varchar not null, "user_id" integer, "ip_address" varchar, "user_agent" text, "payload" text not null, "last_activity" integer not null, primary key ("id"));
INSERT INTO sessions VALUES('BbebgNiXBSmq6UMEPbazJlxJ7akJBrjwEqahoG0D',NULL,'127.0.0.1','Mozilla/5.0 (Macintosh; Intel Mac OS X 10_15_7) AppleWebKit/605.1.15 (KHTML, like Gecko) Version/18.4 Safari/605.1.15','YTozOntzOjY6Il90b2tlbiI7czo0MDoiRWlmbXhXS01iNlBxT3htZVJEc2tEdm5PdWNlY3lSNFBCR1RuNXpkVCI7czo5OiJfcHJldmlvdXMiO2E6MTp7czozOiJ1cmwiO3M6MjE6Imh0dHA6Ly8xMjcuMC4wLjE6ODAwMCI7fXM6NjoiX2ZsYXNoIjthOjI6e3M6Mzoib2xkIjthOjA6e31zOjM6Im5ldyI7YTowOnt9fX0=',1747575853);
INSERT INTO sessions VALUES('Cdp00Ts4bmQCDtcpvL1vCnUvXXkBKTa2TCWXleRZ',NULL,'127.0.0.1','com.apple.WebKit.Networking/20621.1.15.11.10 Network/4277.101.3 macOS/15.4.1','YTozOntzOjY6Il90b2tlbiI7czo0MDoiOTBNT1BNSUtUdGQxYkg0c1JCeTlscjZvbzZwME1SNG5GWG5nZXZqdyI7czo5OiJfcHJldmlvdXMiO2E6MTp7czozOiJ1cmwiO3M6NTQ6Imh0dHA6Ly8xMjcuMC4wLjE6ODAwMC9hcHBsZS10b3VjaC1pY29uLXByZWNvbXBvc2VkLnBuZyI7fXM6NjoiX2ZsYXNoIjthOjI6e3M6Mzoib2xkIjthOjA6e31zOjM6Im5ldyI7YTowOnt9fX0=',1747575696);
INSERT INTO sessions VALUES('fWvFKQjYVhn60CkrsTAjjAhm8sRjcpuddPumm2Zd',NULL,'127.0.0.1','com.apple.WebKit.Networking/20621.1.15.11.10 Network/4277.101.3 macOS/15.4.1','YTozOntzOjY6Il90b2tlbiI7czo0MDoiUGJBR1cwOWRQaHBOTHVLQnJMWFJISXNsWmNlaWFJSzdjeFA0aVp4aSI7czo5OiJfcHJldmlvdXMiO2E6MTp7czozOiJ1cmwiO3M6NDI6Imh0dHA6Ly8xMjcuMC4wLjE6ODAwMC9hcHBsZS10b3VjaC1pY29uLnBuZyI7fXM6NjoiX2ZsYXNoIjthOjI6e3M6Mzoib2xkIjthOjA6e31zOjM6Im5ldyI7YTowOnt9fX0=',1747575696);
INSERT INTO sessions VALUES('it9xQwtfaSKSKDUEYEjpFOsczCNfml8lXdE3RKk0',NULL,'127.0.0.1','com.apple.WebKit.Networking/20621.1.15.11.10 Network/4277.101.3 macOS/15.4.1','YTozOntzOjY6Il90b2tlbiI7czo0MDoieUg0clk5dFhnVXAwQW41TTlHekdBMml2dlhlUDUybHVURXlnSHJTbSI7czo5OiJfcHJldmlvdXMiO2E6MTp7czozOiJ1cmwiO3M6NTQ6Imh0dHA6Ly8xMjcuMC4wLjE6ODAwMC9hcHBsZS10b3VjaC1pY29uLXByZWNvbXBvc2VkLnBuZyI7fXM6NjoiX2ZsYXNoIjthOjI6e3M6Mzoib2xkIjthOjA6e31zOjM6Im5ldyI7YTowOnt9fX0=',1747575854);
INSERT INTO sessions VALUES('wk6oiC2p3G8VxhpMjfB45LYbvsHB5XRZgruh3IBs',NULL,'127.0.0.1','com.apple.WebKit.Networking/20621.1.15.11.10 Network/4277.101.3 macOS/15.4.1','YTozOntzOjY6Il90b2tlbiI7czo0MDoiME00R1paOFVYU21VQWxXZWo2cVBtS2RQeURIR05jbFl1UUk1QWhZNiI7czo5OiJfcHJldmlvdXMiO2E6MTp7czozOiJ1cmwiO3M6NDI6Imh0dHA6Ly8xMjcuMC4wLjE6ODAwMC9hcHBsZS10b3VjaC1pY29uLnBuZyI7fXM6NjoiX2ZsYXNoIjthOjI6e3M6Mzoib2xkIjthOjA6e31zOjM6Im5ldyI7YTowOnt9fX0=',1747575854);
CREATE TABLE IF NOT EXISTS "cache" ("key" varchar not null, "value" text not null, "expiration" integer not null, primary key ("key"));
INSERT INTO cache VALUES('page.home.en','TzoxOToiQXBwXE1vZGVsc1xQYWdlSG9tZSI6MzU6e3M6MTM6IgAqAGNvbm5lY3Rpb24iO3M6Njoic3FsaXRlIjtzOjg6IgAqAHRhYmxlIjtzOjEwOiJwYWdlX2hvbWVzIjtzOjEzOiIAKgBwcmltYXJ5S2V5IjtzOjI6ImlkIjtzOjEwOiIAKgBrZXlUeXBlIjtzOjM6ImludCI7czoxMjoiaW5jcmVtZW50aW5nIjtiOjE7czo3OiIAKgB3aXRoIjthOjA6e31zOjEyOiIAKgB3aXRoQ291bnQiO2E6MDp7fXM6MTk6InByZXZlbnRzTGF6eUxvYWRpbmciO2I6MDtzOjEwOiIAKgBwZXJQYWdlIjtpOjE1O3M6NjoiZXhpc3RzIjtiOjE7czoxODoid2FzUmVjZW50bHlDcmVhdGVkIjtiOjA7czoyODoiACoAZXNjYXBlV2hlbkNhc3RpbmdUb1N0cmluZyI7YjowO3M6MTM6IgAqAGF0dHJpYnV0ZXMiO2E6NTp7czoyOiJpZCI7aToxO3M6MTA6ImRlbGV0ZWRfYXQiO047czoxMDoiY3JlYXRlZF9hdCI7czoxOToiMjAyNS0wNC0yNiAwNzozMzo0NiI7czoxMDoidXBkYXRlZF9hdCI7czoxOToiMjAyNS0wNC0yNiAwNzozMzo0NiI7czo2OiJibG9ja3MiO086Mjk6IklsbHVtaW5hdGVcU3VwcG9ydFxDb2xsZWN0aW9uIjoyOntzOjg6IgAqAGl0ZW1zIjthOjE6e2k6MDthOjY6e3M6MTE6ImVkaXRvcl9uYW1lIjtzOjc6ImRlZmF1bHQiO3M6ODoicG9zaXRpb24iO2k6MTtzOjQ6InR5cGUiO3M6MTE6ImNvbW1vbi1oZXJvIjtzOjc6ImNvbnRlbnQiO2E6Mzp7czoxMToiYnV0dG9uX3RleHQiO3M6NzoiSm9pbiBVcyI7czo3OiJoZWFkaW5nIjtzOjMxOiJSZWFjaCBZb3VyIEdvYWxzIFdpdGggTm8gTGltaXRzIjtzOjExOiJidXR0b25fbGluayI7czo5OiIvcmVnaXN0ZXIiO31zOjY6Im1lZGlhcyI7YToxOntzOjU6ImltYWdlIjthOjE6e3M6NzoiZGVmYXVsdCI7YTo2OntzOjM6InNyYyI7czoxNjA6Imh0dHA6Ly9sb2NhbGhvc3Q6ODAwMC9pbWcvOWIwZmQ0ZTctYzJmNy00ODViLWEwOWItZTkwNzgwODBhMDY0L3oyc2J6cGJxc3RqOTgwamotbmxtYWYtbG9nby0yc2h1ZXMtc21hbGxjcm9wcGVkLmpwZWc/Zm09anBnJnE9ODAmZml0PW1heCZjcm9wPTIwNDglMkMyMDQ4JTJDMCUyQzAiO3M6NToid2lkdGgiO2k6MjA0ODtzOjY6ImhlaWdodCI7aToyMDQ4O3M6MzoiYWx0IjtzOjM5OiJObyBMaW1pdHMgTWFydGlhbCBBcnRzIGFuZCBGaXRuZXNzIExvZ28iO3M6NzoiY2FwdGlvbiI7czowOiIiO3M6NToidmlkZW8iO3M6MDoiIjt9fX1zOjY6ImNoaWxkcyI7TzoyOToiSWxsdW1pbmF0ZVxTdXBwb3J0XENvbGxlY3Rpb24iOjI6e3M6ODoiACoAaXRlbXMiO2E6MTp7aTowO2E6NDp7czoxMToiZWRpdG9yX25hbWUiO3M6NzoiZGVmYXVsdCI7czo4OiJwb3NpdGlvbiI7aToxO3M6NDoidHlwZSI7czoxNDoiY29tbW9uLWhlYWRpbmciO3M6NzoiY29udGVudCI7YToyOntzOjc6ImhlYWRpbmciO3M6MzE6IlJlYWNoIFlvdXIgR29hbHMgV2l0aCBObyBMaW1pdHMiO3M6NToibGV2ZWwiO3M6MjoiaDEiO319fXM6Mjg6IgAqAGVzY2FwZVdoZW5DYXN0aW5nVG9TdHJpbmciO2I6MDt9fX1zOjI4OiIAKgBlc2NhcGVXaGVuQ2FzdGluZ1RvU3RyaW5nIjtiOjA7fX1zOjExOiIAKgBvcmlnaW5hbCI7YTo0OntzOjI6ImlkIjtpOjE7czoxMDoiZGVsZXRlZF9hdCI7TjtzOjEwOiJjcmVhdGVkX2F0IjtzOjE5OiIyMDI1LTA0LTI2IDA3OjMzOjQ2IjtzOjEwOiJ1cGRhdGVkX2F0IjtzOjE5OiIyMDI1LTA0LTI2IDA3OjMzOjQ2Ijt9czoxMDoiACoAY2hhbmdlcyI7YTowOnt9czo4OiIAKgBjYXN0cyI7YToxOntzOjEwOiJkZWxldGVkX2F0IjtzOjg6ImRhdGV0aW1lIjt9czoxNzoiACoAY2xhc3NDYXN0Q2FjaGUiO2E6MDp7fXM6MjE6IgAqAGF0dHJpYnV0ZUNhc3RDYWNoZSI7YTowOnt9czoxMzoiACoAZGF0ZUZvcm1hdCI7TjtzOjEwOiIAKgBhcHBlbmRzIjthOjA6e31zOjE5OiIAKgBkaXNwYXRjaGVzRXZlbnRzIjthOjA6e31zOjE0OiIAKgBvYnNlcnZhYmxlcyI7YTowOnt9czoxMjoiACoAcmVsYXRpb25zIjthOjE6e3M6MTI6InRyYW5zbGF0aW9ucyI7TzozOToiSWxsdW1pbmF0ZVxEYXRhYmFzZVxFbG9xdWVudFxDb2xsZWN0aW9uIjoyOntzOjg6IgAqAGl0ZW1zIjthOjE6e2k6MDtPOjQzOiJBcHBcTW9kZWxzXFRyYW5zbGF0aW9uc1xQYWdlSG9tZVRyYW5zbGF0aW9uIjozNDp7czoxMzoiACoAY29ubmVjdGlvbiI7czo2OiJzcWxpdGUiO3M6ODoiACoAdGFibGUiO3M6MjI6InBhZ2VfaG9tZV90cmFuc2xhdGlvbnMiO3M6MTM6IgAqAHByaW1hcnlLZXkiO3M6MjoiaWQiO3M6MTA6IgAqAGtleVR5cGUiO3M6MzoiaW50IjtzOjEyOiJpbmNyZW1lbnRpbmciO2I6MTtzOjc6IgAqAHdpdGgiO2E6MDp7fXM6MTI6IgAqAHdpdGhDb3VudCI7YTowOnt9czoxOToicHJldmVudHNMYXp5TG9hZGluZyI7YjowO3M6MTA6IgAqAHBlclBhZ2UiO2k6MTU7czo2OiJleGlzdHMiO2I6MTtzOjE4OiJ3YXNSZWNlbnRseUNyZWF0ZWQiO2I6MDtzOjI4OiIAKgBlc2NhcGVXaGVuQ2FzdGluZ1RvU3RyaW5nIjtiOjA7czoxMzoiACoAYXR0cmlidXRlcyI7YToxMDp7czoyOiJpZCI7aToxO3M6MTI6InBhZ2VfaG9tZV9pZCI7aToxO3M6MTA6ImRlbGV0ZWRfYXQiO047czoxMDoiY3JlYXRlZF9hdCI7czoxOToiMjAyNS0wNC0yNiAwNzozMzo0NiI7czoxMDoidXBkYXRlZF9hdCI7czoxOToiMjAyNS0wNS0wMyAwMDo0NDo0MiI7czo2OiJsb2NhbGUiO3M6MjoiZW4iO3M6NjoiYWN0aXZlIjtpOjE7czo1OiJ0aXRsZSI7czo0OiJIb21lIjtzOjEwOiJtZXRhX3RpdGxlIjtzOjQ6IkhvbWUiO3M6MTY6Im1ldGFfZGVzY3JpcHRpb24iO3M6NDoiSG9tZSI7fXM6MTE6IgAqAG9yaWdpbmFsIjthOjEwOntzOjI6ImlkIjtpOjE7czoxMjoicGFnZV9ob21lX2lkIjtpOjE7czoxMDoiZGVsZXRlZF9hdCI7TjtzOjEwOiJjcmVhdGVkX2F0IjtzOjE5OiIyMDI1LTA0LTI2IDA3OjMzOjQ2IjtzOjEwOiJ1cGRhdGVkX2F0IjtzOjE5OiIyMDI1LTA1LTAzIDAwOjQ0OjQyIjtzOjY6ImxvY2FsZSI7czoyOiJlbiI7czo2OiJhY3RpdmUiO2k6MTtzOjU6InRpdGxlIjtzOjQ6IkhvbWUiO3M6MTA6Im1ldGFfdGl0bGUiO3M6NDoiSG9tZSI7czoxNjoibWV0YV9kZXNjcmlwdGlvbiI7czo0OiJIb21lIjt9czoxMDoiACoAY2hhbmdlcyI7YTowOnt9czo4OiIAKgBjYXN0cyI7YToxOntzOjEwOiJkZWxldGVkX2F0IjtzOjg6ImRhdGV0aW1lIjt9czoxNzoiACoAY2xhc3NDYXN0Q2FjaGUiO2E6MDp7fXM6MjE6IgAqAGF0dHJpYnV0ZUNhc3RDYWNoZSI7YTowOnt9czoxMzoiACoAZGF0ZUZvcm1hdCI7TjtzOjEwOiIAKgBhcHBlbmRzIjthOjA6e31zOjE5OiIAKgBkaXNwYXRjaGVzRXZlbnRzIjthOjA6e31zOjE0OiIAKgBvYnNlcnZhYmxlcyI7YTowOnt9czoxMjoiACoAcmVsYXRpb25zIjthOjA6e31zOjEwOiIAKgB0b3VjaGVzIjthOjA6e31zOjEwOiJ0aW1lc3RhbXBzIjtiOjE7czoxMzoidXNlc1VuaXF1ZUlkcyI7YjowO3M6OToiACoAaGlkZGVuIjthOjA6e31zOjEwOiIAKgB2aXNpYmxlIjthOjA6e31zOjExOiIAKgBmaWxsYWJsZSI7YTowOnt9czoxMDoiACoAZ3VhcmRlZCI7YToxOntpOjA7czoxOiIqIjt9czoyMDoiACoAcHJlc2VudGVySW5zdGFuY2UiO047czoxNjoiACoAZm9yY2VEZWxldGluZyI7YjowO3M6MjA6InRyYW5zbGF0ZWRBdHRyaWJ1dGVzIjthOjA6e31zOjE4OiIAKgBiYXNlTW9kdWxlTW9kZWwiO3M6MTk6IkFwcFxNb2RlbHNcUGFnZUhvbWUiO319czoyODoiACoAZXNjYXBlV2hlbkNhc3RpbmdUb1N0cmluZyI7YjowO319czoxMDoiACoAdG91Y2hlcyI7YTowOnt9czoxMDoidGltZXN0YW1wcyI7YjoxO3M6MTM6InVzZXNVbmlxdWVJZHMiO2I6MDtzOjk6IgAqAGhpZGRlbiI7YTowOnt9czoxMDoiACoAdmlzaWJsZSI7YTowOnt9czoxMToiACoAZmlsbGFibGUiO2E6Mzp7aTowO3M6NToidGl0bGUiO2k6MTtzOjEwOiJtZXRhX3RpdGxlIjtpOjI7czoxNjoibWV0YV9kZXNjcmlwdGlvbiI7fXM6MTA6IgAqAGd1YXJkZWQiO2E6MTp7aTowO3M6MToiKiI7fXM6MjA6IgAqAHByZXNlbnRlckluc3RhbmNlIjtOO3M6MTY6IgAqAGZvcmNlRGVsZXRpbmciO2I6MDtzOjIwOiJ0cmFuc2xhdGVkQXR0cmlidXRlcyI7YTo0OntpOjA7czo1OiJ0aXRsZSI7aToxO3M6MTA6Im1ldGFfdGl0bGUiO2k6MjtzOjE2OiJtZXRhX2Rlc2NyaXB0aW9uIjtpOjM7czo2OiJhY3RpdmUiO31zOjE2OiJwdWJsaWNBdHRyaWJ1dGVzIjthOjQ6e2k6MDtzOjU6InRpdGxlIjtpOjE7czoxMDoibWV0YV90aXRsZSI7aToyO3M6MTY6Im1ldGFfZGVzY3JpcHRpb24iO2k6MztzOjY6ImJsb2NrcyI7fXM6MTY6IgAqAGRlZmF1bHRMb2NhbGUiO047fQ==',2062891030);
INSERT INTO cache VALUES('page.en.about','TzoxNToiQXBwXE1vZGVsc1xQYWdlIjo0MDp7czoxMzoiACoAY29ubmVjdGlvbiI7czo2OiJzcWxpdGUiO3M6ODoiACoAdGFibGUiO3M6NToicGFnZXMiO3M6MTM6IgAqAHByaW1hcnlLZXkiO3M6MjoiaWQiO3M6MTA6IgAqAGtleVR5cGUiO3M6MzoiaW50IjtzOjEyOiJpbmNyZW1lbnRpbmciO2I6MTtzOjc6IgAqAHdpdGgiO2E6MDp7fXM6MTI6IgAqAHdpdGhDb3VudCI7YTowOnt9czoxOToicHJldmVudHNMYXp5TG9hZGluZyI7YjowO3M6MTA6IgAqAHBlclBhZ2UiO2k6MTU7czo2OiJleGlzdHMiO2I6MTtzOjE4OiJ3YXNSZWNlbnRseUNyZWF0ZWQiO2I6MDtzOjI4OiIAKgBlc2NhcGVXaGVuQ2FzdGluZ1RvU3RyaW5nIjtiOjA7czoxMzoiACoAYXR0cmlidXRlcyI7YToxMDp7czoyOiJpZCI7aToxO3M6MTA6ImRlbGV0ZWRfYXQiO047czoxMDoiY3JlYXRlZF9hdCI7czoxOToiMjAyNS0wNC0yNiAwNDoyODoxNiI7czoxMDoidXBkYXRlZF9hdCI7czoxOToiMjAyNS0wNS0xMyAwNDoxODoxNiI7czo5OiJwdWJsaXNoZWQiO2k6MTtzOjQ6Il9sZnQiO2k6MTtzOjQ6Il9yZ3QiO2k6NjtzOjk6InBhcmVudF9pZCI7TjtzOjg6InBvc2l0aW9uIjtpOjA7czo2OiJibG9ja3MiO086Mjk6IklsbHVtaW5hdGVcU3VwcG9ydFxDb2xsZWN0aW9uIjoyOntzOjg6IgAqAGl0ZW1zIjthOjE6e2k6MDthOjU6e3M6MTE6ImVkaXRvcl9uYW1lIjtzOjc6ImRlZmF1bHQiO3M6ODoicG9zaXRpb24iO2k6MTtzOjQ6InR5cGUiO3M6MTY6ImNvbW1vbi1jYXJkYmxvY2siO3M6NzoiY29udGVudCI7YToyOntzOjc6ImhlYWRpbmciO3M6Mzk6IldlIFJlbW92ZSB0aGUgTGltaXRzIHRvIGEgSGVhbHRoaWVyIFlvdSI7czo0OiJ0eXBlIjtzOjU6InN0YWNrIjt9czo2OiJjaGlsZHMiO086Mjk6IklsbHVtaW5hdGVcU3VwcG9ydFxDb2xsZWN0aW9uIjoyOntzOjg6IgAqAGl0ZW1zIjthOjM6e2k6MDthOjU6e3M6MTE6ImVkaXRvcl9uYW1lIjtzOjc6ImRlZmF1bHQiO3M6ODoicG9zaXRpb24iO2k6MTtzOjQ6InR5cGUiO3M6MjI6ImR5bmFtaWMtcmVwZWF0ZXItY2FyZHMiO3M6NzoiY29udGVudCI7YToyOntzOjc6ImhlYWRpbmciO3M6MTM6IlRpbWUgTm8gTGltaXQiO3M6NzoiZGV0YWlscyI7czozNzE6IkF0IE5vIExpbWl0cyBNYXJ0aWFsIEFydHMgYW5kIEZpdG5lc3MsIHlvdXIgc2NoZWR1bGUgaXMgb3VyIHByaW9yaXR5LiBXaGV0aGVyIHlvdSdyZSBkcm9wcGluZyBpbiBmb3IgYSBzaW5nbGUgc2Vzc2lvbiBvciBjb21taXR0aW5nIHRvIGEgbW9udGhseSBtZW1iZXJzaGlwLCB3ZeKAmXZlIGdvdCBvcHRpb25zIHRvIGZpdCB5b3VyIGxpZmUuIFdhbGstaW5zIGFyZSBhbHdheXMgd2VsY29tZSwgYW5kIGZvciB0aG9zZSByZWFkeSB0byB0YWtlIHRoZSBsZWFwLCB3ZSBvZmZlciBkaXNjb3VudHMgZm9yIG1vbnRobHkgcGF5bWVudHMgaW4gYWR2YW5jZS4gUmVhZHkgd2hlbiB5b3UgYXJlIOKAlCBsZXTigJlzIHJlbW92ZSB0aGUgbGltaXRzIG9mIHRpbWUuIjt9czo2OiJtZWRpYXMiO2E6MTp7czo1OiJpbWFnZSI7YToxOntzOjc6ImRlZmF1bHQiO2E6Njp7czozOiJzcmMiO3M6Mjc3OiJodHRwOi8vbG9jYWxob3N0OjgwMDAvaW1nL2Y0YzA5ZWJjLWQ1ODUtNGIyNy04YmFhLTgxNTBmZGZiZmFkMS96MnkwdmpicXN0ajk4MWlhLWRhbGxlMjAyNC0xMi0wMjE5LTQ5LTA0LWFjb25jZXB0dWFsaW1hZ2VyZXByZXNlbnRpbmd0aW1lbm90YmVpbmdhbGltaXRpbmdmYWN0b3ItYXBlcnNvbnJ1bm5pbmdvbmFuaW5maW5pdGVjbG9ja2ZhY2V0aGF0YmxlbmRzaW50b3RoZWhvcml6b24tdGhlY2xvY2toLmpwZWc/Zm09anBnJnE9ODAmZml0PW1heCZjcm9wPTY1MCUyQzM1MCUyQzAlMkMwIjtzOjU6IndpZHRoIjtpOjY1MDtzOjY6ImhlaWdodCI7aTozNTA7czozOiJhbHQiO3M6MTY4OiJaMnkwdkpicXN0Sjk4MUlBIERBTEzCt0UyMDI0IDEyIDAyMTkuNDkuMDQgQWNvbmNlcHR1YWxpbWFnZXJlcHJlc2VudGluZ3RpbWVub3RiZWluZ2FsaW1pdGluZ2ZhY3RvciBhcGVyc29ucnVubmluZ29uYW5pbmZpbml0ZWNsb2NrZmFjZXRoYXRibGVuZHNpbnRvdGhlaG9yaXpvbi5UaGVjbG9ja2giO3M6NzoiY2FwdGlvbiI7czowOiIiO3M6NToidmlkZW8iO3M6MDoiIjt9fX19aToxO2E6NTp7czoxMToiZWRpdG9yX25hbWUiO3M6NzoiZGVmYXVsdCI7czo4OiJwb3NpdGlvbiI7aToyO3M6NDoidHlwZSI7czoyMjoiZHluYW1pYy1yZXBlYXRlci1jYXJkcyI7czo3OiJjb250ZW50IjthOjI6e3M6NzoiaGVhZGluZyI7czoxNzoiTG9jYXRpb24gTm8gTGltaXQiO3M6NzoiZGV0YWlscyI7czozODM6Ik5vIExpbWl0cyBpcyBjbG9zZXIgdGhhbiB5b3UgdGhpbmshIE91ciBtYWluIGJyYW5jaCBpcyBjb252ZW5pZW50bHkgbG9jYXRlZCBpbiBCZWF2ZXJkYW0sIFZBLCBhbmQgd2XigJlyZSBwcm91ZCB0byBoYXZlIGEgc2F0ZWxsaXRlIGxvY2F0aW9uIGF0IFJleW5vbGRzIENvbW11bml0eSBDb2xsZWdlLiBMb29raW5nIGZvciBzb21ldGhpbmcgZXZlbiBjbG9zZXI/IFdl4oCZcmUgb3BlbiB0byBleHBhbmRpbmcgaW50byBuZXcgbmVpZ2hib3Job29kcywgb3JnYW5pemF0aW9ucywgb3IgYnVzaW5lc3Nlcy4gSWYgeW914oCZZCBsaWtlIHRvIHNlZSBObyBMaW1pdHMgaW4geW91ciBhcmVhLCBsZXTigJlzIHRhbGsg4oCUIHRvZ2V0aGVyLCB3ZSBjYW4gbWFrZSBpdCBoYXBwZW4uIjt9czo2OiJtZWRpYXMiO2E6MTp7czo1OiJpbWFnZSI7YToxOntzOjc6ImRlZmF1bHQiO2E6Njp7czozOiJzcmMiO3M6Mjc4OiJodHRwOi8vbG9jYWxob3N0OjgwMDAvaW1nLzUzMTJhNGY4LWY0ZTktNGVmYy04MDNkLTg2NDg5OTIxMzIwZi96MnkwenpicXN0ajk4MWljLWRhbGxlMjAyNC0xMi0wMjE5LTUyLTA5LWFjb25jZXB0dWFsaW1hZ2VyZXByZXNlbnRpbmdsb2NhdGlvbm5vdGJlaW5nYWxpbWl0aW5nZmFjdG9yLWFwZXJzb25zdGFuZGluZ2ludGhlY2VudGVyb2ZhZ2xvd2luZ3dvcmxkbWFwd2l0aHZpYnJhbnRjb25uZWN0aW9ucy5qcGVnP2ZtPWpwZyZxPTgwJmZpdD1tYXgmY3JvcD02NTklMkMzNTAlMkMwJTJDMCI7czo1OiJ3aWR0aCI7aTo2NTk7czo2OiJoZWlnaHQiO2k6MzUwO3M6MzoiYWx0IjtzOjE3MDoiWjJ5MHpaYnFzdEo5ODFJQyBEQUxMwrdFMjAyNCAxMiAwMjE5LjUyLjA5IEFjb25jZXB0dWFsaW1hZ2VyZXByZXNlbnRpbmdsb2NhdGlvbm5vdGJlaW5nYWxpbWl0aW5nZmFjdG9yIGFwZXJzb25zdGFuZGluZ2ludGhlY2VudGVyb2ZhZ2xvd2luZ3dvcmxkbWFwLHdpdGh2aWJyYW50Y29ubmVjdGlvbnMiO3M6NzoiY2FwdGlvbiI7czowOiIiO3M6NToidmlkZW8iO3M6MDoiIjt9fX19aToyO2E6NTp7czoxMToiZWRpdG9yX25hbWUiO3M6NzoiZGVmYXVsdCI7czo4OiJwb3NpdGlvbiI7aTozO3M6NDoidHlwZSI7czoyMjoiZHluYW1pYy1yZXBlYXRlci1jYXJkcyI7czo3OiJjb250ZW50IjthOjI6e3M6NzoiaGVhZGluZyI7czoxNjoiQWJpbGl0eSBObyBMaW1pdCI7czo3OiJkZXRhaWxzIjtzOjQwMToiQXQgTm8gTGltaXRzIE1hcnRpYWwgQXJ0cyBhbmQgRml0bmVzcywgeW91ciBzdGFydGluZyBwb2ludCBpcyBqdXN0IHRoZSBiZWdpbm5pbmcuIEZyb20gc2Vhc29uZWQgYXRobGV0ZXMgc2Vla2luZyB0byByZWZpbmUgdGhlaXIgc2tpbGxzIHRvIGJlZ2lubmVycyB0YWtpbmcgdGhlaXIgZmlyc3Qgc3RlcHMgdG93YXJkIGZpdG5lc3MsIHdl4oCZcmUgaGVyZSB0byBndWlkZSB5b3UuIE91ciBjdXN0b21pemVkIHBsYW5zIG1lZXQgeW91IHdoZXJlIHlvdSBhcmUsIGJ1aWxkaW5nIGNvbmZpZGVuY2UsIHN0cmVuZ3RoLCBhbmQgYWdpbGl0eSBhdCB5b3VyIHBhY2UuIFdoYXRldmVyIHlvdXIgYWJpbGl0eSwgd2XigJlsbCBoZWxwIHlvdSBhY2hpZXZlIHlvdXIgZ29hbHMg4oCUIG5vIGxpbWl0cyByZXF1aXJlZC4iO31zOjY6Im1lZGlhcyI7YToxOntzOjU6ImltYWdlIjthOjE6e3M6NzoiZGVmYXVsdCI7YTo2OntzOjM6InNyYyI7czoyODM6Imh0dHA6Ly9sb2NhbGhvc3Q6ODAwMC9pbWcvMDY3YTUyMWEtYTlhMS00NzI5LWI0NWYtNDVmNjVkYmI2N2ExL3oyeTFpNWJxc3RqOTgxaWUtZGFsbGUyMDI0LTEyLTEzMjMtMzktNDgtYWR5bmFtaWNhbmRtb3RpdmF0aW9uYWxpbGx1c3RyYXRpb25lbXBoYXNpemluZ3RoZWlkZWFvZmxpbWl0bGVzc2ZpdG5lc3NvcHBvcnR1bml0aWVzaW52YXJpb3VzbG9jYXRpb25zLXRoZWltYWdlc2hvd3NkaXZlcnNlaW5kaXZpZHUuanBlZz9mbT1qcGcmcT04MCZmaXQ9bWF4JmNyb3A9NjUwJTJDMzUwJTJDMCUyQzAiO3M6NToid2lkdGgiO2k6NjUwO3M6NjoiaGVpZ2h0IjtpOjM1MDtzOjM6ImFsdCI7czoxNzQ6IloyeTFJNWJxc3RKOTgxSUUgREFMTMK3RTIwMjQgMTIgMTMyMy4zOS40OCBBZHluYW1pY2FuZG1vdGl2YXRpb25hbGlsbHVzdHJhdGlvbmVtcGhhc2l6aW5ndGhlaWRlYW9mbGltaXRsZXNzZml0bmVzc29wcG9ydHVuaXRpZXNpbnZhcmlvdXNsb2NhdGlvbnMuVGhlaW1hZ2VzaG93c2RpdmVyc2VpbmRpdmlkdSI7czo3OiJjYXB0aW9uIjtzOjA6IiI7czo1OiJ2aWRlbyI7czowOiIiO319fX19czoyODoiACoAZXNjYXBlV2hlbkNhc3RpbmdUb1N0cmluZyI7YjowO319fXM6Mjg6IgAqAGVzY2FwZVdoZW5DYXN0aW5nVG9TdHJpbmciO2I6MDt9fXM6MTE6IgAqAG9yaWdpbmFsIjthOjk6e3M6MjoiaWQiO2k6MTtzOjEwOiJkZWxldGVkX2F0IjtOO3M6MTA6ImNyZWF0ZWRfYXQiO3M6MTk6IjIwMjUtMDQtMjYgMDQ6Mjg6MTYiO3M6MTA6InVwZGF0ZWRfYXQiO3M6MTk6IjIwMjUtMDUtMTMgMDQ6MTg6MTYiO3M6OToicHVibGlzaGVkIjtpOjE7czo0OiJfbGZ0IjtpOjE7czo0OiJfcmd0IjtpOjY7czo5OiJwYXJlbnRfaWQiO047czo4OiJwb3NpdGlvbiI7aTowO31zOjEwOiIAKgBjaGFuZ2VzIjthOjA6e31zOjg6IgAqAGNhc3RzIjthOjE6e3M6MTA6ImRlbGV0ZWRfYXQiO3M6ODoiZGF0ZXRpbWUiO31zOjE3OiIAKgBjbGFzc0Nhc3RDYWNoZSI7YTowOnt9czoyMToiACoAYXR0cmlidXRlQ2FzdENhY2hlIjthOjA6e31zOjEzOiIAKgBkYXRlRm9ybWF0IjtOO3M6MTA6IgAqAGFwcGVuZHMiO2E6MDp7fXM6MTk6IgAqAGRpc3BhdGNoZXNFdmVudHMiO2E6MDp7fXM6MTQ6IgAqAG9ic2VydmFibGVzIjthOjA6e31zOjEyOiIAKgByZWxhdGlvbnMiO2E6NDp7czo1OiJzbHVncyI7TzozOToiSWxsdW1pbmF0ZVxEYXRhYmFzZVxFbG9xdWVudFxDb2xsZWN0aW9uIjoyOntzOjg6IgAqAGl0ZW1zIjthOjE6e2k6MDtPOjI1OiJBcHBcTW9kZWxzXFNsdWdzXFBhZ2VTbHVnIjozMzp7czoxMzoiACoAY29ubmVjdGlvbiI7czo2OiJzcWxpdGUiO3M6ODoiACoAdGFibGUiO3M6MTA6InBhZ2Vfc2x1Z3MiO3M6MTM6IgAqAHByaW1hcnlLZXkiO3M6MjoiaWQiO3M6MTA6IgAqAGtleVR5cGUiO3M6MzoiaW50IjtzOjEyOiJpbmNyZW1lbnRpbmciO2I6MTtzOjc6IgAqAHdpdGgiO2E6MDp7fXM6MTI6IgAqAHdpdGhDb3VudCI7YTowOnt9czoxOToicHJldmVudHNMYXp5TG9hZGluZyI7YjowO3M6MTA6IgAqAHBlclBhZ2UiO2k6MTU7czo2OiJleGlzdHMiO2I6MTtzOjE4OiJ3YXNSZWNlbnRseUNyZWF0ZWQiO2I6MDtzOjI4OiIAKgBlc2NhcGVXaGVuQ2FzdGluZ1RvU3RyaW5nIjtiOjA7czoxMzoiACoAYXR0cmlidXRlcyI7YTo4OntzOjI6ImlkIjtpOjE7czo3OiJwYWdlX2lkIjtpOjE7czoxMDoiZGVsZXRlZF9hdCI7TjtzOjEwOiJjcmVhdGVkX2F0IjtzOjE5OiIyMDI1LTA0LTI2IDA0OjI4OjE2IjtzOjEwOiJ1cGRhdGVkX2F0IjtzOjE5OiIyMDI1LTA1LTEzIDA0OjE4OjE2IjtzOjQ6InNsdWciO3M6NToiYWJvdXQiO3M6NjoibG9jYWxlIjtzOjI6ImVuIjtzOjY6ImFjdGl2ZSI7aToxO31zOjExOiIAKgBvcmlnaW5hbCI7YTo4OntzOjI6ImlkIjtpOjE7czo3OiJwYWdlX2lkIjtpOjE7czoxMDoiZGVsZXRlZF9hdCI7TjtzOjEwOiJjcmVhdGVkX2F0IjtzOjE5OiIyMDI1LTA0LTI2IDA0OjI4OjE2IjtzOjEwOiJ1cGRhdGVkX2F0IjtzOjE5OiIyMDI1LTA1LTEzIDA0OjE4OjE2IjtzOjQ6InNsdWciO3M6NToiYWJvdXQiO3M6NjoibG9jYWxlIjtzOjI6ImVuIjtzOjY6ImFjdGl2ZSI7aToxO31zOjEwOiIAKgBjaGFuZ2VzIjthOjA6e31zOjg6IgAqAGNhc3RzIjthOjE6e3M6MTA6ImRlbGV0ZWRfYXQiO3M6ODoiZGF0ZXRpbWUiO31zOjE3OiIAKgBjbGFzc0Nhc3RDYWNoZSI7YTowOnt9czoyMToiACoAYXR0cmlidXRlQ2FzdENhY2hlIjthOjA6e31zOjEzOiIAKgBkYXRlRm9ybWF0IjtOO3M6MTA6IgAqAGFwcGVuZHMiO2E6MDp7fXM6MTk6IgAqAGRpc3BhdGNoZXNFdmVudHMiO2E6MDp7fXM6MTQ6IgAqAG9ic2VydmFibGVzIjthOjA6e31zOjEyOiIAKgByZWxhdGlvbnMiO2E6MDp7fXM6MTA6IgAqAHRvdWNoZXMiO2E6MDp7fXM6MTA6InRpbWVzdGFtcHMiO2I6MTtzOjEzOiJ1c2VzVW5pcXVlSWRzIjtiOjA7czo5OiIAKgBoaWRkZW4iO2E6MDp7fXM6MTA6IgAqAHZpc2libGUiO2E6MDp7fXM6MTE6IgAqAGZpbGxhYmxlIjthOjA6e31zOjEwOiIAKgBndWFyZGVkIjthOjE6e2k6MDtzOjE6IioiO31zOjIwOiIAKgBwcmVzZW50ZXJJbnN0YW5jZSI7TjtzOjE2OiIAKgBmb3JjZURlbGV0aW5nIjtiOjA7czoyMDoidHJhbnNsYXRlZEF0dHJpYnV0ZXMiO2E6MDp7fX19czoyODoiACoAZXNjYXBlV2hlbkNhc3RpbmdUb1N0cmluZyI7YjowO31zOjY6InBhcmVudCI7TjtzOjEyOiJ0cmFuc2xhdGlvbnMiO086Mzk6IklsbHVtaW5hdGVcRGF0YWJhc2VcRWxvcXVlbnRcQ29sbGVjdGlvbiI6Mjp7czo4OiIAKgBpdGVtcyI7YToxOntpOjA7TzozOToiQXBwXE1vZGVsc1xUcmFuc2xhdGlvbnNcUGFnZVRyYW5zbGF0aW9uIjozNDp7czoxMzoiACoAY29ubmVjdGlvbiI7czo2OiJzcWxpdGUiO3M6ODoiACoAdGFibGUiO3M6MTc6InBhZ2VfdHJhbnNsYXRpb25zIjtzOjEzOiIAKgBwcmltYXJ5S2V5IjtzOjI6ImlkIjtzOjEwOiIAKgBrZXlUeXBlIjtzOjM6ImludCI7czoxMjoiaW5jcmVtZW50aW5nIjtiOjE7czo3OiIAKgB3aXRoIjthOjA6e31zOjEyOiIAKgB3aXRoQ291bnQiO2E6MDp7fXM6MTk6InByZXZlbnRzTGF6eUxvYWRpbmciO2I6MDtzOjEwOiIAKgBwZXJQYWdlIjtpOjE1O3M6NjoiZXhpc3RzIjtiOjE7czoxODoid2FzUmVjZW50bHlDcmVhdGVkIjtiOjA7czoyODoiACoAZXNjYXBlV2hlbkNhc3RpbmdUb1N0cmluZyI7YjowO3M6MTM6IgAqAGF0dHJpYnV0ZXMiO2E6MTA6e3M6MjoiaWQiO2k6MTtzOjc6InBhZ2VfaWQiO2k6MTtzOjEwOiJkZWxldGVkX2F0IjtOO3M6MTA6ImNyZWF0ZWRfYXQiO3M6MTk6IjIwMjUtMDQtMjYgMDQ6Mjg6MTYiO3M6MTA6InVwZGF0ZWRfYXQiO3M6MTk6IjIwMjUtMDUtMTIgMjM6NTU6MzIiO3M6NjoibG9jYWxlIjtzOjI6ImVuIjtzOjY6ImFjdGl2ZSI7aToxO3M6NToidGl0bGUiO3M6NToiQWJvdXQiO3M6MTA6Im1ldGFfdGl0bGUiO047czoxNjoibWV0YV9kZXNjcmlwdGlvbiI7Tjt9czoxMToiACoAb3JpZ2luYWwiO2E6MTA6e3M6MjoiaWQiO2k6MTtzOjc6InBhZ2VfaWQiO2k6MTtzOjEwOiJkZWxldGVkX2F0IjtOO3M6MTA6ImNyZWF0ZWRfYXQiO3M6MTk6IjIwMjUtMDQtMjYgMDQ6Mjg6MTYiO3M6MTA6InVwZGF0ZWRfYXQiO3M6MTk6IjIwMjUtMDUtMTIgMjM6NTU6MzIiO3M6NjoibG9jYWxlIjtzOjI6ImVuIjtzOjY6ImFjdGl2ZSI7aToxO3M6NToidGl0bGUiO3M6NToiQWJvdXQiO3M6MTA6Im1ldGFfdGl0bGUiO047czoxNjoibWV0YV9kZXNjcmlwdGlvbiI7Tjt9czoxMDoiACoAY2hhbmdlcyI7YTowOnt9czo4OiIAKgBjYXN0cyI7YToxOntzOjEwOiJkZWxldGVkX2F0IjtzOjg6ImRhdGV0aW1lIjt9czoxNzoiACoAY2xhc3NDYXN0Q2FjaGUiO2E6MDp7fXM6MjE6IgAqAGF0dHJpYnV0ZUNhc3RDYWNoZSI7YTowOnt9czoxMzoiACoAZGF0ZUZvcm1hdCI7TjtzOjEwOiIAKgBhcHBlbmRzIjthOjA6e31zOjE5OiIAKgBkaXNwYXRjaGVzRXZlbnRzIjthOjA6e31zOjE0OiIAKgBvYnNlcnZhYmxlcyI7YTowOnt9czoxMjoiACoAcmVsYXRpb25zIjthOjA6e31zOjEwOiIAKgB0b3VjaGVzIjthOjA6e31zOjEwOiJ0aW1lc3RhbXBzIjtiOjE7czoxMzoidXNlc1VuaXF1ZUlkcyI7YjowO3M6OToiACoAaGlkZGVuIjthOjA6e31zOjEwOiIAKgB2aXNpYmxlIjthOjA6e31zOjExOiIAKgBmaWxsYWJsZSI7YTowOnt9czoxMDoiACoAZ3VhcmRlZCI7YToxOntpOjA7czoxOiIqIjt9czoyMDoiACoAcHJlc2VudGVySW5zdGFuY2UiO047czoxNjoiACoAZm9yY2VEZWxldGluZyI7YjowO3M6MjA6InRyYW5zbGF0ZWRBdHRyaWJ1dGVzIjthOjA6e31zOjE4OiIAKgBiYXNlTW9kdWxlTW9kZWwiO3M6MTU6IkFwcFxNb2RlbHNcUGFnZSI7fX1zOjI4OiIAKgBlc2NhcGVXaGVuQ2FzdGluZ1RvU3RyaW5nIjtiOjA7fXM6NjoibWVkaWFzIjtPOjM5OiJJbGx1bWluYXRlXERhdGFiYXNlXEVsb3F1ZW50XENvbGxlY3Rpb24iOjI6e3M6ODoiACoAaXRlbXMiO2E6MDp7fXM6Mjg6IgAqAGVzY2FwZVdoZW5DYXN0aW5nVG9TdHJpbmciO2I6MDt9fXM6MTA6IgAqAHRvdWNoZXMiO2E6MDp7fXM6MTA6InRpbWVzdGFtcHMiO2I6MTtzOjEzOiJ1c2VzVW5pcXVlSWRzIjtiOjA7czo5OiIAKgBoaWRkZW4iO2E6MDp7fXM6MTA6IgAqAHZpc2libGUiO2E6MDp7fXM6MTE6IgAqAGZpbGxhYmxlIjthOjU6e2k6MDtzOjk6InB1Ymxpc2hlZCI7aToxO3M6NToidGl0bGUiO2k6MjtzOjEwOiJtZXRhX3RpdGxlIjtpOjM7czoxNjoibWV0YV9kZXNjcmlwdGlvbiI7aTo0O3M6ODoicG9zaXRpb24iO31zOjEwOiIAKgBndWFyZGVkIjthOjE6e2k6MDtzOjE6IioiO31zOjIwOiIAKgBwcmVzZW50ZXJJbnN0YW5jZSI7TjtzOjE2OiIAKgBmb3JjZURlbGV0aW5nIjtiOjA7czoyMDoidHJhbnNsYXRlZEF0dHJpYnV0ZXMiO2E6NDp7aTowO3M6NToidGl0bGUiO2k6MTtzOjEwOiJtZXRhX3RpdGxlIjtpOjI7czoxNjoibWV0YV9kZXNjcmlwdGlvbiI7aTozO3M6NjoiYWN0aXZlIjt9czoxNDoic2x1Z0F0dHJpYnV0ZXMiO2E6MTp7aTowO3M6NToidGl0bGUiO31zOjE2OiJwdWJsaWNBdHRyaWJ1dGVzIjthOjU6e2k6MDtzOjU6InRpdGxlIjtpOjE7czoxMDoibWV0YV90aXRsZSI7aToyO3M6MTY6Im1ldGFfZGVzY3JpcHRpb24iO2k6MztzOjY6ImJsb2NrcyI7aTo0O3M6ODoicG9zaXRpb24iO31zOjE2OiIAKgBkZWZhdWx0TG9jYWxlIjtOO3M6MTM6InR3aWxsU2x1Z0RhdGEiO2E6MDp7fXM6MTc6IgAqAGNyb3BQYXJhbXNLZXlzIjthOjQ6e2k6MDtzOjY6ImNyb3BfeCI7aToxO3M6NjoiY3JvcF95IjtpOjI7czo2OiJjcm9wX3ciO2k6MztzOjY6ImNyb3BfaCI7fXM6MTA6IgAqAHBlbmRpbmciO047czo4OiIAKgBtb3ZlZCI7YjowO30=',2062891031);
INSERT INTO cache VALUES('page.en.programs','TzoxNToiQXBwXE1vZGVsc1xQYWdlIjo0MDp7czoxMzoiACoAY29ubmVjdGlvbiI7czo2OiJzcWxpdGUiO3M6ODoiACoAdGFibGUiO3M6NToicGFnZXMiO3M6MTM6IgAqAHByaW1hcnlLZXkiO3M6MjoiaWQiO3M6MTA6IgAqAGtleVR5cGUiO3M6MzoiaW50IjtzOjEyOiJpbmNyZW1lbnRpbmciO2I6MTtzOjc6IgAqAHdpdGgiO2E6MDp7fXM6MTI6IgAqAHdpdGhDb3VudCI7YTowOnt9czoxOToicHJldmVudHNMYXp5TG9hZGluZyI7YjowO3M6MTA6IgAqAHBlclBhZ2UiO2k6MTU7czo2OiJleGlzdHMiO2I6MTtzOjE4OiJ3YXNSZWNlbnRseUNyZWF0ZWQiO2I6MDtzOjI4OiIAKgBlc2NhcGVXaGVuQ2FzdGluZ1RvU3RyaW5nIjtiOjA7czoxMzoiACoAYXR0cmlidXRlcyI7YToxMDp7czoyOiJpZCI7aToyO3M6MTA6ImRlbGV0ZWRfYXQiO047czoxMDoiY3JlYXRlZF9hdCI7czoxOToiMjAyNS0wNS0wNyAwMzozMjo1NSI7czoxMDoidXBkYXRlZF9hdCI7czoxOToiMjAyNS0wNS0xNCAwMzoxODo0NiI7czo5OiJwdWJsaXNoZWQiO2k6MTtzOjQ6Il9sZnQiO2k6OTtzOjQ6Il9yZ3QiO2k6MTI7czo5OiJwYXJlbnRfaWQiO047czo4OiJwb3NpdGlvbiI7aToxO3M6NjoiYmxvY2tzIjtPOjI5OiJJbGx1bWluYXRlXFN1cHBvcnRcQ29sbGVjdGlvbiI6Mjp7czo4OiIAKgBpdGVtcyI7YToxOntpOjA7YTo1OntzOjExOiJlZGl0b3JfbmFtZSI7czo3OiJkZWZhdWx0IjtzOjg6InBvc2l0aW9uIjtpOjE7czo0OiJ0eXBlIjtzOjE0OiJjb21tb24tbGFuZGluZyI7czo3OiJjb250ZW50IjthOjE6e3M6NzoiaGVhZGluZyI7czozNToiQXJlIFlvdSBSZWFkeSB0byBTdGFydCBZb3VyIEpvdXJuZXkiO31zOjY6ImNoaWxkcyI7TzoyOToiSWxsdW1pbmF0ZVxTdXBwb3J0XENvbGxlY3Rpb24iOjI6e3M6ODoiACoAaXRlbXMiO2E6MTp7aTowO2E6NTp7czoxMToiZWRpdG9yX25hbWUiO3M6NzoiZGVmYXVsdCI7czo4OiJwb3NpdGlvbiI7aToxO3M6NDoidHlwZSI7czoyNToiZHluYW1pYy1yZXBlYXRlci1wcm9ncmFtcyI7czo3OiJjb250ZW50IjthOjM6e3M6NToidGl0bGUiO3M6OToiVGFla3dvbmRvIjtzOjc6ImRldGFpbHMiO3M6MzE6IlRoZSBLb3JlYW4gYXJ0IG9mIHNlbGYgZGVmZW5zZS4iO3M6NDoibGluayI7czoxOToiL3Byb2dyYW1zL3RhZWt3b25kbyI7fXM6NjoibWVkaWFzIjthOjE6e3M6NToiaW1hZ2UiO2E6MTp7czo3OiJkZWZhdWx0IjthOjY6e3M6Mzoic3JjIjtzOjE1MToiaHR0cDovL2xvY2FsaG9zdDo4MDAwL2ltZy9kYmE3ZTk0NS05YmFmLTQyOWQtOThiYS1jNzk3ODYwMjA0ODEvZ2VtaW5pLWdlbmVyYXRlZC1pbWFnZS1idWhnajdidWhnajdidWhnLnBuZz9mbT1qcGcmcT04MCZmaXQ9bWF4JmNyb3A9MTAyNCUyQzEwMjQlMkMwJTJDMCI7czo1OiJ3aWR0aCI7aToxMDI0O3M6NjoiaGVpZ2h0IjtpOjEwMjQ7czozOiJhbHQiO3M6Mzk6IkdlbWluaSBHZW5lcmF0ZWQgSW1hZ2UgYnVoZ2o3YnVoZ2o3YnVoZyI7czo3OiJjYXB0aW9uIjtzOjA6IiI7czo1OiJ2aWRlbyI7czowOiIiO319fX19czoyODoiACoAZXNjYXBlV2hlbkNhc3RpbmdUb1N0cmluZyI7YjowO319fXM6Mjg6IgAqAGVzY2FwZVdoZW5DYXN0aW5nVG9TdHJpbmciO2I6MDt9fXM6MTE6IgAqAG9yaWdpbmFsIjthOjk6e3M6MjoiaWQiO2k6MjtzOjEwOiJkZWxldGVkX2F0IjtOO3M6MTA6ImNyZWF0ZWRfYXQiO3M6MTk6IjIwMjUtMDUtMDcgMDM6MzI6NTUiO3M6MTA6InVwZGF0ZWRfYXQiO3M6MTk6IjIwMjUtMDUtMTQgMDM6MTg6NDYiO3M6OToicHVibGlzaGVkIjtpOjE7czo0OiJfbGZ0IjtpOjk7czo0OiJfcmd0IjtpOjEyO3M6OToicGFyZW50X2lkIjtOO3M6ODoicG9zaXRpb24iO2k6MTt9czoxMDoiACoAY2hhbmdlcyI7YTowOnt9czo4OiIAKgBjYXN0cyI7YToxOntzOjEwOiJkZWxldGVkX2F0IjtzOjg6ImRhdGV0aW1lIjt9czoxNzoiACoAY2xhc3NDYXN0Q2FjaGUiO2E6MDp7fXM6MjE6IgAqAGF0dHJpYnV0ZUNhc3RDYWNoZSI7YTowOnt9czoxMzoiACoAZGF0ZUZvcm1hdCI7TjtzOjEwOiIAKgBhcHBlbmRzIjthOjA6e31zOjE5OiIAKgBkaXNwYXRjaGVzRXZlbnRzIjthOjA6e31zOjE0OiIAKgBvYnNlcnZhYmxlcyI7YTowOnt9czoxMjoiACoAcmVsYXRpb25zIjthOjQ6e3M6NToic2x1Z3MiO086Mzk6IklsbHVtaW5hdGVcRGF0YWJhc2VcRWxvcXVlbnRcQ29sbGVjdGlvbiI6Mjp7czo4OiIAKgBpdGVtcyI7YToxOntpOjA7TzoyNToiQXBwXE1vZGVsc1xTbHVnc1xQYWdlU2x1ZyI6MzM6e3M6MTM6IgAqAGNvbm5lY3Rpb24iO3M6Njoic3FsaXRlIjtzOjg6IgAqAHRhYmxlIjtzOjEwOiJwYWdlX3NsdWdzIjtzOjEzOiIAKgBwcmltYXJ5S2V5IjtzOjI6ImlkIjtzOjEwOiIAKgBrZXlUeXBlIjtzOjM6ImludCI7czoxMjoiaW5jcmVtZW50aW5nIjtiOjE7czo3OiIAKgB3aXRoIjthOjA6e31zOjEyOiIAKgB3aXRoQ291bnQiO2E6MDp7fXM6MTk6InByZXZlbnRzTGF6eUxvYWRpbmciO2I6MDtzOjEwOiIAKgBwZXJQYWdlIjtpOjE1O3M6NjoiZXhpc3RzIjtiOjE7czoxODoid2FzUmVjZW50bHlDcmVhdGVkIjtiOjA7czoyODoiACoAZXNjYXBlV2hlbkNhc3RpbmdUb1N0cmluZyI7YjowO3M6MTM6IgAqAGF0dHJpYnV0ZXMiO2E6ODp7czoyOiJpZCI7aToyO3M6NzoicGFnZV9pZCI7aToyO3M6MTA6ImRlbGV0ZWRfYXQiO047czoxMDoiY3JlYXRlZF9hdCI7czoxOToiMjAyNS0wNS0wNyAwMzozMjo1NSI7czoxMDoidXBkYXRlZF9hdCI7czoxOToiMjAyNS0wNS0xNCAwMzoxODo0NiI7czo0OiJzbHVnIjtzOjg6InByb2dyYW1zIjtzOjY6ImxvY2FsZSI7czoyOiJlbiI7czo2OiJhY3RpdmUiO2k6MTt9czoxMToiACoAb3JpZ2luYWwiO2E6ODp7czoyOiJpZCI7aToyO3M6NzoicGFnZV9pZCI7aToyO3M6MTA6ImRlbGV0ZWRfYXQiO047czoxMDoiY3JlYXRlZF9hdCI7czoxOToiMjAyNS0wNS0wNyAwMzozMjo1NSI7czoxMDoidXBkYXRlZF9hdCI7czoxOToiMjAyNS0wNS0xNCAwMzoxODo0NiI7czo0OiJzbHVnIjtzOjg6InByb2dyYW1zIjtzOjY6ImxvY2FsZSI7czoyOiJlbiI7czo2OiJhY3RpdmUiO2k6MTt9czoxMDoiACoAY2hhbmdlcyI7YTowOnt9czo4OiIAKgBjYXN0cyI7YToxOntzOjEwOiJkZWxldGVkX2F0IjtzOjg6ImRhdGV0aW1lIjt9czoxNzoiACoAY2xhc3NDYXN0Q2FjaGUiO2E6MDp7fXM6MjE6IgAqAGF0dHJpYnV0ZUNhc3RDYWNoZSI7YTowOnt9czoxMzoiACoAZGF0ZUZvcm1hdCI7TjtzOjEwOiIAKgBhcHBlbmRzIjthOjA6e31zOjE5OiIAKgBkaXNwYXRjaGVzRXZlbnRzIjthOjA6e31zOjE0OiIAKgBvYnNlcnZhYmxlcyI7YTowOnt9czoxMjoiACoAcmVsYXRpb25zIjthOjA6e31zOjEwOiIAKgB0b3VjaGVzIjthOjA6e31zOjEwOiJ0aW1lc3RhbXBzIjtiOjE7czoxMzoidXNlc1VuaXF1ZUlkcyI7YjowO3M6OToiACoAaGlkZGVuIjthOjA6e31zOjEwOiIAKgB2aXNpYmxlIjthOjA6e31zOjExOiIAKgBmaWxsYWJsZSI7YTowOnt9czoxMDoiACoAZ3VhcmRlZCI7YToxOntpOjA7czoxOiIqIjt9czoyMDoiACoAcHJlc2VudGVySW5zdGFuY2UiO047czoxNjoiACoAZm9yY2VEZWxldGluZyI7YjowO3M6MjA6InRyYW5zbGF0ZWRBdHRyaWJ1dGVzIjthOjA6e319fXM6Mjg6IgAqAGVzY2FwZVdoZW5DYXN0aW5nVG9TdHJpbmciO2I6MDt9czo2OiJwYXJlbnQiO047czoxMjoidHJhbnNsYXRpb25zIjtPOjM5OiJJbGx1bWluYXRlXERhdGFiYXNlXEVsb3F1ZW50XENvbGxlY3Rpb24iOjI6e3M6ODoiACoAaXRlbXMiO2E6MTp7aTowO086Mzk6IkFwcFxNb2RlbHNcVHJhbnNsYXRpb25zXFBhZ2VUcmFuc2xhdGlvbiI6MzQ6e3M6MTM6IgAqAGNvbm5lY3Rpb24iO3M6Njoic3FsaXRlIjtzOjg6IgAqAHRhYmxlIjtzOjE3OiJwYWdlX3RyYW5zbGF0aW9ucyI7czoxMzoiACoAcHJpbWFyeUtleSI7czoyOiJpZCI7czoxMDoiACoAa2V5VHlwZSI7czozOiJpbnQiO3M6MTI6ImluY3JlbWVudGluZyI7YjoxO3M6NzoiACoAd2l0aCI7YTowOnt9czoxMjoiACoAd2l0aENvdW50IjthOjA6e31zOjE5OiJwcmV2ZW50c0xhenlMb2FkaW5nIjtiOjA7czoxMDoiACoAcGVyUGFnZSI7aToxNTtzOjY6ImV4aXN0cyI7YjoxO3M6MTg6Indhc1JlY2VudGx5Q3JlYXRlZCI7YjowO3M6Mjg6IgAqAGVzY2FwZVdoZW5DYXN0aW5nVG9TdHJpbmciO2I6MDtzOjEzOiIAKgBhdHRyaWJ1dGVzIjthOjEwOntzOjI6ImlkIjtpOjI7czo3OiJwYWdlX2lkIjtpOjI7czoxMDoiZGVsZXRlZF9hdCI7TjtzOjEwOiJjcmVhdGVkX2F0IjtzOjE5OiIyMDI1LTA1LTA3IDAzOjMyOjU1IjtzOjEwOiJ1cGRhdGVkX2F0IjtzOjE5OiIyMDI1LTA1LTE0IDAzOjE4OjQ2IjtzOjY6ImxvY2FsZSI7czoyOiJlbiI7czo2OiJhY3RpdmUiO2k6MTtzOjU6InRpdGxlIjtzOjg6IlByb2dyYW1zIjtzOjEwOiJtZXRhX3RpdGxlIjtzOjg6IlByb2dyYW1zIjtzOjE2OiJtZXRhX2Rlc2NyaXB0aW9uIjtOO31zOjExOiIAKgBvcmlnaW5hbCI7YToxMDp7czoyOiJpZCI7aToyO3M6NzoicGFnZV9pZCI7aToyO3M6MTA6ImRlbGV0ZWRfYXQiO047czoxMDoiY3JlYXRlZF9hdCI7czoxOToiMjAyNS0wNS0wNyAwMzozMjo1NSI7czoxMDoidXBkYXRlZF9hdCI7czoxOToiMjAyNS0wNS0xNCAwMzoxODo0NiI7czo2OiJsb2NhbGUiO3M6MjoiZW4iO3M6NjoiYWN0aXZlIjtpOjE7czo1OiJ0aXRsZSI7czo4OiJQcm9ncmFtcyI7czoxMDoibWV0YV90aXRsZSI7czo4OiJQcm9ncmFtcyI7czoxNjoibWV0YV9kZXNjcmlwdGlvbiI7Tjt9czoxMDoiACoAY2hhbmdlcyI7YTowOnt9czo4OiIAKgBjYXN0cyI7YToxOntzOjEwOiJkZWxldGVkX2F0IjtzOjg6ImRhdGV0aW1lIjt9czoxNzoiACoAY2xhc3NDYXN0Q2FjaGUiO2E6MDp7fXM6MjE6IgAqAGF0dHJpYnV0ZUNhc3RDYWNoZSI7YTowOnt9czoxMzoiACoAZGF0ZUZvcm1hdCI7TjtzOjEwOiIAKgBhcHBlbmRzIjthOjA6e31zOjE5OiIAKgBkaXNwYXRjaGVzRXZlbnRzIjthOjA6e31zOjE0OiIAKgBvYnNlcnZhYmxlcyI7YTowOnt9czoxMjoiACoAcmVsYXRpb25zIjthOjA6e31zOjEwOiIAKgB0b3VjaGVzIjthOjA6e31zOjEwOiJ0aW1lc3RhbXBzIjtiOjE7czoxMzoidXNlc1VuaXF1ZUlkcyI7YjowO3M6OToiACoAaGlkZGVuIjthOjA6e31zOjEwOiIAKgB2aXNpYmxlIjthOjA6e31zOjExOiIAKgBmaWxsYWJsZSI7YTowOnt9czoxMDoiACoAZ3VhcmRlZCI7YToxOntpOjA7czoxOiIqIjt9czoyMDoiACoAcHJlc2VudGVySW5zdGFuY2UiO047czoxNjoiACoAZm9yY2VEZWxldGluZyI7YjowO3M6MjA6InRyYW5zbGF0ZWRBdHRyaWJ1dGVzIjthOjA6e31zOjE4OiIAKgBiYXNlTW9kdWxlTW9kZWwiO3M6MTU6IkFwcFxNb2RlbHNcUGFnZSI7fX1zOjI4OiIAKgBlc2NhcGVXaGVuQ2FzdGluZ1RvU3RyaW5nIjtiOjA7fXM6NjoibWVkaWFzIjtPOjM5OiJJbGx1bWluYXRlXERhdGFiYXNlXEVsb3F1ZW50XENvbGxlY3Rpb24iOjI6e3M6ODoiACoAaXRlbXMiO2E6MDp7fXM6Mjg6IgAqAGVzY2FwZVdoZW5DYXN0aW5nVG9TdHJpbmciO2I6MDt9fXM6MTA6IgAqAHRvdWNoZXMiO2E6MDp7fXM6MTA6InRpbWVzdGFtcHMiO2I6MTtzOjEzOiJ1c2VzVW5pcXVlSWRzIjtiOjA7czo5OiIAKgBoaWRkZW4iO2E6MDp7fXM6MTA6IgAqAHZpc2libGUiO2E6MDp7fXM6MTE6IgAqAGZpbGxhYmxlIjthOjU6e2k6MDtzOjk6InB1Ymxpc2hlZCI7aToxO3M6NToidGl0bGUiO2k6MjtzOjEwOiJtZXRhX3RpdGxlIjtpOjM7czoxNjoibWV0YV9kZXNjcmlwdGlvbiI7aTo0O3M6ODoicG9zaXRpb24iO31zOjEwOiIAKgBndWFyZGVkIjthOjE6e2k6MDtzOjE6IioiO31zOjIwOiIAKgBwcmVzZW50ZXJJbnN0YW5jZSI7TjtzOjE2OiIAKgBmb3JjZURlbGV0aW5nIjtiOjA7czoyMDoidHJhbnNsYXRlZEF0dHJpYnV0ZXMiO2E6NDp7aTowO3M6NToidGl0bGUiO2k6MTtzOjEwOiJtZXRhX3RpdGxlIjtpOjI7czoxNjoibWV0YV9kZXNjcmlwdGlvbiI7aTozO3M6NjoiYWN0aXZlIjt9czoxNDoic2x1Z0F0dHJpYnV0ZXMiO2E6MTp7aTowO3M6NToidGl0bGUiO31zOjE2OiJwdWJsaWNBdHRyaWJ1dGVzIjthOjU6e2k6MDtzOjU6InRpdGxlIjtpOjE7czoxMDoibWV0YV90aXRsZSI7aToyO3M6MTY6Im1ldGFfZGVzY3JpcHRpb24iO2k6MztzOjY6ImJsb2NrcyI7aTo0O3M6ODoicG9zaXRpb24iO31zOjE2OiIAKgBkZWZhdWx0TG9jYWxlIjtOO3M6MTM6InR3aWxsU2x1Z0RhdGEiO2E6MDp7fXM6MTc6IgAqAGNyb3BQYXJhbXNLZXlzIjthOjQ6e2k6MDtzOjY6ImNyb3BfeCI7aToxO3M6NjoiY3JvcF95IjtpOjI7czo2OiJjcm9wX3ciO2k6MztzOjY6ImNyb3BfaCI7fXM6MTA6IgAqAHBlbmRpbmciO047czo4OiIAKgBtb3ZlZCI7YjowO30=',2062891033);
INSERT INTO cache VALUES('twill-manifest','a:33:{s:15:"Inter-Bold.woff";s:44:"/assets/twill/fonts/Inter-Bold.c770cfb9.woff";s:16:"Inter-Bold.woff2";s:45:"/assets/twill/fonts/Inter-Bold.17fc55dd.woff2";s:21:"Inter-BoldItalic.woff";s:50:"/assets/twill/fonts/Inter-BoldItalic.4830a219.woff";s:22:"Inter-BoldItalic.woff2";s:51:"/assets/twill/fonts/Inter-BoldItalic.3616ad4f.woff2";s:17:"Inter-Italic.woff";s:46:"/assets/twill/fonts/Inter-Italic.ec075471.woff";s:18:"Inter-Italic.woff2";s:47:"/assets/twill/fonts/Inter-Italic.3e44c6fa.woff2";s:17:"Inter-Medium.woff";s:46:"/assets/twill/fonts/Inter-Medium.cb882891.woff";s:18:"Inter-Medium.woff2";s:47:"/assets/twill/fonts/Inter-Medium.fadc0302.woff2";s:23:"Inter-MediumItalic.woff";s:52:"/assets/twill/fonts/Inter-MediumItalic.5dcf5a66.woff";s:24:"Inter-MediumItalic.woff2";s:53:"/assets/twill/fonts/Inter-MediumItalic.7cd62035.woff2";s:18:"Inter-Regular.woff";s:47:"/assets/twill/fonts/Inter-Regular.4f8a0d7b.woff";s:19:"Inter-Regular.woff2";s:48:"/assets/twill/fonts/Inter-Regular.a2b4ebbf.woff2";s:16:"chunk-common.css";s:43:"/assets/twill/css/chunk-common.eea3635b.css";s:15:"chunk-common.js";s:41:"/assets/twill/js/chunk-common.03a98958.js";s:17:"chunk-vendors.css";s:44:"/assets/twill/css/chunk-vendors.96caa2e9.css";s:16:"chunk-vendors.js";s:42:"/assets/twill/js/chunk-vendors.a20b3d59.js";s:15:"icons-files.php";s:47:"/views/partials/icons/icons-files-svg.blade.php";s:17:"icons-wysiwyg.php";s:49:"/views/partials/icons/icons-wysiwyg-svg.blade.php";s:9:"icons.php";s:41:"/views/partials/icons/icons-svg.blade.php";s:16:"main-buckets.css";s:43:"/assets/twill/css/main-buckets.bd3bf89d.css";s:17:"main-buckets.html";s:18:"/main-buckets.html";s:15:"main-buckets.js";s:41:"/assets/twill/js/main-buckets.a5ef5711.js";s:18:"main-dashboard.css";s:45:"/assets/twill/css/main-dashboard.08050331.css";s:19:"main-dashboard.html";s:20:"/main-dashboard.html";s:17:"main-dashboard.js";s:43:"/assets/twill/js/main-dashboard.a2ec0df9.js";s:13:"main-form.css";s:40:"/assets/twill/css/main-form.861de3c5.css";s:14:"main-form.html";s:15:"/main-form.html";s:12:"main-form.js";s:38:"/assets/twill/js/main-form.924688f6.js";s:14:"main-free.html";s:15:"/main-free.html";s:12:"main-free.js";s:38:"/assets/twill/js/main-free.cdce1f23.js";s:16:"main-listing.css";s:43:"/assets/twill/css/main-listing.ecd5753d.css";s:17:"main-listing.html";s:18:"/main-listing.html";s:15:"main-listing.js";s:41:"/assets/twill/js/main-listing.01ea5744.js";}',2062897637);
INSERT INTO cache VALUES('page.en..well-known/appspecific/com.chrome.devtools.json','N;',2062909609);
INSERT INTO cache VALUES('page.en.admin/news/1/edit','N;',2062900780);
INSERT INTO cache VALUES('page.en.news','N;',2062900808);
INSERT INTO cache VALUES('page.en.admin/n','N;',2062903528);
INSERT INTO cache VALUES('page.en.apple-touch-icon-precomposed.png','N;',2062935854);
INSERT INTO cache VALUES('page.en.apple-touch-icon.png','N;',2062935854);
CREATE TABLE IF NOT EXISTS "cache_locks" ("key" varchar not null, "owner" varchar not null, "expiration" integer not null, primary key ("key"));
CREATE TABLE IF NOT EXISTS "jobs" ("id" integer primary key autoincrement not null, "queue" varchar not null, "payload" text not null, "attempts" integer not null, "reserved_at" integer, "available_at" integer not null, "created_at" integer not null);
CREATE TABLE IF NOT EXISTS "job_batches" ("id" varchar not null, "name" varchar not null, "total_jobs" integer not null, "pending_jobs" integer not null, "failed_jobs" integer not null, "failed_job_ids" text not null, "options" text, "cancelled_at" integer, "created_at" integer not null, "finished_at" integer, primary key ("id"));
CREATE TABLE IF NOT EXISTS "failed_jobs" ("id" integer primary key autoincrement not null, "uuid" varchar not null, "connection" text not null, "queue" text not null, "payload" text not null, "exception" text not null, "failed_at" datetime not null default CURRENT_TIMESTAMP);
INSERT INTO failed_jobs VALUES(1,'65f8ce9b-0edb-468e-b928-a5e609c05301','database','default','{"uuid":"65f8ce9b-0edb-468e-b928-a5e609c05301","displayName":"A17\\Twill\\Jobs\\ReorderNestedModuleItems","job":"Illuminate\\Queue\\CallQueuedHandler@call","maxTries":null,"maxExceptions":null,"failOnTimeout":false,"backoff":null,"timeout":null,"retryUntil":null,"data":{"commandName":"A17\\Twill\\Jobs\\ReorderNestedModuleItems","command":"O:39:\"A17\\Twill\\Jobs\\ReorderNestedModuleItems\":12:{s:13:\"\u0000*\u0000modelClass\";s:19:\"App\\Models\\MenuLink\";s:6:\"\u0000*\u0000ids\";a:3:{i:0;a:2:{s:2:\"id\";i:1;s:8:\"children\";a:0:{}}i:1;a:2:{s:2:\"id\";i:3;s:8:\"children\";a:0:{}}i:2;a:2:{s:2:\"id\";i:2;s:8:\"children\";a:0:{}}}s:3:\"job\";N;s:10:\"connection\";N;s:5:\"queue\";s:7:\"default\";s:5:\"delay\";N;s:11:\"afterCommit\";N;s:10:\"middleware\";a:0:{}s:7:\"chained\";a:0:{}s:15:\"chainConnection\";N;s:10:\"chainQueue\";N;s:19:\"chainCatchCallbacks\";N;}"}}',replace('Error: Call to a member function isRoot() on null in /Users/dev/Desktop/nlmaf-breeze/vendor/area17/twill/src/Models/Behaviors/HasNesting.php:59\nStack trace:\n#0 /Users/dev/Desktop/nlmaf-breeze/vendor/area17/twill/src/Jobs/ReorderNestedModuleItems.php(31): App\Models\MenuLink::saveTreeFromIds(Array)\n#1 /Users/dev/Desktop/nlmaf-breeze/vendor/laravel/framework/src/Illuminate/Database/Concerns/ManagesTransactions.php(32): A17\Twill\Jobs\ReorderNestedModuleItems->{closure:A17\Twill\Jobs\ReorderNestedModuleItems::handle():30}(Object(Illuminate\Database\SQLiteConnection))\n#2 /Users/dev/Desktop/nlmaf-breeze/vendor/laravel/framework/src/Illuminate/Database/DatabaseManager.php(495): Illuminate\Database\Connection->transaction(Object(Closure), 3)\n#3 /Users/dev/Desktop/nlmaf-breeze/vendor/laravel/framework/src/Illuminate/Support/Facades/Facade.php(361): Illuminate\Database\DatabaseManager->__call(''transaction'', Array)\n#4 /Users/dev/Desktop/nlmaf-breeze/vendor/area17/twill/src/Jobs/ReorderNestedModuleItems.php(30): Illuminate\Support\Facades\Facade::__callStatic(''transaction'', Array)\n#5 /Users/dev/Desktop/nlmaf-breeze/vendor/laravel/framework/src/Illuminate/Container/BoundMethod.php(36): A17\Twill\Jobs\ReorderNestedModuleItems->handle()\n#6 /Users/dev/Desktop/nlmaf-breeze/vendor/laravel/framework/src/Illuminate/Container/Util.php(43): Illuminate\Container\BoundMethod::{closure:Illuminate\Container\BoundMethod::call():35}()\n#7 /Users/dev/Desktop/nlmaf-breeze/vendor/laravel/framework/src/Illuminate/Container/BoundMethod.php(95): Illuminate\Container\Util::unwrapIfClosure(Object(Closure))\n#8 /Users/dev/Desktop/nlmaf-breeze/vendor/laravel/framework/src/Illuminate/Container/BoundMethod.php(35): Illuminate\Container\BoundMethod::callBoundMethod(Object(Illuminate\Foundation\Application), Array, Object(Closure))\n#9 /Users/dev/Desktop/nlmaf-breeze/vendor/laravel/framework/src/Illuminate/Container/Container.php(696): Illuminate\Container\BoundMethod::call(Object(Illuminate\Foundation\Application), Array, Array, NULL)\n#10 /Users/dev/Desktop/nlmaf-breeze/vendor/laravel/framework/src/Illuminate/Bus/Dispatcher.php(126): Illuminate\Container\Container->call(Array)\n#11 /Users/dev/Desktop/nlmaf-breeze/vendor/laravel/framework/src/Illuminate/Pipeline/Pipeline.php(170): Illuminate\Bus\Dispatcher->{closure:Illuminate\Bus\Dispatcher::dispatchNow():123}(Object(A17\Twill\Jobs\ReorderNestedModuleItems))\n#12 /Users/dev/Desktop/nlmaf-breeze/vendor/laravel/framework/src/Illuminate/Pipeline/Pipeline.php(127): Illuminate\Pipeline\Pipeline->{closure:Illuminate\Pipeline\Pipeline::prepareDestination():168}(Object(A17\Twill\Jobs\ReorderNestedModuleItems))\n#13 /Users/dev/Desktop/nlmaf-breeze/vendor/laravel/framework/src/Illuminate/Bus/Dispatcher.php(130): Illuminate\Pipeline\Pipeline->then(Object(Closure))\n#14 /Users/dev/Desktop/nlmaf-breeze/vendor/laravel/framework/src/Illuminate/Queue/CallQueuedHandler.php(126): Illuminate\Bus\Dispatcher->dispatchNow(Object(A17\Twill\Jobs\ReorderNestedModuleItems), false)\n#15 /Users/dev/Desktop/nlmaf-breeze/vendor/laravel/framework/src/Illuminate/Pipeline/Pipeline.php(170): Illuminate\Queue\CallQueuedHandler->{closure:Illuminate\Queue\CallQueuedHandler::dispatchThroughMiddleware():121}(Object(A17\Twill\Jobs\ReorderNestedModuleItems))\n#16 /Users/dev/Desktop/nlmaf-breeze/vendor/laravel/framework/src/Illuminate/Pipeline/Pipeline.php(127): Illuminate\Pipeline\Pipeline->{closure:Illuminate\Pipeline\Pipeline::prepareDestination():168}(Object(A17\Twill\Jobs\ReorderNestedModuleItems))\n#17 /Users/dev/Desktop/nlmaf-breeze/vendor/laravel/framework/src/Illuminate/Queue/CallQueuedHandler.php(121): Illuminate\Pipeline\Pipeline->then(Object(Closure))\n#18 /Users/dev/Desktop/nlmaf-breeze/vendor/laravel/framework/src/Illuminate/Queue/CallQueuedHandler.php(69): Illuminate\Queue\CallQueuedHandler->dispatchThroughMiddleware(Object(Illuminate\Queue\Jobs\DatabaseJob), Object(A17\Twill\Jobs\ReorderNestedModuleItems))\n#19 /Users/dev/Desktop/nlmaf-breeze/vendor/laravel/framework/src/Illuminate/Queue/Jobs/Job.php(102): Illuminate\Queue\CallQueuedHandler->call(Object(Illuminate\Queue\Jobs\DatabaseJob), Array)\n#20 /Users/dev/Desktop/nlmaf-breeze/vendor/laravel/framework/src/Illuminate/Queue/Worker.php(442): Illuminate\Queue\Jobs\Job->fire()\n#21 /Users/dev/Desktop/nlmaf-breeze/vendor/laravel/framework/src/Illuminate/Queue/Worker.php(392): Illuminate\Queue\Worker->process(''database'', Object(Illuminate\Queue\Jobs\DatabaseJob), Object(Illuminate\Queue\WorkerOptions))\n#22 /Users/dev/Desktop/nlmaf-breeze/vendor/laravel/framework/src/Illuminate/Queue/Worker.php(178): Illuminate\Queue\Worker->runJob(Object(Illuminate\Queue\Jobs\DatabaseJob), ''database'', Object(Illuminate\Queue\WorkerOptions))\n#23 /Users/dev/Desktop/nlmaf-breeze/vendor/laravel/framework/src/Illuminate/Queue/Console/WorkCommand.php(149): Illuminate\Queue\Worker->daemon(''database'', ''default'', Object(Illuminate\Queue\WorkerOptions))\n#24 /Users/dev/Desktop/nlmaf-breeze/vendor/laravel/framework/src/Illuminate/Queue/Console/WorkCommand.php(132): Illuminate\Queue\Console\WorkCommand->runWorker(''database'', ''default'')\n#25 /Users/dev/Desktop/nlmaf-breeze/vendor/laravel/framework/src/Illuminate/Container/BoundMethod.php(36): Illuminate\Queue\Console\WorkCommand->handle()\n#26 /Users/dev/Desktop/nlmaf-breeze/vendor/laravel/framework/src/Illuminate/Container/Util.php(43): Illuminate\Container\BoundMethod::{closure:Illuminate\Container\BoundMethod::call():35}()\n#27 /Users/dev/Desktop/nlmaf-breeze/vendor/laravel/framework/src/Illuminate/Container/BoundMethod.php(95): Illuminate\Container\Util::unwrapIfClosure(Object(Closure))\n#28 /Users/dev/Desktop/nlmaf-breeze/vendor/laravel/framework/src/Illuminate/Container/BoundMethod.php(35): Illuminate\Container\BoundMethod::callBoundMethod(Object(Illuminate\Foundation\Application), Array, Object(Closure))\n#29 /Users/dev/Desktop/nlmaf-breeze/vendor/laravel/framework/src/Illuminate/Container/Container.php(696): Illuminate\Container\BoundMethod::call(Object(Illuminate\Foundation\Application), Array, Array, NULL)\n#30 /Users/dev/Desktop/nlmaf-breeze/vendor/laravel/framework/src/Illuminate/Console/Command.php(213): Illuminate\Container\Container->call(Array)\n#31 /Users/dev/Desktop/nlmaf-breeze/vendor/symfony/console/Command/Command.php(279): Illuminate\Console\Command->execute(Object(Symfony\Component\Console\Input\ArgvInput), Object(Illuminate\Console\OutputStyle))\n#32 /Users/dev/Desktop/nlmaf-breeze/vendor/laravel/framework/src/Illuminate/Console/Command.php(182): Symfony\Component\Console\Command\Command->run(Object(Symfony\Component\Console\Input\ArgvInput), Object(Illuminate\Console\OutputStyle))\n#33 /Users/dev/Desktop/nlmaf-breeze/vendor/symfony/console/Application.php(1094): Illuminate\Console\Command->run(Object(Symfony\Component\Console\Input\ArgvInput), Object(Symfony\Component\Console\Output\ConsoleOutput))\n#34 /Users/dev/Desktop/nlmaf-breeze/vendor/symfony/console/Application.php(342): Symfony\Component\Console\Application->doRunCommand(Object(Illuminate\Queue\Console\WorkCommand), Object(Symfony\Component\Console\Input\ArgvInput), Object(Symfony\Component\Console\Output\ConsoleOutput))\n#35 /Users/dev/Desktop/nlmaf-breeze/vendor/symfony/console/Application.php(193): Symfony\Component\Console\Application->doRun(Object(Symfony\Component\Console\Input\ArgvInput), Object(Symfony\Component\Console\Output\ConsoleOutput))\n#36 /Users/dev/Desktop/nlmaf-breeze/vendor/laravel/framework/src/Illuminate/Foundation/Console/Kernel.php(198): Symfony\Component\Console\Application->run(Object(Symfony\Component\Console\Input\ArgvInput), Object(Symfony\Component\Console\Output\ConsoleOutput))\n#37 /Users/dev/Desktop/nlmaf-breeze/vendor/laravel/framework/src/Illuminate/Foundation/Application.php(1235): Illuminate\Foundation\Console\Kernel->handle(Object(Symfony\Component\Console\Input\ArgvInput), Object(Symfony\Component\Console\Output\ConsoleOutput))\n#38 /Users/dev/Desktop/nlmaf-breeze/artisan(13): Illuminate\Foundation\Application->handleCommand(Object(Symfony\Component\Console\Input\ArgvInput))\n#39 {main}','\n',char(10)),'2025-05-13 04:18:16');
INSERT INTO failed_jobs VALUES(2,'a10dbfe4-dfdc-4077-8116-cffe527278f8','database','default','{"uuid":"a10dbfe4-dfdc-4077-8116-cffe527278f8","displayName":"A17\\Twill\\Jobs\\ReorderNestedModuleItems","job":"Illuminate\\Queue\\CallQueuedHandler@call","maxTries":null,"maxExceptions":null,"failOnTimeout":false,"backoff":null,"timeout":null,"retryUntil":null,"data":{"commandName":"A17\\Twill\\Jobs\\ReorderNestedModuleItems","command":"O:39:\"A17\\Twill\\Jobs\\ReorderNestedModuleItems\":12:{s:13:\"\u0000*\u0000modelClass\";s:19:\"App\\Models\\MenuLink\";s:6:\"\u0000*\u0000ids\";a:2:{i:0;a:2:{s:2:\"id\";i:1;s:8:\"children\";a:1:{i:0;a:2:{s:2:\"id\";i:3;s:8:\"children\";a:0:{}}}}i:1;a:2:{s:2:\"id\";i:2;s:8:\"children\";a:0:{}}}s:3:\"job\";N;s:10:\"connection\";N;s:5:\"queue\";s:7:\"default\";s:5:\"delay\";N;s:11:\"afterCommit\";N;s:10:\"middleware\";a:0:{}s:7:\"chained\";a:0:{}s:15:\"chainConnection\";N;s:10:\"chainQueue\";N;s:19:\"chainCatchCallbacks\";N;}"}}',replace('Error: Call to a member function isRoot() on null in /Users/dev/Desktop/nlmaf-breeze/vendor/area17/twill/src/Models/Behaviors/HasNesting.php:59\nStack trace:\n#0 /Users/dev/Desktop/nlmaf-breeze/vendor/area17/twill/src/Jobs/ReorderNestedModuleItems.php(31): App\Models\MenuLink::saveTreeFromIds(Array)\n#1 /Users/dev/Desktop/nlmaf-breeze/vendor/laravel/framework/src/Illuminate/Database/Concerns/ManagesTransactions.php(32): A17\Twill\Jobs\ReorderNestedModuleItems->{closure:A17\Twill\Jobs\ReorderNestedModuleItems::handle():30}(Object(Illuminate\Database\SQLiteConnection))\n#2 /Users/dev/Desktop/nlmaf-breeze/vendor/laravel/framework/src/Illuminate/Database/DatabaseManager.php(495): Illuminate\Database\Connection->transaction(Object(Closure), 3)\n#3 /Users/dev/Desktop/nlmaf-breeze/vendor/laravel/framework/src/Illuminate/Support/Facades/Facade.php(361): Illuminate\Database\DatabaseManager->__call(''transaction'', Array)\n#4 /Users/dev/Desktop/nlmaf-breeze/vendor/area17/twill/src/Jobs/ReorderNestedModuleItems.php(30): Illuminate\Support\Facades\Facade::__callStatic(''transaction'', Array)\n#5 /Users/dev/Desktop/nlmaf-breeze/vendor/laravel/framework/src/Illuminate/Container/BoundMethod.php(36): A17\Twill\Jobs\ReorderNestedModuleItems->handle()\n#6 /Users/dev/Desktop/nlmaf-breeze/vendor/laravel/framework/src/Illuminate/Container/Util.php(43): Illuminate\Container\BoundMethod::{closure:Illuminate\Container\BoundMethod::call():35}()\n#7 /Users/dev/Desktop/nlmaf-breeze/vendor/laravel/framework/src/Illuminate/Container/BoundMethod.php(95): Illuminate\Container\Util::unwrapIfClosure(Object(Closure))\n#8 /Users/dev/Desktop/nlmaf-breeze/vendor/laravel/framework/src/Illuminate/Container/BoundMethod.php(35): Illuminate\Container\BoundMethod::callBoundMethod(Object(Illuminate\Foundation\Application), Array, Object(Closure))\n#9 /Users/dev/Desktop/nlmaf-breeze/vendor/laravel/framework/src/Illuminate/Container/Container.php(696): Illuminate\Container\BoundMethod::call(Object(Illuminate\Foundation\Application), Array, Array, NULL)\n#10 /Users/dev/Desktop/nlmaf-breeze/vendor/laravel/framework/src/Illuminate/Bus/Dispatcher.php(126): Illuminate\Container\Container->call(Array)\n#11 /Users/dev/Desktop/nlmaf-breeze/vendor/laravel/framework/src/Illuminate/Pipeline/Pipeline.php(170): Illuminate\Bus\Dispatcher->{closure:Illuminate\Bus\Dispatcher::dispatchNow():123}(Object(A17\Twill\Jobs\ReorderNestedModuleItems))\n#12 /Users/dev/Desktop/nlmaf-breeze/vendor/laravel/framework/src/Illuminate/Pipeline/Pipeline.php(127): Illuminate\Pipeline\Pipeline->{closure:Illuminate\Pipeline\Pipeline::prepareDestination():168}(Object(A17\Twill\Jobs\ReorderNestedModuleItems))\n#13 /Users/dev/Desktop/nlmaf-breeze/vendor/laravel/framework/src/Illuminate/Bus/Dispatcher.php(130): Illuminate\Pipeline\Pipeline->then(Object(Closure))\n#14 /Users/dev/Desktop/nlmaf-breeze/vendor/laravel/framework/src/Illuminate/Queue/CallQueuedHandler.php(126): Illuminate\Bus\Dispatcher->dispatchNow(Object(A17\Twill\Jobs\ReorderNestedModuleItems), false)\n#15 /Users/dev/Desktop/nlmaf-breeze/vendor/laravel/framework/src/Illuminate/Pipeline/Pipeline.php(170): Illuminate\Queue\CallQueuedHandler->{closure:Illuminate\Queue\CallQueuedHandler::dispatchThroughMiddleware():121}(Object(A17\Twill\Jobs\ReorderNestedModuleItems))\n#16 /Users/dev/Desktop/nlmaf-breeze/vendor/laravel/framework/src/Illuminate/Pipeline/Pipeline.php(127): Illuminate\Pipeline\Pipeline->{closure:Illuminate\Pipeline\Pipeline::prepareDestination():168}(Object(A17\Twill\Jobs\ReorderNestedModuleItems))\n#17 /Users/dev/Desktop/nlmaf-breeze/vendor/laravel/framework/src/Illuminate/Queue/CallQueuedHandler.php(121): Illuminate\Pipeline\Pipeline->then(Object(Closure))\n#18 /Users/dev/Desktop/nlmaf-breeze/vendor/laravel/framework/src/Illuminate/Queue/CallQueuedHandler.php(69): Illuminate\Queue\CallQueuedHandler->dispatchThroughMiddleware(Object(Illuminate\Queue\Jobs\DatabaseJob), Object(A17\Twill\Jobs\ReorderNestedModuleItems))\n#19 /Users/dev/Desktop/nlmaf-breeze/vendor/laravel/framework/src/Illuminate/Queue/Jobs/Job.php(102): Illuminate\Queue\CallQueuedHandler->call(Object(Illuminate\Queue\Jobs\DatabaseJob), Array)\n#20 /Users/dev/Desktop/nlmaf-breeze/vendor/laravel/framework/src/Illuminate/Queue/Worker.php(442): Illuminate\Queue\Jobs\Job->fire()\n#21 /Users/dev/Desktop/nlmaf-breeze/vendor/laravel/framework/src/Illuminate/Queue/Worker.php(392): Illuminate\Queue\Worker->process(''database'', Object(Illuminate\Queue\Jobs\DatabaseJob), Object(Illuminate\Queue\WorkerOptions))\n#22 /Users/dev/Desktop/nlmaf-breeze/vendor/laravel/framework/src/Illuminate/Queue/Worker.php(178): Illuminate\Queue\Worker->runJob(Object(Illuminate\Queue\Jobs\DatabaseJob), ''database'', Object(Illuminate\Queue\WorkerOptions))\n#23 /Users/dev/Desktop/nlmaf-breeze/vendor/laravel/framework/src/Illuminate/Queue/Console/WorkCommand.php(149): Illuminate\Queue\Worker->daemon(''database'', ''default'', Object(Illuminate\Queue\WorkerOptions))\n#24 /Users/dev/Desktop/nlmaf-breeze/vendor/laravel/framework/src/Illuminate/Queue/Console/WorkCommand.php(132): Illuminate\Queue\Console\WorkCommand->runWorker(''database'', ''default'')\n#25 /Users/dev/Desktop/nlmaf-breeze/vendor/laravel/framework/src/Illuminate/Container/BoundMethod.php(36): Illuminate\Queue\Console\WorkCommand->handle()\n#26 /Users/dev/Desktop/nlmaf-breeze/vendor/laravel/framework/src/Illuminate/Container/Util.php(43): Illuminate\Container\BoundMethod::{closure:Illuminate\Container\BoundMethod::call():35}()\n#27 /Users/dev/Desktop/nlmaf-breeze/vendor/laravel/framework/src/Illuminate/Container/BoundMethod.php(95): Illuminate\Container\Util::unwrapIfClosure(Object(Closure))\n#28 /Users/dev/Desktop/nlmaf-breeze/vendor/laravel/framework/src/Illuminate/Container/BoundMethod.php(35): Illuminate\Container\BoundMethod::callBoundMethod(Object(Illuminate\Foundation\Application), Array, Object(Closure))\n#29 /Users/dev/Desktop/nlmaf-breeze/vendor/laravel/framework/src/Illuminate/Container/Container.php(696): Illuminate\Container\BoundMethod::call(Object(Illuminate\Foundation\Application), Array, Array, NULL)\n#30 /Users/dev/Desktop/nlmaf-breeze/vendor/laravel/framework/src/Illuminate/Console/Command.php(213): Illuminate\Container\Container->call(Array)\n#31 /Users/dev/Desktop/nlmaf-breeze/vendor/symfony/console/Command/Command.php(279): Illuminate\Console\Command->execute(Object(Symfony\Component\Console\Input\ArgvInput), Object(Illuminate\Console\OutputStyle))\n#32 /Users/dev/Desktop/nlmaf-breeze/vendor/laravel/framework/src/Illuminate/Console/Command.php(182): Symfony\Component\Console\Command\Command->run(Object(Symfony\Component\Console\Input\ArgvInput), Object(Illuminate\Console\OutputStyle))\n#33 /Users/dev/Desktop/nlmaf-breeze/vendor/symfony/console/Application.php(1094): Illuminate\Console\Command->run(Object(Symfony\Component\Console\Input\ArgvInput), Object(Symfony\Component\Console\Output\ConsoleOutput))\n#34 /Users/dev/Desktop/nlmaf-breeze/vendor/symfony/console/Application.php(342): Symfony\Component\Console\Application->doRunCommand(Object(Illuminate\Queue\Console\WorkCommand), Object(Symfony\Component\Console\Input\ArgvInput), Object(Symfony\Component\Console\Output\ConsoleOutput))\n#35 /Users/dev/Desktop/nlmaf-breeze/vendor/symfony/console/Application.php(193): Symfony\Component\Console\Application->doRun(Object(Symfony\Component\Console\Input\ArgvInput), Object(Symfony\Component\Console\Output\ConsoleOutput))\n#36 /Users/dev/Desktop/nlmaf-breeze/vendor/laravel/framework/src/Illuminate/Foundation/Console/Kernel.php(198): Symfony\Component\Console\Application->run(Object(Symfony\Component\Console\Input\ArgvInput), Object(Symfony\Component\Console\Output\ConsoleOutput))\n#37 /Users/dev/Desktop/nlmaf-breeze/vendor/laravel/framework/src/Illuminate/Foundation/Application.php(1235): Illuminate\Foundation\Console\Kernel->handle(Object(Symfony\Component\Console\Input\ArgvInput), Object(Symfony\Component\Console\Output\ConsoleOutput))\n#38 /Users/dev/Desktop/nlmaf-breeze/artisan(13): Illuminate\Foundation\Application->handleCommand(Object(Symfony\Component\Console\Input\ArgvInput))\n#39 {main}','\n',char(10)),'2025-05-13 04:18:16');
INSERT INTO failed_jobs VALUES(3,'f6bd6364-b734-49e8-88b5-38f09e9d181f','database','default','{"uuid":"f6bd6364-b734-49e8-88b5-38f09e9d181f","displayName":"A17\\Twill\\Jobs\\ReorderNestedModuleItems","job":"Illuminate\\Queue\\CallQueuedHandler@call","maxTries":null,"maxExceptions":null,"failOnTimeout":false,"backoff":null,"timeout":null,"retryUntil":null,"data":{"commandName":"A17\\Twill\\Jobs\\ReorderNestedModuleItems","command":"O:39:\"A17\\Twill\\Jobs\\ReorderNestedModuleItems\":12:{s:13:\"\u0000*\u0000modelClass\";s:19:\"App\\Models\\MenuLink\";s:6:\"\u0000*\u0000ids\";a:2:{i:0;i:8;i:1;i:7;}s:3:\"job\";N;s:10:\"connection\";N;s:5:\"queue\";s:7:\"default\";s:5:\"delay\";N;s:11:\"afterCommit\";N;s:10:\"middleware\";a:0:{}s:7:\"chained\";a:0:{}s:15:\"chainConnection\";N;s:10:\"chainQueue\";N;s:19:\"chainCatchCallbacks\";N;}"}}',replace('ErrorException: Trying to access array offset on int in /Users/dev/Desktop/nlmaf-breeze/vendor/area17/twill/src/Models/Behaviors/HasNesting.php:78\nStack trace:\n#0 /Users/dev/Desktop/nlmaf-breeze/vendor/laravel/framework/src/Illuminate/Foundation/Bootstrap/HandleExceptions.php(256): Illuminate\Foundation\Bootstrap\HandleExceptions->handleError(2, ''Trying to acces...'', ''/Users/dev/Desk...'', 78)\n#1 /Users/dev/Desktop/nlmaf-breeze/vendor/area17/twill/src/Models/Behaviors/HasNesting.php(78): Illuminate\Foundation\Bootstrap\HandleExceptions->{closure:Illuminate\Foundation\Bootstrap\HandleExceptions::forwardsTo():255}(2, ''Trying to acces...'', ''/Users/dev/Desk...'', 78)\n#2 /Users/dev/Desktop/nlmaf-breeze/vendor/area17/twill/src/Models/Behaviors/HasNesting.php(53): App\Models\MenuLink::flattenTree(Array)\n#3 /Users/dev/Desktop/nlmaf-breeze/vendor/area17/twill/src/Jobs/ReorderNestedModuleItems.php(31): App\Models\MenuLink::saveTreeFromIds(Array)\n#4 /Users/dev/Desktop/nlmaf-breeze/vendor/laravel/framework/src/Illuminate/Database/Concerns/ManagesTransactions.php(32): A17\Twill\Jobs\ReorderNestedModuleItems->{closure:A17\Twill\Jobs\ReorderNestedModuleItems::handle():30}(Object(Illuminate\Database\SQLiteConnection))\n#5 /Users/dev/Desktop/nlmaf-breeze/vendor/laravel/framework/src/Illuminate/Database/DatabaseManager.php(495): Illuminate\Database\Connection->transaction(Object(Closure), 3)\n#6 /Users/dev/Desktop/nlmaf-breeze/vendor/laravel/framework/src/Illuminate/Support/Facades/Facade.php(361): Illuminate\Database\DatabaseManager->__call(''transaction'', Array)\n#7 /Users/dev/Desktop/nlmaf-breeze/vendor/area17/twill/src/Jobs/ReorderNestedModuleItems.php(30): Illuminate\Support\Facades\Facade::__callStatic(''transaction'', Array)\n#8 /Users/dev/Desktop/nlmaf-breeze/vendor/laravel/framework/src/Illuminate/Container/BoundMethod.php(36): A17\Twill\Jobs\ReorderNestedModuleItems->handle()\n#9 /Users/dev/Desktop/nlmaf-breeze/vendor/laravel/framework/src/Illuminate/Container/Util.php(43): Illuminate\Container\BoundMethod::{closure:Illuminate\Container\BoundMethod::call():35}()\n#10 /Users/dev/Desktop/nlmaf-breeze/vendor/laravel/framework/src/Illuminate/Container/BoundMethod.php(95): Illuminate\Container\Util::unwrapIfClosure(Object(Closure))\n#11 /Users/dev/Desktop/nlmaf-breeze/vendor/laravel/framework/src/Illuminate/Container/BoundMethod.php(35): Illuminate\Container\BoundMethod::callBoundMethod(Object(Illuminate\Foundation\Application), Array, Object(Closure))\n#12 /Users/dev/Desktop/nlmaf-breeze/vendor/laravel/framework/src/Illuminate/Container/Container.php(696): Illuminate\Container\BoundMethod::call(Object(Illuminate\Foundation\Application), Array, Array, NULL)\n#13 /Users/dev/Desktop/nlmaf-breeze/vendor/laravel/framework/src/Illuminate/Bus/Dispatcher.php(126): Illuminate\Container\Container->call(Array)\n#14 /Users/dev/Desktop/nlmaf-breeze/vendor/laravel/framework/src/Illuminate/Pipeline/Pipeline.php(170): Illuminate\Bus\Dispatcher->{closure:Illuminate\Bus\Dispatcher::dispatchNow():123}(Object(A17\Twill\Jobs\ReorderNestedModuleItems))\n#15 /Users/dev/Desktop/nlmaf-breeze/vendor/laravel/framework/src/Illuminate/Pipeline/Pipeline.php(127): Illuminate\Pipeline\Pipeline->{closure:Illuminate\Pipeline\Pipeline::prepareDestination():168}(Object(A17\Twill\Jobs\ReorderNestedModuleItems))\n#16 /Users/dev/Desktop/nlmaf-breeze/vendor/laravel/framework/src/Illuminate/Bus/Dispatcher.php(130): Illuminate\Pipeline\Pipeline->then(Object(Closure))\n#17 /Users/dev/Desktop/nlmaf-breeze/vendor/laravel/framework/src/Illuminate/Queue/CallQueuedHandler.php(126): Illuminate\Bus\Dispatcher->dispatchNow(Object(A17\Twill\Jobs\ReorderNestedModuleItems), false)\n#18 /Users/dev/Desktop/nlmaf-breeze/vendor/laravel/framework/src/Illuminate/Pipeline/Pipeline.php(170): Illuminate\Queue\CallQueuedHandler->{closure:Illuminate\Queue\CallQueuedHandler::dispatchThroughMiddleware():121}(Object(A17\Twill\Jobs\ReorderNestedModuleItems))\n#19 /Users/dev/Desktop/nlmaf-breeze/vendor/laravel/framework/src/Illuminate/Pipeline/Pipeline.php(127): Illuminate\Pipeline\Pipeline->{closure:Illuminate\Pipeline\Pipeline::prepareDestination():168}(Object(A17\Twill\Jobs\ReorderNestedModuleItems))\n#20 /Users/dev/Desktop/nlmaf-breeze/vendor/laravel/framework/src/Illuminate/Queue/CallQueuedHandler.php(121): Illuminate\Pipeline\Pipeline->then(Object(Closure))\n#21 /Users/dev/Desktop/nlmaf-breeze/vendor/laravel/framework/src/Illuminate/Queue/CallQueuedHandler.php(69): Illuminate\Queue\CallQueuedHandler->dispatchThroughMiddleware(Object(Illuminate\Queue\Jobs\DatabaseJob), Object(A17\Twill\Jobs\ReorderNestedModuleItems))\n#22 /Users/dev/Desktop/nlmaf-breeze/vendor/laravel/framework/src/Illuminate/Queue/Jobs/Job.php(102): Illuminate\Queue\CallQueuedHandler->call(Object(Illuminate\Queue\Jobs\DatabaseJob), Array)\n#23 /Users/dev/Desktop/nlmaf-breeze/vendor/laravel/framework/src/Illuminate/Queue/Worker.php(442): Illuminate\Queue\Jobs\Job->fire()\n#24 /Users/dev/Desktop/nlmaf-breeze/vendor/laravel/framework/src/Illuminate/Queue/Worker.php(392): Illuminate\Queue\Worker->process(''database'', Object(Illuminate\Queue\Jobs\DatabaseJob), Object(Illuminate\Queue\WorkerOptions))\n#25 /Users/dev/Desktop/nlmaf-breeze/vendor/laravel/framework/src/Illuminate/Queue/Worker.php(178): Illuminate\Queue\Worker->runJob(Object(Illuminate\Queue\Jobs\DatabaseJob), ''database'', Object(Illuminate\Queue\WorkerOptions))\n#26 /Users/dev/Desktop/nlmaf-breeze/vendor/laravel/framework/src/Illuminate/Queue/Console/WorkCommand.php(149): Illuminate\Queue\Worker->daemon(''database'', ''default'', Object(Illuminate\Queue\WorkerOptions))\n#27 /Users/dev/Desktop/nlmaf-breeze/vendor/laravel/framework/src/Illuminate/Queue/Console/WorkCommand.php(132): Illuminate\Queue\Console\WorkCommand->runWorker(''database'', ''default'')\n#28 /Users/dev/Desktop/nlmaf-breeze/vendor/laravel/framework/src/Illuminate/Container/BoundMethod.php(36): Illuminate\Queue\Console\WorkCommand->handle()\n#29 /Users/dev/Desktop/nlmaf-breeze/vendor/laravel/framework/src/Illuminate/Container/Util.php(43): Illuminate\Container\BoundMethod::{closure:Illuminate\Container\BoundMethod::call():35}()\n#30 /Users/dev/Desktop/nlmaf-breeze/vendor/laravel/framework/src/Illuminate/Container/BoundMethod.php(95): Illuminate\Container\Util::unwrapIfClosure(Object(Closure))\n#31 /Users/dev/Desktop/nlmaf-breeze/vendor/laravel/framework/src/Illuminate/Container/BoundMethod.php(35): Illuminate\Container\BoundMethod::callBoundMethod(Object(Illuminate\Foundation\Application), Array, Object(Closure))\n#32 /Users/dev/Desktop/nlmaf-breeze/vendor/laravel/framework/src/Illuminate/Container/Container.php(696): Illuminate\Container\BoundMethod::call(Object(Illuminate\Foundation\Application), Array, Array, NULL)\n#33 /Users/dev/Desktop/nlmaf-breeze/vendor/laravel/framework/src/Illuminate/Console/Command.php(213): Illuminate\Container\Container->call(Array)\n#34 /Users/dev/Desktop/nlmaf-breeze/vendor/symfony/console/Command/Command.php(279): Illuminate\Console\Command->execute(Object(Symfony\Component\Console\Input\ArgvInput), Object(Illuminate\Console\OutputStyle))\n#35 /Users/dev/Desktop/nlmaf-breeze/vendor/laravel/framework/src/Illuminate/Console/Command.php(182): Symfony\Component\Console\Command\Command->run(Object(Symfony\Component\Console\Input\ArgvInput), Object(Illuminate\Console\OutputStyle))\n#36 /Users/dev/Desktop/nlmaf-breeze/vendor/symfony/console/Application.php(1094): Illuminate\Console\Command->run(Object(Symfony\Component\Console\Input\ArgvInput), Object(Symfony\Component\Console\Output\ConsoleOutput))\n#37 /Users/dev/Desktop/nlmaf-breeze/vendor/symfony/console/Application.php(342): Symfony\Component\Console\Application->doRunCommand(Object(Illuminate\Queue\Console\WorkCommand), Object(Symfony\Component\Console\Input\ArgvInput), Object(Symfony\Component\Console\Output\ConsoleOutput))\n#38 /Users/dev/Desktop/nlmaf-breeze/vendor/symfony/console/Application.php(193): Symfony\Component\Console\Application->doRun(Object(Symfony\Component\Console\Input\ArgvInput), Object(Symfony\Component\Console\Output\ConsoleOutput))\n#39 /Users/dev/Desktop/nlmaf-breeze/vendor/laravel/framework/src/Illuminate/Foundation/Console/Kernel.php(198): Symfony\Component\Console\Application->run(Object(Symfony\Component\Console\Input\ArgvInput), Object(Symfony\Component\Console\Output\ConsoleOutput))\n#40 /Users/dev/Desktop/nlmaf-breeze/vendor/laravel/framework/src/Illuminate/Foundation/Application.php(1235): Illuminate\Foundation\Console\Kernel->handle(Object(Symfony\Component\Console\Input\ArgvInput), Object(Symfony\Component\Console\Output\ConsoleOutput))\n#41 /Users/dev/Desktop/nlmaf-breeze/artisan(13): Illuminate\Foundation\Application->handleCommand(Object(Symfony\Component\Console\Input\ArgvInput))\n#42 {main}','\n',char(10)),'2025-05-13 04:18:16');
INSERT INTO failed_jobs VALUES(4,'6b035a9f-ce1f-48c0-99b2-dd7f71602a3e','database','default','{"uuid":"6b035a9f-ce1f-48c0-99b2-dd7f71602a3e","displayName":"A17\\Twill\\Jobs\\ReorderNestedModuleItems","job":"Illuminate\\Queue\\CallQueuedHandler@call","maxTries":null,"maxExceptions":null,"failOnTimeout":false,"backoff":null,"timeout":null,"retryUntil":null,"data":{"commandName":"A17\\Twill\\Jobs\\ReorderNestedModuleItems","command":"O:39:\"A17\\Twill\\Jobs\\ReorderNestedModuleItems\":12:{s:13:\"\u0000*\u0000modelClass\";s:19:\"App\\Models\\MenuLink\";s:6:\"\u0000*\u0000ids\";a:2:{i:0;i:8;i:1;i:7;}s:3:\"job\";N;s:10:\"connection\";N;s:5:\"queue\";s:7:\"default\";s:5:\"delay\";N;s:11:\"afterCommit\";N;s:10:\"middleware\";a:0:{}s:7:\"chained\";a:0:{}s:15:\"chainConnection\";N;s:10:\"chainQueue\";N;s:19:\"chainCatchCallbacks\";N;}"}}',replace('ErrorException: Trying to access array offset on int in /Users/dev/Desktop/nlmaf-breeze/vendor/area17/twill/src/Models/Behaviors/HasNesting.php:78\nStack trace:\n#0 /Users/dev/Desktop/nlmaf-breeze/vendor/laravel/framework/src/Illuminate/Foundation/Bootstrap/HandleExceptions.php(256): Illuminate\Foundation\Bootstrap\HandleExceptions->handleError(2, ''Trying to acces...'', ''/Users/dev/Desk...'', 78)\n#1 /Users/dev/Desktop/nlmaf-breeze/vendor/area17/twill/src/Models/Behaviors/HasNesting.php(78): Illuminate\Foundation\Bootstrap\HandleExceptions->{closure:Illuminate\Foundation\Bootstrap\HandleExceptions::forwardsTo():255}(2, ''Trying to acces...'', ''/Users/dev/Desk...'', 78)\n#2 /Users/dev/Desktop/nlmaf-breeze/vendor/area17/twill/src/Models/Behaviors/HasNesting.php(53): App\Models\MenuLink::flattenTree(Array)\n#3 /Users/dev/Desktop/nlmaf-breeze/vendor/area17/twill/src/Jobs/ReorderNestedModuleItems.php(31): App\Models\MenuLink::saveTreeFromIds(Array)\n#4 /Users/dev/Desktop/nlmaf-breeze/vendor/laravel/framework/src/Illuminate/Database/Concerns/ManagesTransactions.php(32): A17\Twill\Jobs\ReorderNestedModuleItems->{closure:A17\Twill\Jobs\ReorderNestedModuleItems::handle():30}(Object(Illuminate\Database\SQLiteConnection))\n#5 /Users/dev/Desktop/nlmaf-breeze/vendor/laravel/framework/src/Illuminate/Database/DatabaseManager.php(495): Illuminate\Database\Connection->transaction(Object(Closure), 3)\n#6 /Users/dev/Desktop/nlmaf-breeze/vendor/laravel/framework/src/Illuminate/Support/Facades/Facade.php(361): Illuminate\Database\DatabaseManager->__call(''transaction'', Array)\n#7 /Users/dev/Desktop/nlmaf-breeze/vendor/area17/twill/src/Jobs/ReorderNestedModuleItems.php(30): Illuminate\Support\Facades\Facade::__callStatic(''transaction'', Array)\n#8 /Users/dev/Desktop/nlmaf-breeze/vendor/laravel/framework/src/Illuminate/Container/BoundMethod.php(36): A17\Twill\Jobs\ReorderNestedModuleItems->handle()\n#9 /Users/dev/Desktop/nlmaf-breeze/vendor/laravel/framework/src/Illuminate/Container/Util.php(43): Illuminate\Container\BoundMethod::{closure:Illuminate\Container\BoundMethod::call():35}()\n#10 /Users/dev/Desktop/nlmaf-breeze/vendor/laravel/framework/src/Illuminate/Container/BoundMethod.php(95): Illuminate\Container\Util::unwrapIfClosure(Object(Closure))\n#11 /Users/dev/Desktop/nlmaf-breeze/vendor/laravel/framework/src/Illuminate/Container/BoundMethod.php(35): Illuminate\Container\BoundMethod::callBoundMethod(Object(Illuminate\Foundation\Application), Array, Object(Closure))\n#12 /Users/dev/Desktop/nlmaf-breeze/vendor/laravel/framework/src/Illuminate/Container/Container.php(696): Illuminate\Container\BoundMethod::call(Object(Illuminate\Foundation\Application), Array, Array, NULL)\n#13 /Users/dev/Desktop/nlmaf-breeze/vendor/laravel/framework/src/Illuminate/Bus/Dispatcher.php(126): Illuminate\Container\Container->call(Array)\n#14 /Users/dev/Desktop/nlmaf-breeze/vendor/laravel/framework/src/Illuminate/Pipeline/Pipeline.php(170): Illuminate\Bus\Dispatcher->{closure:Illuminate\Bus\Dispatcher::dispatchNow():123}(Object(A17\Twill\Jobs\ReorderNestedModuleItems))\n#15 /Users/dev/Desktop/nlmaf-breeze/vendor/laravel/framework/src/Illuminate/Pipeline/Pipeline.php(127): Illuminate\Pipeline\Pipeline->{closure:Illuminate\Pipeline\Pipeline::prepareDestination():168}(Object(A17\Twill\Jobs\ReorderNestedModuleItems))\n#16 /Users/dev/Desktop/nlmaf-breeze/vendor/laravel/framework/src/Illuminate/Bus/Dispatcher.php(130): Illuminate\Pipeline\Pipeline->then(Object(Closure))\n#17 /Users/dev/Desktop/nlmaf-breeze/vendor/laravel/framework/src/Illuminate/Queue/CallQueuedHandler.php(126): Illuminate\Bus\Dispatcher->dispatchNow(Object(A17\Twill\Jobs\ReorderNestedModuleItems), false)\n#18 /Users/dev/Desktop/nlmaf-breeze/vendor/laravel/framework/src/Illuminate/Pipeline/Pipeline.php(170): Illuminate\Queue\CallQueuedHandler->{closure:Illuminate\Queue\CallQueuedHandler::dispatchThroughMiddleware():121}(Object(A17\Twill\Jobs\ReorderNestedModuleItems))\n#19 /Users/dev/Desktop/nlmaf-breeze/vendor/laravel/framework/src/Illuminate/Pipeline/Pipeline.php(127): Illuminate\Pipeline\Pipeline->{closure:Illuminate\Pipeline\Pipeline::prepareDestination():168}(Object(A17\Twill\Jobs\ReorderNestedModuleItems))\n#20 /Users/dev/Desktop/nlmaf-breeze/vendor/laravel/framework/src/Illuminate/Queue/CallQueuedHandler.php(121): Illuminate\Pipeline\Pipeline->then(Object(Closure))\n#21 /Users/dev/Desktop/nlmaf-breeze/vendor/laravel/framework/src/Illuminate/Queue/CallQueuedHandler.php(69): Illuminate\Queue\CallQueuedHandler->dispatchThroughMiddleware(Object(Illuminate\Queue\Jobs\DatabaseJob), Object(A17\Twill\Jobs\ReorderNestedModuleItems))\n#22 /Users/dev/Desktop/nlmaf-breeze/vendor/laravel/framework/src/Illuminate/Queue/Jobs/Job.php(102): Illuminate\Queue\CallQueuedHandler->call(Object(Illuminate\Queue\Jobs\DatabaseJob), Array)\n#23 /Users/dev/Desktop/nlmaf-breeze/vendor/laravel/framework/src/Illuminate/Queue/Worker.php(442): Illuminate\Queue\Jobs\Job->fire()\n#24 /Users/dev/Desktop/nlmaf-breeze/vendor/laravel/framework/src/Illuminate/Queue/Worker.php(392): Illuminate\Queue\Worker->process(''database'', Object(Illuminate\Queue\Jobs\DatabaseJob), Object(Illuminate\Queue\WorkerOptions))\n#25 /Users/dev/Desktop/nlmaf-breeze/vendor/laravel/framework/src/Illuminate/Queue/Worker.php(178): Illuminate\Queue\Worker->runJob(Object(Illuminate\Queue\Jobs\DatabaseJob), ''database'', Object(Illuminate\Queue\WorkerOptions))\n#26 /Users/dev/Desktop/nlmaf-breeze/vendor/laravel/framework/src/Illuminate/Queue/Console/WorkCommand.php(149): Illuminate\Queue\Worker->daemon(''database'', ''default'', Object(Illuminate\Queue\WorkerOptions))\n#27 /Users/dev/Desktop/nlmaf-breeze/vendor/laravel/framework/src/Illuminate/Queue/Console/WorkCommand.php(132): Illuminate\Queue\Console\WorkCommand->runWorker(''database'', ''default'')\n#28 /Users/dev/Desktop/nlmaf-breeze/vendor/laravel/framework/src/Illuminate/Container/BoundMethod.php(36): Illuminate\Queue\Console\WorkCommand->handle()\n#29 /Users/dev/Desktop/nlmaf-breeze/vendor/laravel/framework/src/Illuminate/Container/Util.php(43): Illuminate\Container\BoundMethod::{closure:Illuminate\Container\BoundMethod::call():35}()\n#30 /Users/dev/Desktop/nlmaf-breeze/vendor/laravel/framework/src/Illuminate/Container/BoundMethod.php(95): Illuminate\Container\Util::unwrapIfClosure(Object(Closure))\n#31 /Users/dev/Desktop/nlmaf-breeze/vendor/laravel/framework/src/Illuminate/Container/BoundMethod.php(35): Illuminate\Container\BoundMethod::callBoundMethod(Object(Illuminate\Foundation\Application), Array, Object(Closure))\n#32 /Users/dev/Desktop/nlmaf-breeze/vendor/laravel/framework/src/Illuminate/Container/Container.php(696): Illuminate\Container\BoundMethod::call(Object(Illuminate\Foundation\Application), Array, Array, NULL)\n#33 /Users/dev/Desktop/nlmaf-breeze/vendor/laravel/framework/src/Illuminate/Console/Command.php(213): Illuminate\Container\Container->call(Array)\n#34 /Users/dev/Desktop/nlmaf-breeze/vendor/symfony/console/Command/Command.php(279): Illuminate\Console\Command->execute(Object(Symfony\Component\Console\Input\ArgvInput), Object(Illuminate\Console\OutputStyle))\n#35 /Users/dev/Desktop/nlmaf-breeze/vendor/laravel/framework/src/Illuminate/Console/Command.php(182): Symfony\Component\Console\Command\Command->run(Object(Symfony\Component\Console\Input\ArgvInput), Object(Illuminate\Console\OutputStyle))\n#36 /Users/dev/Desktop/nlmaf-breeze/vendor/symfony/console/Application.php(1094): Illuminate\Console\Command->run(Object(Symfony\Component\Console\Input\ArgvInput), Object(Symfony\Component\Console\Output\ConsoleOutput))\n#37 /Users/dev/Desktop/nlmaf-breeze/vendor/symfony/console/Application.php(342): Symfony\Component\Console\Application->doRunCommand(Object(Illuminate\Queue\Console\WorkCommand), Object(Symfony\Component\Console\Input\ArgvInput), Object(Symfony\Component\Console\Output\ConsoleOutput))\n#38 /Users/dev/Desktop/nlmaf-breeze/vendor/symfony/console/Application.php(193): Symfony\Component\Console\Application->doRun(Object(Symfony\Component\Console\Input\ArgvInput), Object(Symfony\Component\Console\Output\ConsoleOutput))\n#39 /Users/dev/Desktop/nlmaf-breeze/vendor/laravel/framework/src/Illuminate/Foundation/Console/Kernel.php(198): Symfony\Component\Console\Application->run(Object(Symfony\Component\Console\Input\ArgvInput), Object(Symfony\Component\Console\Output\ConsoleOutput))\n#40 /Users/dev/Desktop/nlmaf-breeze/vendor/laravel/framework/src/Illuminate/Foundation/Application.php(1235): Illuminate\Foundation\Console\Kernel->handle(Object(Symfony\Component\Console\Input\ArgvInput), Object(Symfony\Component\Console\Output\ConsoleOutput))\n#41 /Users/dev/Desktop/nlmaf-breeze/artisan(13): Illuminate\Foundation\Application->handleCommand(Object(Symfony\Component\Console\Input\ArgvInput))\n#42 {main}','\n',char(10)),'2025-05-13 04:18:16');
INSERT INTO failed_jobs VALUES(5,'57232b92-c1bf-42b4-9a58-fd4812fbc677','database','default','{"uuid":"57232b92-c1bf-42b4-9a58-fd4812fbc677","displayName":"A17\\Twill\\Jobs\\ReorderNestedModuleItems","job":"Illuminate\\Queue\\CallQueuedHandler@call","maxTries":null,"maxExceptions":null,"failOnTimeout":false,"backoff":null,"timeout":null,"retryUntil":null,"data":{"commandName":"A17\\Twill\\Jobs\\ReorderNestedModuleItems","command":"O:39:\"A17\\Twill\\Jobs\\ReorderNestedModuleItems\":12:{s:13:\"\u0000*\u0000modelClass\";s:19:\"App\\Models\\MenuLink\";s:6:\"\u0000*\u0000ids\";a:2:{i:0;i:3;i:1;i:2;}s:3:\"job\";N;s:10:\"connection\";N;s:5:\"queue\";s:7:\"default\";s:5:\"delay\";N;s:11:\"afterCommit\";N;s:10:\"middleware\";a:0:{}s:7:\"chained\";a:0:{}s:15:\"chainConnection\";N;s:10:\"chainQueue\";N;s:19:\"chainCatchCallbacks\";N;}"}}',replace('ErrorException: Trying to access array offset on int in /Users/dev/Desktop/nlmaf-breeze/vendor/area17/twill/src/Models/Behaviors/HasNesting.php:78\nStack trace:\n#0 /Users/dev/Desktop/nlmaf-breeze/vendor/laravel/framework/src/Illuminate/Foundation/Bootstrap/HandleExceptions.php(256): Illuminate\Foundation\Bootstrap\HandleExceptions->handleError(2, ''Trying to acces...'', ''/Users/dev/Desk...'', 78)\n#1 /Users/dev/Desktop/nlmaf-breeze/vendor/area17/twill/src/Models/Behaviors/HasNesting.php(78): Illuminate\Foundation\Bootstrap\HandleExceptions->{closure:Illuminate\Foundation\Bootstrap\HandleExceptions::forwardsTo():255}(2, ''Trying to acces...'', ''/Users/dev/Desk...'', 78)\n#2 /Users/dev/Desktop/nlmaf-breeze/vendor/area17/twill/src/Models/Behaviors/HasNesting.php(53): App\Models\MenuLink::flattenTree(Array)\n#3 /Users/dev/Desktop/nlmaf-breeze/vendor/area17/twill/src/Jobs/ReorderNestedModuleItems.php(31): App\Models\MenuLink::saveTreeFromIds(Array)\n#4 /Users/dev/Desktop/nlmaf-breeze/vendor/laravel/framework/src/Illuminate/Database/Concerns/ManagesTransactions.php(32): A17\Twill\Jobs\ReorderNestedModuleItems->{closure:A17\Twill\Jobs\ReorderNestedModuleItems::handle():30}(Object(Illuminate\Database\SQLiteConnection))\n#5 /Users/dev/Desktop/nlmaf-breeze/vendor/laravel/framework/src/Illuminate/Database/DatabaseManager.php(495): Illuminate\Database\Connection->transaction(Object(Closure), 3)\n#6 /Users/dev/Desktop/nlmaf-breeze/vendor/laravel/framework/src/Illuminate/Support/Facades/Facade.php(361): Illuminate\Database\DatabaseManager->__call(''transaction'', Array)\n#7 /Users/dev/Desktop/nlmaf-breeze/vendor/area17/twill/src/Jobs/ReorderNestedModuleItems.php(30): Illuminate\Support\Facades\Facade::__callStatic(''transaction'', Array)\n#8 /Users/dev/Desktop/nlmaf-breeze/vendor/laravel/framework/src/Illuminate/Container/BoundMethod.php(36): A17\Twill\Jobs\ReorderNestedModuleItems->handle()\n#9 /Users/dev/Desktop/nlmaf-breeze/vendor/laravel/framework/src/Illuminate/Container/Util.php(43): Illuminate\Container\BoundMethod::{closure:Illuminate\Container\BoundMethod::call():35}()\n#10 /Users/dev/Desktop/nlmaf-breeze/vendor/laravel/framework/src/Illuminate/Container/BoundMethod.php(95): Illuminate\Container\Util::unwrapIfClosure(Object(Closure))\n#11 /Users/dev/Desktop/nlmaf-breeze/vendor/laravel/framework/src/Illuminate/Container/BoundMethod.php(35): Illuminate\Container\BoundMethod::callBoundMethod(Object(Illuminate\Foundation\Application), Array, Object(Closure))\n#12 /Users/dev/Desktop/nlmaf-breeze/vendor/laravel/framework/src/Illuminate/Container/Container.php(696): Illuminate\Container\BoundMethod::call(Object(Illuminate\Foundation\Application), Array, Array, NULL)\n#13 /Users/dev/Desktop/nlmaf-breeze/vendor/laravel/framework/src/Illuminate/Bus/Dispatcher.php(126): Illuminate\Container\Container->call(Array)\n#14 /Users/dev/Desktop/nlmaf-breeze/vendor/laravel/framework/src/Illuminate/Pipeline/Pipeline.php(170): Illuminate\Bus\Dispatcher->{closure:Illuminate\Bus\Dispatcher::dispatchNow():123}(Object(A17\Twill\Jobs\ReorderNestedModuleItems))\n#15 /Users/dev/Desktop/nlmaf-breeze/vendor/laravel/framework/src/Illuminate/Pipeline/Pipeline.php(127): Illuminate\Pipeline\Pipeline->{closure:Illuminate\Pipeline\Pipeline::prepareDestination():168}(Object(A17\Twill\Jobs\ReorderNestedModuleItems))\n#16 /Users/dev/Desktop/nlmaf-breeze/vendor/laravel/framework/src/Illuminate/Bus/Dispatcher.php(130): Illuminate\Pipeline\Pipeline->then(Object(Closure))\n#17 /Users/dev/Desktop/nlmaf-breeze/vendor/laravel/framework/src/Illuminate/Queue/CallQueuedHandler.php(126): Illuminate\Bus\Dispatcher->dispatchNow(Object(A17\Twill\Jobs\ReorderNestedModuleItems), false)\n#18 /Users/dev/Desktop/nlmaf-breeze/vendor/laravel/framework/src/Illuminate/Pipeline/Pipeline.php(170): Illuminate\Queue\CallQueuedHandler->{closure:Illuminate\Queue\CallQueuedHandler::dispatchThroughMiddleware():121}(Object(A17\Twill\Jobs\ReorderNestedModuleItems))\n#19 /Users/dev/Desktop/nlmaf-breeze/vendor/laravel/framework/src/Illuminate/Pipeline/Pipeline.php(127): Illuminate\Pipeline\Pipeline->{closure:Illuminate\Pipeline\Pipeline::prepareDestination():168}(Object(A17\Twill\Jobs\ReorderNestedModuleItems))\n#20 /Users/dev/Desktop/nlmaf-breeze/vendor/laravel/framework/src/Illuminate/Queue/CallQueuedHandler.php(121): Illuminate\Pipeline\Pipeline->then(Object(Closure))\n#21 /Users/dev/Desktop/nlmaf-breeze/vendor/laravel/framework/src/Illuminate/Queue/CallQueuedHandler.php(69): Illuminate\Queue\CallQueuedHandler->dispatchThroughMiddleware(Object(Illuminate\Queue\Jobs\DatabaseJob), Object(A17\Twill\Jobs\ReorderNestedModuleItems))\n#22 /Users/dev/Desktop/nlmaf-breeze/vendor/laravel/framework/src/Illuminate/Queue/Jobs/Job.php(102): Illuminate\Queue\CallQueuedHandler->call(Object(Illuminate\Queue\Jobs\DatabaseJob), Array)\n#23 /Users/dev/Desktop/nlmaf-breeze/vendor/laravel/framework/src/Illuminate/Queue/Worker.php(442): Illuminate\Queue\Jobs\Job->fire()\n#24 /Users/dev/Desktop/nlmaf-breeze/vendor/laravel/framework/src/Illuminate/Queue/Worker.php(392): Illuminate\Queue\Worker->process(''database'', Object(Illuminate\Queue\Jobs\DatabaseJob), Object(Illuminate\Queue\WorkerOptions))\n#25 /Users/dev/Desktop/nlmaf-breeze/vendor/laravel/framework/src/Illuminate/Queue/Worker.php(178): Illuminate\Queue\Worker->runJob(Object(Illuminate\Queue\Jobs\DatabaseJob), ''database'', Object(Illuminate\Queue\WorkerOptions))\n#26 /Users/dev/Desktop/nlmaf-breeze/vendor/laravel/framework/src/Illuminate/Queue/Console/WorkCommand.php(149): Illuminate\Queue\Worker->daemon(''database'', ''default'', Object(Illuminate\Queue\WorkerOptions))\n#27 /Users/dev/Desktop/nlmaf-breeze/vendor/laravel/framework/src/Illuminate/Queue/Console/WorkCommand.php(132): Illuminate\Queue\Console\WorkCommand->runWorker(''database'', ''default'')\n#28 /Users/dev/Desktop/nlmaf-breeze/vendor/laravel/framework/src/Illuminate/Container/BoundMethod.php(36): Illuminate\Queue\Console\WorkCommand->handle()\n#29 /Users/dev/Desktop/nlmaf-breeze/vendor/laravel/framework/src/Illuminate/Container/Util.php(43): Illuminate\Container\BoundMethod::{closure:Illuminate\Container\BoundMethod::call():35}()\n#30 /Users/dev/Desktop/nlmaf-breeze/vendor/laravel/framework/src/Illuminate/Container/BoundMethod.php(95): Illuminate\Container\Util::unwrapIfClosure(Object(Closure))\n#31 /Users/dev/Desktop/nlmaf-breeze/vendor/laravel/framework/src/Illuminate/Container/BoundMethod.php(35): Illuminate\Container\BoundMethod::callBoundMethod(Object(Illuminate\Foundation\Application), Array, Object(Closure))\n#32 /Users/dev/Desktop/nlmaf-breeze/vendor/laravel/framework/src/Illuminate/Container/Container.php(696): Illuminate\Container\BoundMethod::call(Object(Illuminate\Foundation\Application), Array, Array, NULL)\n#33 /Users/dev/Desktop/nlmaf-breeze/vendor/laravel/framework/src/Illuminate/Console/Command.php(213): Illuminate\Container\Container->call(Array)\n#34 /Users/dev/Desktop/nlmaf-breeze/vendor/symfony/console/Command/Command.php(279): Illuminate\Console\Command->execute(Object(Symfony\Component\Console\Input\ArgvInput), Object(Illuminate\Console\OutputStyle))\n#35 /Users/dev/Desktop/nlmaf-breeze/vendor/laravel/framework/src/Illuminate/Console/Command.php(182): Symfony\Component\Console\Command\Command->run(Object(Symfony\Component\Console\Input\ArgvInput), Object(Illuminate\Console\OutputStyle))\n#36 /Users/dev/Desktop/nlmaf-breeze/vendor/symfony/console/Application.php(1094): Illuminate\Console\Command->run(Object(Symfony\Component\Console\Input\ArgvInput), Object(Symfony\Component\Console\Output\ConsoleOutput))\n#37 /Users/dev/Desktop/nlmaf-breeze/vendor/symfony/console/Application.php(342): Symfony\Component\Console\Application->doRunCommand(Object(Illuminate\Queue\Console\WorkCommand), Object(Symfony\Component\Console\Input\ArgvInput), Object(Symfony\Component\Console\Output\ConsoleOutput))\n#38 /Users/dev/Desktop/nlmaf-breeze/vendor/symfony/console/Application.php(193): Symfony\Component\Console\Application->doRun(Object(Symfony\Component\Console\Input\ArgvInput), Object(Symfony\Component\Console\Output\ConsoleOutput))\n#39 /Users/dev/Desktop/nlmaf-breeze/vendor/laravel/framework/src/Illuminate/Foundation/Console/Kernel.php(198): Symfony\Component\Console\Application->run(Object(Symfony\Component\Console\Input\ArgvInput), Object(Symfony\Component\Console\Output\ConsoleOutput))\n#40 /Users/dev/Desktop/nlmaf-breeze/vendor/laravel/framework/src/Illuminate/Foundation/Application.php(1235): Illuminate\Foundation\Console\Kernel->handle(Object(Symfony\Component\Console\Input\ArgvInput), Object(Symfony\Component\Console\Output\ConsoleOutput))\n#41 /Users/dev/Desktop/nlmaf-breeze/artisan(13): Illuminate\Foundation\Application->handleCommand(Object(Symfony\Component\Console\Input\ArgvInput))\n#42 {main}','\n',char(10)),'2025-05-13 04:18:16');
INSERT INTO failed_jobs VALUES(6,'81b58b84-82c2-4433-9374-f48f1f88d22f','database','default','{"uuid":"81b58b84-82c2-4433-9374-f48f1f88d22f","displayName":"A17\\Twill\\Jobs\\ReorderNestedModuleItems","job":"Illuminate\\Queue\\CallQueuedHandler@call","maxTries":null,"maxExceptions":null,"failOnTimeout":false,"backoff":null,"timeout":null,"retryUntil":null,"data":{"commandName":"A17\\Twill\\Jobs\\ReorderNestedModuleItems","command":"O:39:\"A17\\Twill\\Jobs\\ReorderNestedModuleItems\":12:{s:13:\"\u0000*\u0000modelClass\";s:15:\"App\\Models\\Page\";s:6:\"\u0000*\u0000ids\";a:3:{i:0;i:1;i:1;i:3;i:2;i:2;}s:3:\"job\";N;s:10:\"connection\";N;s:5:\"queue\";s:7:\"default\";s:5:\"delay\";N;s:11:\"afterCommit\";N;s:10:\"middleware\";a:0:{}s:7:\"chained\";a:0:{}s:15:\"chainConnection\";N;s:10:\"chainQueue\";N;s:19:\"chainCatchCallbacks\";N;}"}}',replace('ErrorException: Trying to access array offset on int in /Users/dev/Desktop/nlmaf-breeze/vendor/area17/twill/src/Models/Behaviors/HasNesting.php:78\nStack trace:\n#0 /Users/dev/Desktop/nlmaf-breeze/vendor/laravel/framework/src/Illuminate/Foundation/Bootstrap/HandleExceptions.php(256): Illuminate\Foundation\Bootstrap\HandleExceptions->handleError(2, ''Trying to acces...'', ''/Users/dev/Desk...'', 78)\n#1 /Users/dev/Desktop/nlmaf-breeze/vendor/area17/twill/src/Models/Behaviors/HasNesting.php(78): Illuminate\Foundation\Bootstrap\HandleExceptions->{closure:Illuminate\Foundation\Bootstrap\HandleExceptions::forwardsTo():255}(2, ''Trying to acces...'', ''/Users/dev/Desk...'', 78)\n#2 /Users/dev/Desktop/nlmaf-breeze/vendor/area17/twill/src/Models/Behaviors/HasNesting.php(53): App\Models\Page::flattenTree(Array)\n#3 /Users/dev/Desktop/nlmaf-breeze/vendor/area17/twill/src/Jobs/ReorderNestedModuleItems.php(31): App\Models\Page::saveTreeFromIds(Array)\n#4 /Users/dev/Desktop/nlmaf-breeze/vendor/laravel/framework/src/Illuminate/Database/Concerns/ManagesTransactions.php(32): A17\Twill\Jobs\ReorderNestedModuleItems->{closure:A17\Twill\Jobs\ReorderNestedModuleItems::handle():30}(Object(Illuminate\Database\SQLiteConnection))\n#5 /Users/dev/Desktop/nlmaf-breeze/vendor/laravel/framework/src/Illuminate/Database/DatabaseManager.php(495): Illuminate\Database\Connection->transaction(Object(Closure), 3)\n#6 /Users/dev/Desktop/nlmaf-breeze/vendor/laravel/framework/src/Illuminate/Support/Facades/Facade.php(361): Illuminate\Database\DatabaseManager->__call(''transaction'', Array)\n#7 /Users/dev/Desktop/nlmaf-breeze/vendor/area17/twill/src/Jobs/ReorderNestedModuleItems.php(30): Illuminate\Support\Facades\Facade::__callStatic(''transaction'', Array)\n#8 /Users/dev/Desktop/nlmaf-breeze/vendor/laravel/framework/src/Illuminate/Container/BoundMethod.php(36): A17\Twill\Jobs\ReorderNestedModuleItems->handle()\n#9 /Users/dev/Desktop/nlmaf-breeze/vendor/laravel/framework/src/Illuminate/Container/Util.php(43): Illuminate\Container\BoundMethod::{closure:Illuminate\Container\BoundMethod::call():35}()\n#10 /Users/dev/Desktop/nlmaf-breeze/vendor/laravel/framework/src/Illuminate/Container/BoundMethod.php(95): Illuminate\Container\Util::unwrapIfClosure(Object(Closure))\n#11 /Users/dev/Desktop/nlmaf-breeze/vendor/laravel/framework/src/Illuminate/Container/BoundMethod.php(35): Illuminate\Container\BoundMethod::callBoundMethod(Object(Illuminate\Foundation\Application), Array, Object(Closure))\n#12 /Users/dev/Desktop/nlmaf-breeze/vendor/laravel/framework/src/Illuminate/Container/Container.php(696): Illuminate\Container\BoundMethod::call(Object(Illuminate\Foundation\Application), Array, Array, NULL)\n#13 /Users/dev/Desktop/nlmaf-breeze/vendor/laravel/framework/src/Illuminate/Bus/Dispatcher.php(126): Illuminate\Container\Container->call(Array)\n#14 /Users/dev/Desktop/nlmaf-breeze/vendor/laravel/framework/src/Illuminate/Pipeline/Pipeline.php(170): Illuminate\Bus\Dispatcher->{closure:Illuminate\Bus\Dispatcher::dispatchNow():123}(Object(A17\Twill\Jobs\ReorderNestedModuleItems))\n#15 /Users/dev/Desktop/nlmaf-breeze/vendor/laravel/framework/src/Illuminate/Pipeline/Pipeline.php(127): Illuminate\Pipeline\Pipeline->{closure:Illuminate\Pipeline\Pipeline::prepareDestination():168}(Object(A17\Twill\Jobs\ReorderNestedModuleItems))\n#16 /Users/dev/Desktop/nlmaf-breeze/vendor/laravel/framework/src/Illuminate/Bus/Dispatcher.php(130): Illuminate\Pipeline\Pipeline->then(Object(Closure))\n#17 /Users/dev/Desktop/nlmaf-breeze/vendor/laravel/framework/src/Illuminate/Queue/CallQueuedHandler.php(126): Illuminate\Bus\Dispatcher->dispatchNow(Object(A17\Twill\Jobs\ReorderNestedModuleItems), false)\n#18 /Users/dev/Desktop/nlmaf-breeze/vendor/laravel/framework/src/Illuminate/Pipeline/Pipeline.php(170): Illuminate\Queue\CallQueuedHandler->{closure:Illuminate\Queue\CallQueuedHandler::dispatchThroughMiddleware():121}(Object(A17\Twill\Jobs\ReorderNestedModuleItems))\n#19 /Users/dev/Desktop/nlmaf-breeze/vendor/laravel/framework/src/Illuminate/Pipeline/Pipeline.php(127): Illuminate\Pipeline\Pipeline->{closure:Illuminate\Pipeline\Pipeline::prepareDestination():168}(Object(A17\Twill\Jobs\ReorderNestedModuleItems))\n#20 /Users/dev/Desktop/nlmaf-breeze/vendor/laravel/framework/src/Illuminate/Queue/CallQueuedHandler.php(121): Illuminate\Pipeline\Pipeline->then(Object(Closure))\n#21 /Users/dev/Desktop/nlmaf-breeze/vendor/laravel/framework/src/Illuminate/Queue/CallQueuedHandler.php(69): Illuminate\Queue\CallQueuedHandler->dispatchThroughMiddleware(Object(Illuminate\Queue\Jobs\DatabaseJob), Object(A17\Twill\Jobs\ReorderNestedModuleItems))\n#22 /Users/dev/Desktop/nlmaf-breeze/vendor/laravel/framework/src/Illuminate/Queue/Jobs/Job.php(102): Illuminate\Queue\CallQueuedHandler->call(Object(Illuminate\Queue\Jobs\DatabaseJob), Array)\n#23 /Users/dev/Desktop/nlmaf-breeze/vendor/laravel/framework/src/Illuminate/Queue/Worker.php(442): Illuminate\Queue\Jobs\Job->fire()\n#24 /Users/dev/Desktop/nlmaf-breeze/vendor/laravel/framework/src/Illuminate/Queue/Worker.php(392): Illuminate\Queue\Worker->process(''database'', Object(Illuminate\Queue\Jobs\DatabaseJob), Object(Illuminate\Queue\WorkerOptions))\n#25 /Users/dev/Desktop/nlmaf-breeze/vendor/laravel/framework/src/Illuminate/Queue/Worker.php(178): Illuminate\Queue\Worker->runJob(Object(Illuminate\Queue\Jobs\DatabaseJob), ''database'', Object(Illuminate\Queue\WorkerOptions))\n#26 /Users/dev/Desktop/nlmaf-breeze/vendor/laravel/framework/src/Illuminate/Queue/Console/WorkCommand.php(149): Illuminate\Queue\Worker->daemon(''database'', ''default'', Object(Illuminate\Queue\WorkerOptions))\n#27 /Users/dev/Desktop/nlmaf-breeze/vendor/laravel/framework/src/Illuminate/Queue/Console/WorkCommand.php(132): Illuminate\Queue\Console\WorkCommand->runWorker(''database'', ''default'')\n#28 /Users/dev/Desktop/nlmaf-breeze/vendor/laravel/framework/src/Illuminate/Container/BoundMethod.php(36): Illuminate\Queue\Console\WorkCommand->handle()\n#29 /Users/dev/Desktop/nlmaf-breeze/vendor/laravel/framework/src/Illuminate/Container/Util.php(43): Illuminate\Container\BoundMethod::{closure:Illuminate\Container\BoundMethod::call():35}()\n#30 /Users/dev/Desktop/nlmaf-breeze/vendor/laravel/framework/src/Illuminate/Container/BoundMethod.php(95): Illuminate\Container\Util::unwrapIfClosure(Object(Closure))\n#31 /Users/dev/Desktop/nlmaf-breeze/vendor/laravel/framework/src/Illuminate/Container/BoundMethod.php(35): Illuminate\Container\BoundMethod::callBoundMethod(Object(Illuminate\Foundation\Application), Array, Object(Closure))\n#32 /Users/dev/Desktop/nlmaf-breeze/vendor/laravel/framework/src/Illuminate/Container/Container.php(696): Illuminate\Container\BoundMethod::call(Object(Illuminate\Foundation\Application), Array, Array, NULL)\n#33 /Users/dev/Desktop/nlmaf-breeze/vendor/laravel/framework/src/Illuminate/Console/Command.php(213): Illuminate\Container\Container->call(Array)\n#34 /Users/dev/Desktop/nlmaf-breeze/vendor/symfony/console/Command/Command.php(279): Illuminate\Console\Command->execute(Object(Symfony\Component\Console\Input\ArgvInput), Object(Illuminate\Console\OutputStyle))\n#35 /Users/dev/Desktop/nlmaf-breeze/vendor/laravel/framework/src/Illuminate/Console/Command.php(182): Symfony\Component\Console\Command\Command->run(Object(Symfony\Component\Console\Input\ArgvInput), Object(Illuminate\Console\OutputStyle))\n#36 /Users/dev/Desktop/nlmaf-breeze/vendor/symfony/console/Application.php(1094): Illuminate\Console\Command->run(Object(Symfony\Component\Console\Input\ArgvInput), Object(Symfony\Component\Console\Output\ConsoleOutput))\n#37 /Users/dev/Desktop/nlmaf-breeze/vendor/symfony/console/Application.php(342): Symfony\Component\Console\Application->doRunCommand(Object(Illuminate\Queue\Console\WorkCommand), Object(Symfony\Component\Console\Input\ArgvInput), Object(Symfony\Component\Console\Output\ConsoleOutput))\n#38 /Users/dev/Desktop/nlmaf-breeze/vendor/symfony/console/Application.php(193): Symfony\Component\Console\Application->doRun(Object(Symfony\Component\Console\Input\ArgvInput), Object(Symfony\Component\Console\Output\ConsoleOutput))\n#39 /Users/dev/Desktop/nlmaf-breeze/vendor/laravel/framework/src/Illuminate/Foundation/Console/Kernel.php(198): Symfony\Component\Console\Application->run(Object(Symfony\Component\Console\Input\ArgvInput), Object(Symfony\Component\Console\Output\ConsoleOutput))\n#40 /Users/dev/Desktop/nlmaf-breeze/vendor/laravel/framework/src/Illuminate/Foundation/Application.php(1235): Illuminate\Foundation\Console\Kernel->handle(Object(Symfony\Component\Console\Input\ArgvInput), Object(Symfony\Component\Console\Output\ConsoleOutput))\n#41 /Users/dev/Desktop/nlmaf-breeze/artisan(13): Illuminate\Foundation\Application->handleCommand(Object(Symfony\Component\Console\Input\ArgvInput))\n#42 {main}','\n',char(10)),'2025-05-13 04:18:16');
INSERT INTO failed_jobs VALUES(7,'5b7f7e51-8a77-48cc-9d89-0d5f7ce0cf1b','database','default','{"uuid":"5b7f7e51-8a77-48cc-9d89-0d5f7ce0cf1b","displayName":"A17\\Twill\\Jobs\\ReorderNestedModuleItems","job":"Illuminate\\Queue\\CallQueuedHandler@call","maxTries":null,"maxExceptions":null,"failOnTimeout":false,"backoff":null,"timeout":null,"retryUntil":null,"data":{"commandName":"A17\\Twill\\Jobs\\ReorderNestedModuleItems","command":"O:39:\"A17\\Twill\\Jobs\\ReorderNestedModuleItems\":12:{s:13:\"\u0000*\u0000modelClass\";s:15:\"App\\Models\\Page\";s:6:\"\u0000*\u0000ids\";a:3:{i:0;i:1;i:1;i:3;i:2;i:2;}s:3:\"job\";N;s:10:\"connection\";N;s:5:\"queue\";s:7:\"default\";s:5:\"delay\";N;s:11:\"afterCommit\";N;s:10:\"middleware\";a:0:{}s:7:\"chained\";a:0:{}s:15:\"chainConnection\";N;s:10:\"chainQueue\";N;s:19:\"chainCatchCallbacks\";N;}"}}',replace('ErrorException: Trying to access array offset on int in /Users/dev/Desktop/nlmaf-breeze/vendor/area17/twill/src/Models/Behaviors/HasNesting.php:78\nStack trace:\n#0 /Users/dev/Desktop/nlmaf-breeze/vendor/laravel/framework/src/Illuminate/Foundation/Bootstrap/HandleExceptions.php(256): Illuminate\Foundation\Bootstrap\HandleExceptions->handleError(2, ''Trying to acces...'', ''/Users/dev/Desk...'', 78)\n#1 /Users/dev/Desktop/nlmaf-breeze/vendor/area17/twill/src/Models/Behaviors/HasNesting.php(78): Illuminate\Foundation\Bootstrap\HandleExceptions->{closure:Illuminate\Foundation\Bootstrap\HandleExceptions::forwardsTo():255}(2, ''Trying to acces...'', ''/Users/dev/Desk...'', 78)\n#2 /Users/dev/Desktop/nlmaf-breeze/vendor/area17/twill/src/Models/Behaviors/HasNesting.php(53): App\Models\Page::flattenTree(Array)\n#3 /Users/dev/Desktop/nlmaf-breeze/vendor/area17/twill/src/Jobs/ReorderNestedModuleItems.php(31): App\Models\Page::saveTreeFromIds(Array)\n#4 /Users/dev/Desktop/nlmaf-breeze/vendor/laravel/framework/src/Illuminate/Database/Concerns/ManagesTransactions.php(32): A17\Twill\Jobs\ReorderNestedModuleItems->{closure:A17\Twill\Jobs\ReorderNestedModuleItems::handle():30}(Object(Illuminate\Database\SQLiteConnection))\n#5 /Users/dev/Desktop/nlmaf-breeze/vendor/laravel/framework/src/Illuminate/Database/DatabaseManager.php(495): Illuminate\Database\Connection->transaction(Object(Closure), 3)\n#6 /Users/dev/Desktop/nlmaf-breeze/vendor/laravel/framework/src/Illuminate/Support/Facades/Facade.php(361): Illuminate\Database\DatabaseManager->__call(''transaction'', Array)\n#7 /Users/dev/Desktop/nlmaf-breeze/vendor/area17/twill/src/Jobs/ReorderNestedModuleItems.php(30): Illuminate\Support\Facades\Facade::__callStatic(''transaction'', Array)\n#8 /Users/dev/Desktop/nlmaf-breeze/vendor/laravel/framework/src/Illuminate/Container/BoundMethod.php(36): A17\Twill\Jobs\ReorderNestedModuleItems->handle()\n#9 /Users/dev/Desktop/nlmaf-breeze/vendor/laravel/framework/src/Illuminate/Container/Util.php(43): Illuminate\Container\BoundMethod::{closure:Illuminate\Container\BoundMethod::call():35}()\n#10 /Users/dev/Desktop/nlmaf-breeze/vendor/laravel/framework/src/Illuminate/Container/BoundMethod.php(95): Illuminate\Container\Util::unwrapIfClosure(Object(Closure))\n#11 /Users/dev/Desktop/nlmaf-breeze/vendor/laravel/framework/src/Illuminate/Container/BoundMethod.php(35): Illuminate\Container\BoundMethod::callBoundMethod(Object(Illuminate\Foundation\Application), Array, Object(Closure))\n#12 /Users/dev/Desktop/nlmaf-breeze/vendor/laravel/framework/src/Illuminate/Container/Container.php(696): Illuminate\Container\BoundMethod::call(Object(Illuminate\Foundation\Application), Array, Array, NULL)\n#13 /Users/dev/Desktop/nlmaf-breeze/vendor/laravel/framework/src/Illuminate/Bus/Dispatcher.php(126): Illuminate\Container\Container->call(Array)\n#14 /Users/dev/Desktop/nlmaf-breeze/vendor/laravel/framework/src/Illuminate/Pipeline/Pipeline.php(170): Illuminate\Bus\Dispatcher->{closure:Illuminate\Bus\Dispatcher::dispatchNow():123}(Object(A17\Twill\Jobs\ReorderNestedModuleItems))\n#15 /Users/dev/Desktop/nlmaf-breeze/vendor/laravel/framework/src/Illuminate/Pipeline/Pipeline.php(127): Illuminate\Pipeline\Pipeline->{closure:Illuminate\Pipeline\Pipeline::prepareDestination():168}(Object(A17\Twill\Jobs\ReorderNestedModuleItems))\n#16 /Users/dev/Desktop/nlmaf-breeze/vendor/laravel/framework/src/Illuminate/Bus/Dispatcher.php(130): Illuminate\Pipeline\Pipeline->then(Object(Closure))\n#17 /Users/dev/Desktop/nlmaf-breeze/vendor/laravel/framework/src/Illuminate/Queue/CallQueuedHandler.php(126): Illuminate\Bus\Dispatcher->dispatchNow(Object(A17\Twill\Jobs\ReorderNestedModuleItems), false)\n#18 /Users/dev/Desktop/nlmaf-breeze/vendor/laravel/framework/src/Illuminate/Pipeline/Pipeline.php(170): Illuminate\Queue\CallQueuedHandler->{closure:Illuminate\Queue\CallQueuedHandler::dispatchThroughMiddleware():121}(Object(A17\Twill\Jobs\ReorderNestedModuleItems))\n#19 /Users/dev/Desktop/nlmaf-breeze/vendor/laravel/framework/src/Illuminate/Pipeline/Pipeline.php(127): Illuminate\Pipeline\Pipeline->{closure:Illuminate\Pipeline\Pipeline::prepareDestination():168}(Object(A17\Twill\Jobs\ReorderNestedModuleItems))\n#20 /Users/dev/Desktop/nlmaf-breeze/vendor/laravel/framework/src/Illuminate/Queue/CallQueuedHandler.php(121): Illuminate\Pipeline\Pipeline->then(Object(Closure))\n#21 /Users/dev/Desktop/nlmaf-breeze/vendor/laravel/framework/src/Illuminate/Queue/CallQueuedHandler.php(69): Illuminate\Queue\CallQueuedHandler->dispatchThroughMiddleware(Object(Illuminate\Queue\Jobs\DatabaseJob), Object(A17\Twill\Jobs\ReorderNestedModuleItems))\n#22 /Users/dev/Desktop/nlmaf-breeze/vendor/laravel/framework/src/Illuminate/Queue/Jobs/Job.php(102): Illuminate\Queue\CallQueuedHandler->call(Object(Illuminate\Queue\Jobs\DatabaseJob), Array)\n#23 /Users/dev/Desktop/nlmaf-breeze/vendor/laravel/framework/src/Illuminate/Queue/Worker.php(442): Illuminate\Queue\Jobs\Job->fire()\n#24 /Users/dev/Desktop/nlmaf-breeze/vendor/laravel/framework/src/Illuminate/Queue/Worker.php(392): Illuminate\Queue\Worker->process(''database'', Object(Illuminate\Queue\Jobs\DatabaseJob), Object(Illuminate\Queue\WorkerOptions))\n#25 /Users/dev/Desktop/nlmaf-breeze/vendor/laravel/framework/src/Illuminate/Queue/Worker.php(178): Illuminate\Queue\Worker->runJob(Object(Illuminate\Queue\Jobs\DatabaseJob), ''database'', Object(Illuminate\Queue\WorkerOptions))\n#26 /Users/dev/Desktop/nlmaf-breeze/vendor/laravel/framework/src/Illuminate/Queue/Console/WorkCommand.php(149): Illuminate\Queue\Worker->daemon(''database'', ''default'', Object(Illuminate\Queue\WorkerOptions))\n#27 /Users/dev/Desktop/nlmaf-breeze/vendor/laravel/framework/src/Illuminate/Queue/Console/WorkCommand.php(132): Illuminate\Queue\Console\WorkCommand->runWorker(''database'', ''default'')\n#28 /Users/dev/Desktop/nlmaf-breeze/vendor/laravel/framework/src/Illuminate/Container/BoundMethod.php(36): Illuminate\Queue\Console\WorkCommand->handle()\n#29 /Users/dev/Desktop/nlmaf-breeze/vendor/laravel/framework/src/Illuminate/Container/Util.php(43): Illuminate\Container\BoundMethod::{closure:Illuminate\Container\BoundMethod::call():35}()\n#30 /Users/dev/Desktop/nlmaf-breeze/vendor/laravel/framework/src/Illuminate/Container/BoundMethod.php(95): Illuminate\Container\Util::unwrapIfClosure(Object(Closure))\n#31 /Users/dev/Desktop/nlmaf-breeze/vendor/laravel/framework/src/Illuminate/Container/BoundMethod.php(35): Illuminate\Container\BoundMethod::callBoundMethod(Object(Illuminate\Foundation\Application), Array, Object(Closure))\n#32 /Users/dev/Desktop/nlmaf-breeze/vendor/laravel/framework/src/Illuminate/Container/Container.php(696): Illuminate\Container\BoundMethod::call(Object(Illuminate\Foundation\Application), Array, Array, NULL)\n#33 /Users/dev/Desktop/nlmaf-breeze/vendor/laravel/framework/src/Illuminate/Console/Command.php(213): Illuminate\Container\Container->call(Array)\n#34 /Users/dev/Desktop/nlmaf-breeze/vendor/symfony/console/Command/Command.php(279): Illuminate\Console\Command->execute(Object(Symfony\Component\Console\Input\ArgvInput), Object(Illuminate\Console\OutputStyle))\n#35 /Users/dev/Desktop/nlmaf-breeze/vendor/laravel/framework/src/Illuminate/Console/Command.php(182): Symfony\Component\Console\Command\Command->run(Object(Symfony\Component\Console\Input\ArgvInput), Object(Illuminate\Console\OutputStyle))\n#36 /Users/dev/Desktop/nlmaf-breeze/vendor/symfony/console/Application.php(1094): Illuminate\Console\Command->run(Object(Symfony\Component\Console\Input\ArgvInput), Object(Symfony\Component\Console\Output\ConsoleOutput))\n#37 /Users/dev/Desktop/nlmaf-breeze/vendor/symfony/console/Application.php(342): Symfony\Component\Console\Application->doRunCommand(Object(Illuminate\Queue\Console\WorkCommand), Object(Symfony\Component\Console\Input\ArgvInput), Object(Symfony\Component\Console\Output\ConsoleOutput))\n#38 /Users/dev/Desktop/nlmaf-breeze/vendor/symfony/console/Application.php(193): Symfony\Component\Console\Application->doRun(Object(Symfony\Component\Console\Input\ArgvInput), Object(Symfony\Component\Console\Output\ConsoleOutput))\n#39 /Users/dev/Desktop/nlmaf-breeze/vendor/laravel/framework/src/Illuminate/Foundation/Console/Kernel.php(198): Symfony\Component\Console\Application->run(Object(Symfony\Component\Console\Input\ArgvInput), Object(Symfony\Component\Console\Output\ConsoleOutput))\n#40 /Users/dev/Desktop/nlmaf-breeze/vendor/laravel/framework/src/Illuminate/Foundation/Application.php(1235): Illuminate\Foundation\Console\Kernel->handle(Object(Symfony\Component\Console\Input\ArgvInput), Object(Symfony\Component\Console\Output\ConsoleOutput))\n#41 /Users/dev/Desktop/nlmaf-breeze/artisan(13): Illuminate\Foundation\Application->handleCommand(Object(Symfony\Component\Console\Input\ArgvInput))\n#42 {main}','\n',char(10)),'2025-05-13 04:18:16');
INSERT INTO failed_jobs VALUES(8,'4faa7cc4-8cdc-4f73-ad6e-0d63195c7a23','database','default','{"uuid":"4faa7cc4-8cdc-4f73-ad6e-0d63195c7a23","displayName":"A17\\Twill\\Jobs\\ReorderNestedModuleItems","job":"Illuminate\\Queue\\CallQueuedHandler@call","maxTries":null,"maxExceptions":null,"failOnTimeout":false,"backoff":null,"timeout":null,"retryUntil":null,"data":{"commandName":"A17\\Twill\\Jobs\\ReorderNestedModuleItems","command":"O:39:\"A17\\Twill\\Jobs\\ReorderNestedModuleItems\":12:{s:13:\"\u0000*\u0000modelClass\";s:15:\"App\\Models\\Page\";s:6:\"\u0000*\u0000ids\";a:3:{i:0;i:1;i:1;i:2;i:2;i:3;}s:3:\"job\";N;s:10:\"connection\";N;s:5:\"queue\";s:7:\"default\";s:5:\"delay\";N;s:11:\"afterCommit\";N;s:10:\"middleware\";a:0:{}s:7:\"chained\";a:0:{}s:15:\"chainConnection\";N;s:10:\"chainQueue\";N;s:19:\"chainCatchCallbacks\";N;}"}}',replace('ErrorException: Trying to access array offset on int in /Users/dev/Desktop/nlmaf-breeze/vendor/area17/twill/src/Models/Behaviors/HasNesting.php:78\nStack trace:\n#0 /Users/dev/Desktop/nlmaf-breeze/vendor/laravel/framework/src/Illuminate/Foundation/Bootstrap/HandleExceptions.php(256): Illuminate\Foundation\Bootstrap\HandleExceptions->handleError(2, ''Trying to acces...'', ''/Users/dev/Desk...'', 78)\n#1 /Users/dev/Desktop/nlmaf-breeze/vendor/area17/twill/src/Models/Behaviors/HasNesting.php(78): Illuminate\Foundation\Bootstrap\HandleExceptions->{closure:Illuminate\Foundation\Bootstrap\HandleExceptions::forwardsTo():255}(2, ''Trying to acces...'', ''/Users/dev/Desk...'', 78)\n#2 /Users/dev/Desktop/nlmaf-breeze/vendor/area17/twill/src/Models/Behaviors/HasNesting.php(53): App\Models\Page::flattenTree(Array)\n#3 /Users/dev/Desktop/nlmaf-breeze/vendor/area17/twill/src/Jobs/ReorderNestedModuleItems.php(31): App\Models\Page::saveTreeFromIds(Array)\n#4 /Users/dev/Desktop/nlmaf-breeze/vendor/laravel/framework/src/Illuminate/Database/Concerns/ManagesTransactions.php(32): A17\Twill\Jobs\ReorderNestedModuleItems->{closure:A17\Twill\Jobs\ReorderNestedModuleItems::handle():30}(Object(Illuminate\Database\SQLiteConnection))\n#5 /Users/dev/Desktop/nlmaf-breeze/vendor/laravel/framework/src/Illuminate/Database/DatabaseManager.php(495): Illuminate\Database\Connection->transaction(Object(Closure), 3)\n#6 /Users/dev/Desktop/nlmaf-breeze/vendor/laravel/framework/src/Illuminate/Support/Facades/Facade.php(361): Illuminate\Database\DatabaseManager->__call(''transaction'', Array)\n#7 /Users/dev/Desktop/nlmaf-breeze/vendor/area17/twill/src/Jobs/ReorderNestedModuleItems.php(30): Illuminate\Support\Facades\Facade::__callStatic(''transaction'', Array)\n#8 /Users/dev/Desktop/nlmaf-breeze/vendor/laravel/framework/src/Illuminate/Container/BoundMethod.php(36): A17\Twill\Jobs\ReorderNestedModuleItems->handle()\n#9 /Users/dev/Desktop/nlmaf-breeze/vendor/laravel/framework/src/Illuminate/Container/Util.php(43): Illuminate\Container\BoundMethod::{closure:Illuminate\Container\BoundMethod::call():35}()\n#10 /Users/dev/Desktop/nlmaf-breeze/vendor/laravel/framework/src/Illuminate/Container/BoundMethod.php(95): Illuminate\Container\Util::unwrapIfClosure(Object(Closure))\n#11 /Users/dev/Desktop/nlmaf-breeze/vendor/laravel/framework/src/Illuminate/Container/BoundMethod.php(35): Illuminate\Container\BoundMethod::callBoundMethod(Object(Illuminate\Foundation\Application), Array, Object(Closure))\n#12 /Users/dev/Desktop/nlmaf-breeze/vendor/laravel/framework/src/Illuminate/Container/Container.php(696): Illuminate\Container\BoundMethod::call(Object(Illuminate\Foundation\Application), Array, Array, NULL)\n#13 /Users/dev/Desktop/nlmaf-breeze/vendor/laravel/framework/src/Illuminate/Bus/Dispatcher.php(126): Illuminate\Container\Container->call(Array)\n#14 /Users/dev/Desktop/nlmaf-breeze/vendor/laravel/framework/src/Illuminate/Pipeline/Pipeline.php(170): Illuminate\Bus\Dispatcher->{closure:Illuminate\Bus\Dispatcher::dispatchNow():123}(Object(A17\Twill\Jobs\ReorderNestedModuleItems))\n#15 /Users/dev/Desktop/nlmaf-breeze/vendor/laravel/framework/src/Illuminate/Pipeline/Pipeline.php(127): Illuminate\Pipeline\Pipeline->{closure:Illuminate\Pipeline\Pipeline::prepareDestination():168}(Object(A17\Twill\Jobs\ReorderNestedModuleItems))\n#16 /Users/dev/Desktop/nlmaf-breeze/vendor/laravel/framework/src/Illuminate/Bus/Dispatcher.php(130): Illuminate\Pipeline\Pipeline->then(Object(Closure))\n#17 /Users/dev/Desktop/nlmaf-breeze/vendor/laravel/framework/src/Illuminate/Queue/CallQueuedHandler.php(126): Illuminate\Bus\Dispatcher->dispatchNow(Object(A17\Twill\Jobs\ReorderNestedModuleItems), false)\n#18 /Users/dev/Desktop/nlmaf-breeze/vendor/laravel/framework/src/Illuminate/Pipeline/Pipeline.php(170): Illuminate\Queue\CallQueuedHandler->{closure:Illuminate\Queue\CallQueuedHandler::dispatchThroughMiddleware():121}(Object(A17\Twill\Jobs\ReorderNestedModuleItems))\n#19 /Users/dev/Desktop/nlmaf-breeze/vendor/laravel/framework/src/Illuminate/Pipeline/Pipeline.php(127): Illuminate\Pipeline\Pipeline->{closure:Illuminate\Pipeline\Pipeline::prepareDestination():168}(Object(A17\Twill\Jobs\ReorderNestedModuleItems))\n#20 /Users/dev/Desktop/nlmaf-breeze/vendor/laravel/framework/src/Illuminate/Queue/CallQueuedHandler.php(121): Illuminate\Pipeline\Pipeline->then(Object(Closure))\n#21 /Users/dev/Desktop/nlmaf-breeze/vendor/laravel/framework/src/Illuminate/Queue/CallQueuedHandler.php(69): Illuminate\Queue\CallQueuedHandler->dispatchThroughMiddleware(Object(Illuminate\Queue\Jobs\DatabaseJob), Object(A17\Twill\Jobs\ReorderNestedModuleItems))\n#22 /Users/dev/Desktop/nlmaf-breeze/vendor/laravel/framework/src/Illuminate/Queue/Jobs/Job.php(102): Illuminate\Queue\CallQueuedHandler->call(Object(Illuminate\Queue\Jobs\DatabaseJob), Array)\n#23 /Users/dev/Desktop/nlmaf-breeze/vendor/laravel/framework/src/Illuminate/Queue/Worker.php(442): Illuminate\Queue\Jobs\Job->fire()\n#24 /Users/dev/Desktop/nlmaf-breeze/vendor/laravel/framework/src/Illuminate/Queue/Worker.php(392): Illuminate\Queue\Worker->process(''database'', Object(Illuminate\Queue\Jobs\DatabaseJob), Object(Illuminate\Queue\WorkerOptions))\n#25 /Users/dev/Desktop/nlmaf-breeze/vendor/laravel/framework/src/Illuminate/Queue/Worker.php(178): Illuminate\Queue\Worker->runJob(Object(Illuminate\Queue\Jobs\DatabaseJob), ''database'', Object(Illuminate\Queue\WorkerOptions))\n#26 /Users/dev/Desktop/nlmaf-breeze/vendor/laravel/framework/src/Illuminate/Queue/Console/WorkCommand.php(149): Illuminate\Queue\Worker->daemon(''database'', ''default'', Object(Illuminate\Queue\WorkerOptions))\n#27 /Users/dev/Desktop/nlmaf-breeze/vendor/laravel/framework/src/Illuminate/Queue/Console/WorkCommand.php(132): Illuminate\Queue\Console\WorkCommand->runWorker(''database'', ''default'')\n#28 /Users/dev/Desktop/nlmaf-breeze/vendor/laravel/framework/src/Illuminate/Container/BoundMethod.php(36): Illuminate\Queue\Console\WorkCommand->handle()\n#29 /Users/dev/Desktop/nlmaf-breeze/vendor/laravel/framework/src/Illuminate/Container/Util.php(43): Illuminate\Container\BoundMethod::{closure:Illuminate\Container\BoundMethod::call():35}()\n#30 /Users/dev/Desktop/nlmaf-breeze/vendor/laravel/framework/src/Illuminate/Container/BoundMethod.php(95): Illuminate\Container\Util::unwrapIfClosure(Object(Closure))\n#31 /Users/dev/Desktop/nlmaf-breeze/vendor/laravel/framework/src/Illuminate/Container/BoundMethod.php(35): Illuminate\Container\BoundMethod::callBoundMethod(Object(Illuminate\Foundation\Application), Array, Object(Closure))\n#32 /Users/dev/Desktop/nlmaf-breeze/vendor/laravel/framework/src/Illuminate/Container/Container.php(696): Illuminate\Container\BoundMethod::call(Object(Illuminate\Foundation\Application), Array, Array, NULL)\n#33 /Users/dev/Desktop/nlmaf-breeze/vendor/laravel/framework/src/Illuminate/Console/Command.php(213): Illuminate\Container\Container->call(Array)\n#34 /Users/dev/Desktop/nlmaf-breeze/vendor/symfony/console/Command/Command.php(279): Illuminate\Console\Command->execute(Object(Symfony\Component\Console\Input\ArgvInput), Object(Illuminate\Console\OutputStyle))\n#35 /Users/dev/Desktop/nlmaf-breeze/vendor/laravel/framework/src/Illuminate/Console/Command.php(182): Symfony\Component\Console\Command\Command->run(Object(Symfony\Component\Console\Input\ArgvInput), Object(Illuminate\Console\OutputStyle))\n#36 /Users/dev/Desktop/nlmaf-breeze/vendor/symfony/console/Application.php(1094): Illuminate\Console\Command->run(Object(Symfony\Component\Console\Input\ArgvInput), Object(Symfony\Component\Console\Output\ConsoleOutput))\n#37 /Users/dev/Desktop/nlmaf-breeze/vendor/symfony/console/Application.php(342): Symfony\Component\Console\Application->doRunCommand(Object(Illuminate\Queue\Console\WorkCommand), Object(Symfony\Component\Console\Input\ArgvInput), Object(Symfony\Component\Console\Output\ConsoleOutput))\n#38 /Users/dev/Desktop/nlmaf-breeze/vendor/symfony/console/Application.php(193): Symfony\Component\Console\Application->doRun(Object(Symfony\Component\Console\Input\ArgvInput), Object(Symfony\Component\Console\Output\ConsoleOutput))\n#39 /Users/dev/Desktop/nlmaf-breeze/vendor/laravel/framework/src/Illuminate/Foundation/Console/Kernel.php(198): Symfony\Component\Console\Application->run(Object(Symfony\Component\Console\Input\ArgvInput), Object(Symfony\Component\Console\Output\ConsoleOutput))\n#40 /Users/dev/Desktop/nlmaf-breeze/vendor/laravel/framework/src/Illuminate/Foundation/Application.php(1235): Illuminate\Foundation\Console\Kernel->handle(Object(Symfony\Component\Console\Input\ArgvInput), Object(Symfony\Component\Console\Output\ConsoleOutput))\n#41 /Users/dev/Desktop/nlmaf-breeze/artisan(13): Illuminate\Foundation\Application->handleCommand(Object(Symfony\Component\Console\Input\ArgvInput))\n#42 {main}','\n',char(10)),'2025-05-13 04:18:16');
INSERT INTO failed_jobs VALUES(9,'4e0ef578-6167-4591-991f-72c49c4a3fe9','database','default','{"uuid":"4e0ef578-6167-4591-991f-72c49c4a3fe9","displayName":"A17\\Twill\\Jobs\\ReorderNestedModuleItems","job":"Illuminate\\Queue\\CallQueuedHandler@call","maxTries":null,"maxExceptions":null,"failOnTimeout":false,"backoff":null,"timeout":null,"retryUntil":null,"data":{"commandName":"A17\\Twill\\Jobs\\ReorderNestedModuleItems","command":"O:39:\"A17\\Twill\\Jobs\\ReorderNestedModuleItems\":12:{s:13:\"\u0000*\u0000modelClass\";s:15:\"App\\Models\\Page\";s:6:\"\u0000*\u0000ids\";a:3:{i:0;i:1;i:1;i:3;i:2;i:2;}s:3:\"job\";N;s:10:\"connection\";N;s:5:\"queue\";s:7:\"default\";s:5:\"delay\";N;s:11:\"afterCommit\";N;s:10:\"middleware\";a:0:{}s:7:\"chained\";a:0:{}s:15:\"chainConnection\";N;s:10:\"chainQueue\";N;s:19:\"chainCatchCallbacks\";N;}"}}',replace('ErrorException: Trying to access array offset on int in /Users/dev/Desktop/nlmaf-breeze/vendor/area17/twill/src/Models/Behaviors/HasNesting.php:78\nStack trace:\n#0 /Users/dev/Desktop/nlmaf-breeze/vendor/laravel/framework/src/Illuminate/Foundation/Bootstrap/HandleExceptions.php(256): Illuminate\Foundation\Bootstrap\HandleExceptions->handleError(2, ''Trying to acces...'', ''/Users/dev/Desk...'', 78)\n#1 /Users/dev/Desktop/nlmaf-breeze/vendor/area17/twill/src/Models/Behaviors/HasNesting.php(78): Illuminate\Foundation\Bootstrap\HandleExceptions->{closure:Illuminate\Foundation\Bootstrap\HandleExceptions::forwardsTo():255}(2, ''Trying to acces...'', ''/Users/dev/Desk...'', 78)\n#2 /Users/dev/Desktop/nlmaf-breeze/vendor/area17/twill/src/Models/Behaviors/HasNesting.php(53): App\Models\Page::flattenTree(Array)\n#3 /Users/dev/Desktop/nlmaf-breeze/vendor/area17/twill/src/Jobs/ReorderNestedModuleItems.php(31): App\Models\Page::saveTreeFromIds(Array)\n#4 /Users/dev/Desktop/nlmaf-breeze/vendor/laravel/framework/src/Illuminate/Database/Concerns/ManagesTransactions.php(32): A17\Twill\Jobs\ReorderNestedModuleItems->{closure:A17\Twill\Jobs\ReorderNestedModuleItems::handle():30}(Object(Illuminate\Database\SQLiteConnection))\n#5 /Users/dev/Desktop/nlmaf-breeze/vendor/laravel/framework/src/Illuminate/Database/DatabaseManager.php(495): Illuminate\Database\Connection->transaction(Object(Closure), 3)\n#6 /Users/dev/Desktop/nlmaf-breeze/vendor/laravel/framework/src/Illuminate/Support/Facades/Facade.php(361): Illuminate\Database\DatabaseManager->__call(''transaction'', Array)\n#7 /Users/dev/Desktop/nlmaf-breeze/vendor/area17/twill/src/Jobs/ReorderNestedModuleItems.php(30): Illuminate\Support\Facades\Facade::__callStatic(''transaction'', Array)\n#8 /Users/dev/Desktop/nlmaf-breeze/vendor/laravel/framework/src/Illuminate/Container/BoundMethod.php(36): A17\Twill\Jobs\ReorderNestedModuleItems->handle()\n#9 /Users/dev/Desktop/nlmaf-breeze/vendor/laravel/framework/src/Illuminate/Container/Util.php(43): Illuminate\Container\BoundMethod::{closure:Illuminate\Container\BoundMethod::call():35}()\n#10 /Users/dev/Desktop/nlmaf-breeze/vendor/laravel/framework/src/Illuminate/Container/BoundMethod.php(95): Illuminate\Container\Util::unwrapIfClosure(Object(Closure))\n#11 /Users/dev/Desktop/nlmaf-breeze/vendor/laravel/framework/src/Illuminate/Container/BoundMethod.php(35): Illuminate\Container\BoundMethod::callBoundMethod(Object(Illuminate\Foundation\Application), Array, Object(Closure))\n#12 /Users/dev/Desktop/nlmaf-breeze/vendor/laravel/framework/src/Illuminate/Container/Container.php(696): Illuminate\Container\BoundMethod::call(Object(Illuminate\Foundation\Application), Array, Array, NULL)\n#13 /Users/dev/Desktop/nlmaf-breeze/vendor/laravel/framework/src/Illuminate/Bus/Dispatcher.php(126): Illuminate\Container\Container->call(Array)\n#14 /Users/dev/Desktop/nlmaf-breeze/vendor/laravel/framework/src/Illuminate/Pipeline/Pipeline.php(170): Illuminate\Bus\Dispatcher->{closure:Illuminate\Bus\Dispatcher::dispatchNow():123}(Object(A17\Twill\Jobs\ReorderNestedModuleItems))\n#15 /Users/dev/Desktop/nlmaf-breeze/vendor/laravel/framework/src/Illuminate/Pipeline/Pipeline.php(127): Illuminate\Pipeline\Pipeline->{closure:Illuminate\Pipeline\Pipeline::prepareDestination():168}(Object(A17\Twill\Jobs\ReorderNestedModuleItems))\n#16 /Users/dev/Desktop/nlmaf-breeze/vendor/laravel/framework/src/Illuminate/Bus/Dispatcher.php(130): Illuminate\Pipeline\Pipeline->then(Object(Closure))\n#17 /Users/dev/Desktop/nlmaf-breeze/vendor/laravel/framework/src/Illuminate/Queue/CallQueuedHandler.php(126): Illuminate\Bus\Dispatcher->dispatchNow(Object(A17\Twill\Jobs\ReorderNestedModuleItems), false)\n#18 /Users/dev/Desktop/nlmaf-breeze/vendor/laravel/framework/src/Illuminate/Pipeline/Pipeline.php(170): Illuminate\Queue\CallQueuedHandler->{closure:Illuminate\Queue\CallQueuedHandler::dispatchThroughMiddleware():121}(Object(A17\Twill\Jobs\ReorderNestedModuleItems))\n#19 /Users/dev/Desktop/nlmaf-breeze/vendor/laravel/framework/src/Illuminate/Pipeline/Pipeline.php(127): Illuminate\Pipeline\Pipeline->{closure:Illuminate\Pipeline\Pipeline::prepareDestination():168}(Object(A17\Twill\Jobs\ReorderNestedModuleItems))\n#20 /Users/dev/Desktop/nlmaf-breeze/vendor/laravel/framework/src/Illuminate/Queue/CallQueuedHandler.php(121): Illuminate\Pipeline\Pipeline->then(Object(Closure))\n#21 /Users/dev/Desktop/nlmaf-breeze/vendor/laravel/framework/src/Illuminate/Queue/CallQueuedHandler.php(69): Illuminate\Queue\CallQueuedHandler->dispatchThroughMiddleware(Object(Illuminate\Queue\Jobs\DatabaseJob), Object(A17\Twill\Jobs\ReorderNestedModuleItems))\n#22 /Users/dev/Desktop/nlmaf-breeze/vendor/laravel/framework/src/Illuminate/Queue/Jobs/Job.php(102): Illuminate\Queue\CallQueuedHandler->call(Object(Illuminate\Queue\Jobs\DatabaseJob), Array)\n#23 /Users/dev/Desktop/nlmaf-breeze/vendor/laravel/framework/src/Illuminate/Queue/Worker.php(442): Illuminate\Queue\Jobs\Job->fire()\n#24 /Users/dev/Desktop/nlmaf-breeze/vendor/laravel/framework/src/Illuminate/Queue/Worker.php(392): Illuminate\Queue\Worker->process(''database'', Object(Illuminate\Queue\Jobs\DatabaseJob), Object(Illuminate\Queue\WorkerOptions))\n#25 /Users/dev/Desktop/nlmaf-breeze/vendor/laravel/framework/src/Illuminate/Queue/Worker.php(178): Illuminate\Queue\Worker->runJob(Object(Illuminate\Queue\Jobs\DatabaseJob), ''database'', Object(Illuminate\Queue\WorkerOptions))\n#26 /Users/dev/Desktop/nlmaf-breeze/vendor/laravel/framework/src/Illuminate/Queue/Console/WorkCommand.php(149): Illuminate\Queue\Worker->daemon(''database'', ''default'', Object(Illuminate\Queue\WorkerOptions))\n#27 /Users/dev/Desktop/nlmaf-breeze/vendor/laravel/framework/src/Illuminate/Queue/Console/WorkCommand.php(132): Illuminate\Queue\Console\WorkCommand->runWorker(''database'', ''default'')\n#28 /Users/dev/Desktop/nlmaf-breeze/vendor/laravel/framework/src/Illuminate/Container/BoundMethod.php(36): Illuminate\Queue\Console\WorkCommand->handle()\n#29 /Users/dev/Desktop/nlmaf-breeze/vendor/laravel/framework/src/Illuminate/Container/Util.php(43): Illuminate\Container\BoundMethod::{closure:Illuminate\Container\BoundMethod::call():35}()\n#30 /Users/dev/Desktop/nlmaf-breeze/vendor/laravel/framework/src/Illuminate/Container/BoundMethod.php(95): Illuminate\Container\Util::unwrapIfClosure(Object(Closure))\n#31 /Users/dev/Desktop/nlmaf-breeze/vendor/laravel/framework/src/Illuminate/Container/BoundMethod.php(35): Illuminate\Container\BoundMethod::callBoundMethod(Object(Illuminate\Foundation\Application), Array, Object(Closure))\n#32 /Users/dev/Desktop/nlmaf-breeze/vendor/laravel/framework/src/Illuminate/Container/Container.php(696): Illuminate\Container\BoundMethod::call(Object(Illuminate\Foundation\Application), Array, Array, NULL)\n#33 /Users/dev/Desktop/nlmaf-breeze/vendor/laravel/framework/src/Illuminate/Console/Command.php(213): Illuminate\Container\Container->call(Array)\n#34 /Users/dev/Desktop/nlmaf-breeze/vendor/symfony/console/Command/Command.php(279): Illuminate\Console\Command->execute(Object(Symfony\Component\Console\Input\ArgvInput), Object(Illuminate\Console\OutputStyle))\n#35 /Users/dev/Desktop/nlmaf-breeze/vendor/laravel/framework/src/Illuminate/Console/Command.php(182): Symfony\Component\Console\Command\Command->run(Object(Symfony\Component\Console\Input\ArgvInput), Object(Illuminate\Console\OutputStyle))\n#36 /Users/dev/Desktop/nlmaf-breeze/vendor/symfony/console/Application.php(1094): Illuminate\Console\Command->run(Object(Symfony\Component\Console\Input\ArgvInput), Object(Symfony\Component\Console\Output\ConsoleOutput))\n#37 /Users/dev/Desktop/nlmaf-breeze/vendor/symfony/console/Application.php(342): Symfony\Component\Console\Application->doRunCommand(Object(Illuminate\Queue\Console\WorkCommand), Object(Symfony\Component\Console\Input\ArgvInput), Object(Symfony\Component\Console\Output\ConsoleOutput))\n#38 /Users/dev/Desktop/nlmaf-breeze/vendor/symfony/console/Application.php(193): Symfony\Component\Console\Application->doRun(Object(Symfony\Component\Console\Input\ArgvInput), Object(Symfony\Component\Console\Output\ConsoleOutput))\n#39 /Users/dev/Desktop/nlmaf-breeze/vendor/laravel/framework/src/Illuminate/Foundation/Console/Kernel.php(198): Symfony\Component\Console\Application->run(Object(Symfony\Component\Console\Input\ArgvInput), Object(Symfony\Component\Console\Output\ConsoleOutput))\n#40 /Users/dev/Desktop/nlmaf-breeze/vendor/laravel/framework/src/Illuminate/Foundation/Application.php(1235): Illuminate\Foundation\Console\Kernel->handle(Object(Symfony\Component\Console\Input\ArgvInput), Object(Symfony\Component\Console\Output\ConsoleOutput))\n#41 /Users/dev/Desktop/nlmaf-breeze/artisan(13): Illuminate\Foundation\Application->handleCommand(Object(Symfony\Component\Console\Input\ArgvInput))\n#42 {main}','\n',char(10)),'2025-05-13 04:18:16');
INSERT INTO failed_jobs VALUES(10,'f6c9b697-5d96-42b0-9610-54a30838d1f8','database','default','{"uuid":"f6c9b697-5d96-42b0-9610-54a30838d1f8","displayName":"A17\\Twill\\Jobs\\ReorderNestedModuleItems","job":"Illuminate\\Queue\\CallQueuedHandler@call","maxTries":null,"maxExceptions":null,"failOnTimeout":false,"backoff":null,"timeout":null,"retryUntil":null,"data":{"commandName":"A17\\Twill\\Jobs\\ReorderNestedModuleItems","command":"O:39:\"A17\\Twill\\Jobs\\ReorderNestedModuleItems\":12:{s:13:\"\u0000*\u0000modelClass\";s:15:\"App\\Models\\Page\";s:6:\"\u0000*\u0000ids\";a:3:{i:0;i:1;i:1;i:3;i:2;i:2;}s:3:\"job\";N;s:10:\"connection\";N;s:5:\"queue\";s:7:\"default\";s:5:\"delay\";N;s:11:\"afterCommit\";N;s:10:\"middleware\";a:0:{}s:7:\"chained\";a:0:{}s:15:\"chainConnection\";N;s:10:\"chainQueue\";N;s:19:\"chainCatchCallbacks\";N;}"}}',replace('ErrorException: Trying to access array offset on int in /Users/dev/Desktop/nlmaf-breeze/vendor/area17/twill/src/Models/Behaviors/HasNesting.php:78\nStack trace:\n#0 /Users/dev/Desktop/nlmaf-breeze/vendor/laravel/framework/src/Illuminate/Foundation/Bootstrap/HandleExceptions.php(256): Illuminate\Foundation\Bootstrap\HandleExceptions->handleError(2, ''Trying to acces...'', ''/Users/dev/Desk...'', 78)\n#1 /Users/dev/Desktop/nlmaf-breeze/vendor/area17/twill/src/Models/Behaviors/HasNesting.php(78): Illuminate\Foundation\Bootstrap\HandleExceptions->{closure:Illuminate\Foundation\Bootstrap\HandleExceptions::forwardsTo():255}(2, ''Trying to acces...'', ''/Users/dev/Desk...'', 78)\n#2 /Users/dev/Desktop/nlmaf-breeze/vendor/area17/twill/src/Models/Behaviors/HasNesting.php(53): App\Models\Page::flattenTree(Array)\n#3 /Users/dev/Desktop/nlmaf-breeze/vendor/area17/twill/src/Jobs/ReorderNestedModuleItems.php(31): App\Models\Page::saveTreeFromIds(Array)\n#4 /Users/dev/Desktop/nlmaf-breeze/vendor/laravel/framework/src/Illuminate/Database/Concerns/ManagesTransactions.php(32): A17\Twill\Jobs\ReorderNestedModuleItems->{closure:A17\Twill\Jobs\ReorderNestedModuleItems::handle():30}(Object(Illuminate\Database\SQLiteConnection))\n#5 /Users/dev/Desktop/nlmaf-breeze/vendor/laravel/framework/src/Illuminate/Database/DatabaseManager.php(495): Illuminate\Database\Connection->transaction(Object(Closure), 3)\n#6 /Users/dev/Desktop/nlmaf-breeze/vendor/laravel/framework/src/Illuminate/Support/Facades/Facade.php(361): Illuminate\Database\DatabaseManager->__call(''transaction'', Array)\n#7 /Users/dev/Desktop/nlmaf-breeze/vendor/area17/twill/src/Jobs/ReorderNestedModuleItems.php(30): Illuminate\Support\Facades\Facade::__callStatic(''transaction'', Array)\n#8 /Users/dev/Desktop/nlmaf-breeze/vendor/laravel/framework/src/Illuminate/Container/BoundMethod.php(36): A17\Twill\Jobs\ReorderNestedModuleItems->handle()\n#9 /Users/dev/Desktop/nlmaf-breeze/vendor/laravel/framework/src/Illuminate/Container/Util.php(43): Illuminate\Container\BoundMethod::{closure:Illuminate\Container\BoundMethod::call():35}()\n#10 /Users/dev/Desktop/nlmaf-breeze/vendor/laravel/framework/src/Illuminate/Container/BoundMethod.php(95): Illuminate\Container\Util::unwrapIfClosure(Object(Closure))\n#11 /Users/dev/Desktop/nlmaf-breeze/vendor/laravel/framework/src/Illuminate/Container/BoundMethod.php(35): Illuminate\Container\BoundMethod::callBoundMethod(Object(Illuminate\Foundation\Application), Array, Object(Closure))\n#12 /Users/dev/Desktop/nlmaf-breeze/vendor/laravel/framework/src/Illuminate/Container/Container.php(696): Illuminate\Container\BoundMethod::call(Object(Illuminate\Foundation\Application), Array, Array, NULL)\n#13 /Users/dev/Desktop/nlmaf-breeze/vendor/laravel/framework/src/Illuminate/Bus/Dispatcher.php(126): Illuminate\Container\Container->call(Array)\n#14 /Users/dev/Desktop/nlmaf-breeze/vendor/laravel/framework/src/Illuminate/Pipeline/Pipeline.php(170): Illuminate\Bus\Dispatcher->{closure:Illuminate\Bus\Dispatcher::dispatchNow():123}(Object(A17\Twill\Jobs\ReorderNestedModuleItems))\n#15 /Users/dev/Desktop/nlmaf-breeze/vendor/laravel/framework/src/Illuminate/Pipeline/Pipeline.php(127): Illuminate\Pipeline\Pipeline->{closure:Illuminate\Pipeline\Pipeline::prepareDestination():168}(Object(A17\Twill\Jobs\ReorderNestedModuleItems))\n#16 /Users/dev/Desktop/nlmaf-breeze/vendor/laravel/framework/src/Illuminate/Bus/Dispatcher.php(130): Illuminate\Pipeline\Pipeline->then(Object(Closure))\n#17 /Users/dev/Desktop/nlmaf-breeze/vendor/laravel/framework/src/Illuminate/Queue/CallQueuedHandler.php(126): Illuminate\Bus\Dispatcher->dispatchNow(Object(A17\Twill\Jobs\ReorderNestedModuleItems), false)\n#18 /Users/dev/Desktop/nlmaf-breeze/vendor/laravel/framework/src/Illuminate/Pipeline/Pipeline.php(170): Illuminate\Queue\CallQueuedHandler->{closure:Illuminate\Queue\CallQueuedHandler::dispatchThroughMiddleware():121}(Object(A17\Twill\Jobs\ReorderNestedModuleItems))\n#19 /Users/dev/Desktop/nlmaf-breeze/vendor/laravel/framework/src/Illuminate/Pipeline/Pipeline.php(127): Illuminate\Pipeline\Pipeline->{closure:Illuminate\Pipeline\Pipeline::prepareDestination():168}(Object(A17\Twill\Jobs\ReorderNestedModuleItems))\n#20 /Users/dev/Desktop/nlmaf-breeze/vendor/laravel/framework/src/Illuminate/Queue/CallQueuedHandler.php(121): Illuminate\Pipeline\Pipeline->then(Object(Closure))\n#21 /Users/dev/Desktop/nlmaf-breeze/vendor/laravel/framework/src/Illuminate/Queue/CallQueuedHandler.php(69): Illuminate\Queue\CallQueuedHandler->dispatchThroughMiddleware(Object(Illuminate\Queue\Jobs\DatabaseJob), Object(A17\Twill\Jobs\ReorderNestedModuleItems))\n#22 /Users/dev/Desktop/nlmaf-breeze/vendor/laravel/framework/src/Illuminate/Queue/Jobs/Job.php(102): Illuminate\Queue\CallQueuedHandler->call(Object(Illuminate\Queue\Jobs\DatabaseJob), Array)\n#23 /Users/dev/Desktop/nlmaf-breeze/vendor/laravel/framework/src/Illuminate/Queue/Worker.php(442): Illuminate\Queue\Jobs\Job->fire()\n#24 /Users/dev/Desktop/nlmaf-breeze/vendor/laravel/framework/src/Illuminate/Queue/Worker.php(392): Illuminate\Queue\Worker->process(''database'', Object(Illuminate\Queue\Jobs\DatabaseJob), Object(Illuminate\Queue\WorkerOptions))\n#25 /Users/dev/Desktop/nlmaf-breeze/vendor/laravel/framework/src/Illuminate/Queue/Worker.php(178): Illuminate\Queue\Worker->runJob(Object(Illuminate\Queue\Jobs\DatabaseJob), ''database'', Object(Illuminate\Queue\WorkerOptions))\n#26 /Users/dev/Desktop/nlmaf-breeze/vendor/laravel/framework/src/Illuminate/Queue/Console/WorkCommand.php(149): Illuminate\Queue\Worker->daemon(''database'', ''default'', Object(Illuminate\Queue\WorkerOptions))\n#27 /Users/dev/Desktop/nlmaf-breeze/vendor/laravel/framework/src/Illuminate/Queue/Console/WorkCommand.php(132): Illuminate\Queue\Console\WorkCommand->runWorker(''database'', ''default'')\n#28 /Users/dev/Desktop/nlmaf-breeze/vendor/laravel/framework/src/Illuminate/Container/BoundMethod.php(36): Illuminate\Queue\Console\WorkCommand->handle()\n#29 /Users/dev/Desktop/nlmaf-breeze/vendor/laravel/framework/src/Illuminate/Container/Util.php(43): Illuminate\Container\BoundMethod::{closure:Illuminate\Container\BoundMethod::call():35}()\n#30 /Users/dev/Desktop/nlmaf-breeze/vendor/laravel/framework/src/Illuminate/Container/BoundMethod.php(95): Illuminate\Container\Util::unwrapIfClosure(Object(Closure))\n#31 /Users/dev/Desktop/nlmaf-breeze/vendor/laravel/framework/src/Illuminate/Container/BoundMethod.php(35): Illuminate\Container\BoundMethod::callBoundMethod(Object(Illuminate\Foundation\Application), Array, Object(Closure))\n#32 /Users/dev/Desktop/nlmaf-breeze/vendor/laravel/framework/src/Illuminate/Container/Container.php(696): Illuminate\Container\BoundMethod::call(Object(Illuminate\Foundation\Application), Array, Array, NULL)\n#33 /Users/dev/Desktop/nlmaf-breeze/vendor/laravel/framework/src/Illuminate/Console/Command.php(213): Illuminate\Container\Container->call(Array)\n#34 /Users/dev/Desktop/nlmaf-breeze/vendor/symfony/console/Command/Command.php(279): Illuminate\Console\Command->execute(Object(Symfony\Component\Console\Input\ArgvInput), Object(Illuminate\Console\OutputStyle))\n#35 /Users/dev/Desktop/nlmaf-breeze/vendor/laravel/framework/src/Illuminate/Console/Command.php(182): Symfony\Component\Console\Command\Command->run(Object(Symfony\Component\Console\Input\ArgvInput), Object(Illuminate\Console\OutputStyle))\n#36 /Users/dev/Desktop/nlmaf-breeze/vendor/symfony/console/Application.php(1094): Illuminate\Console\Command->run(Object(Symfony\Component\Console\Input\ArgvInput), Object(Symfony\Component\Console\Output\ConsoleOutput))\n#37 /Users/dev/Desktop/nlmaf-breeze/vendor/symfony/console/Application.php(342): Symfony\Component\Console\Application->doRunCommand(Object(Illuminate\Queue\Console\WorkCommand), Object(Symfony\Component\Console\Input\ArgvInput), Object(Symfony\Component\Console\Output\ConsoleOutput))\n#38 /Users/dev/Desktop/nlmaf-breeze/vendor/symfony/console/Application.php(193): Symfony\Component\Console\Application->doRun(Object(Symfony\Component\Console\Input\ArgvInput), Object(Symfony\Component\Console\Output\ConsoleOutput))\n#39 /Users/dev/Desktop/nlmaf-breeze/vendor/laravel/framework/src/Illuminate/Foundation/Console/Kernel.php(198): Symfony\Component\Console\Application->run(Object(Symfony\Component\Console\Input\ArgvInput), Object(Symfony\Component\Console\Output\ConsoleOutput))\n#40 /Users/dev/Desktop/nlmaf-breeze/vendor/laravel/framework/src/Illuminate/Foundation/Application.php(1235): Illuminate\Foundation\Console\Kernel->handle(Object(Symfony\Component\Console\Input\ArgvInput), Object(Symfony\Component\Console\Output\ConsoleOutput))\n#41 /Users/dev/Desktop/nlmaf-breeze/artisan(13): Illuminate\Foundation\Application->handleCommand(Object(Symfony\Component\Console\Input\ArgvInput))\n#42 {main}','\n',char(10)),'2025-05-13 04:18:16');
INSERT INTO failed_jobs VALUES(11,'115a18bd-dc30-46d4-b511-8e76120c0518','database','default','{"uuid":"115a18bd-dc30-46d4-b511-8e76120c0518","displayName":"A17\\Twill\\Jobs\\ReorderNestedModuleItems","job":"Illuminate\\Queue\\CallQueuedHandler@call","maxTries":null,"maxExceptions":null,"failOnTimeout":false,"backoff":null,"timeout":null,"retryUntil":null,"data":{"commandName":"A17\\Twill\\Jobs\\ReorderNestedModuleItems","command":"O:39:\"A17\\Twill\\Jobs\\ReorderNestedModuleItems\":12:{s:13:\"\u0000*\u0000modelClass\";s:15:\"App\\Models\\Page\";s:6:\"\u0000*\u0000ids\";a:3:{i:0;i:1;i:1;i:3;i:2;i:2;}s:3:\"job\";N;s:10:\"connection\";N;s:5:\"queue\";s:7:\"default\";s:5:\"delay\";N;s:11:\"afterCommit\";N;s:10:\"middleware\";a:0:{}s:7:\"chained\";a:0:{}s:15:\"chainConnection\";N;s:10:\"chainQueue\";N;s:19:\"chainCatchCallbacks\";N;}"}}',replace('ErrorException: Trying to access array offset on int in /Users/dev/Desktop/nlmaf-breeze/vendor/area17/twill/src/Models/Behaviors/HasNesting.php:78\nStack trace:\n#0 /Users/dev/Desktop/nlmaf-breeze/vendor/laravel/framework/src/Illuminate/Foundation/Bootstrap/HandleExceptions.php(256): Illuminate\Foundation\Bootstrap\HandleExceptions->handleError(2, ''Trying to acces...'', ''/Users/dev/Desk...'', 78)\n#1 /Users/dev/Desktop/nlmaf-breeze/vendor/area17/twill/src/Models/Behaviors/HasNesting.php(78): Illuminate\Foundation\Bootstrap\HandleExceptions->{closure:Illuminate\Foundation\Bootstrap\HandleExceptions::forwardsTo():255}(2, ''Trying to acces...'', ''/Users/dev/Desk...'', 78)\n#2 /Users/dev/Desktop/nlmaf-breeze/vendor/area17/twill/src/Models/Behaviors/HasNesting.php(53): App\Models\Page::flattenTree(Array)\n#3 /Users/dev/Desktop/nlmaf-breeze/vendor/area17/twill/src/Jobs/ReorderNestedModuleItems.php(31): App\Models\Page::saveTreeFromIds(Array)\n#4 /Users/dev/Desktop/nlmaf-breeze/vendor/laravel/framework/src/Illuminate/Database/Concerns/ManagesTransactions.php(32): A17\Twill\Jobs\ReorderNestedModuleItems->{closure:A17\Twill\Jobs\ReorderNestedModuleItems::handle():30}(Object(Illuminate\Database\SQLiteConnection))\n#5 /Users/dev/Desktop/nlmaf-breeze/vendor/laravel/framework/src/Illuminate/Database/DatabaseManager.php(495): Illuminate\Database\Connection->transaction(Object(Closure), 3)\n#6 /Users/dev/Desktop/nlmaf-breeze/vendor/laravel/framework/src/Illuminate/Support/Facades/Facade.php(361): Illuminate\Database\DatabaseManager->__call(''transaction'', Array)\n#7 /Users/dev/Desktop/nlmaf-breeze/vendor/area17/twill/src/Jobs/ReorderNestedModuleItems.php(30): Illuminate\Support\Facades\Facade::__callStatic(''transaction'', Array)\n#8 /Users/dev/Desktop/nlmaf-breeze/vendor/laravel/framework/src/Illuminate/Container/BoundMethod.php(36): A17\Twill\Jobs\ReorderNestedModuleItems->handle()\n#9 /Users/dev/Desktop/nlmaf-breeze/vendor/laravel/framework/src/Illuminate/Container/Util.php(43): Illuminate\Container\BoundMethod::{closure:Illuminate\Container\BoundMethod::call():35}()\n#10 /Users/dev/Desktop/nlmaf-breeze/vendor/laravel/framework/src/Illuminate/Container/BoundMethod.php(95): Illuminate\Container\Util::unwrapIfClosure(Object(Closure))\n#11 /Users/dev/Desktop/nlmaf-breeze/vendor/laravel/framework/src/Illuminate/Container/BoundMethod.php(35): Illuminate\Container\BoundMethod::callBoundMethod(Object(Illuminate\Foundation\Application), Array, Object(Closure))\n#12 /Users/dev/Desktop/nlmaf-breeze/vendor/laravel/framework/src/Illuminate/Container/Container.php(696): Illuminate\Container\BoundMethod::call(Object(Illuminate\Foundation\Application), Array, Array, NULL)\n#13 /Users/dev/Desktop/nlmaf-breeze/vendor/laravel/framework/src/Illuminate/Bus/Dispatcher.php(126): Illuminate\Container\Container->call(Array)\n#14 /Users/dev/Desktop/nlmaf-breeze/vendor/laravel/framework/src/Illuminate/Pipeline/Pipeline.php(170): Illuminate\Bus\Dispatcher->{closure:Illuminate\Bus\Dispatcher::dispatchNow():123}(Object(A17\Twill\Jobs\ReorderNestedModuleItems))\n#15 /Users/dev/Desktop/nlmaf-breeze/vendor/laravel/framework/src/Illuminate/Pipeline/Pipeline.php(127): Illuminate\Pipeline\Pipeline->{closure:Illuminate\Pipeline\Pipeline::prepareDestination():168}(Object(A17\Twill\Jobs\ReorderNestedModuleItems))\n#16 /Users/dev/Desktop/nlmaf-breeze/vendor/laravel/framework/src/Illuminate/Bus/Dispatcher.php(130): Illuminate\Pipeline\Pipeline->then(Object(Closure))\n#17 /Users/dev/Desktop/nlmaf-breeze/vendor/laravel/framework/src/Illuminate/Queue/CallQueuedHandler.php(126): Illuminate\Bus\Dispatcher->dispatchNow(Object(A17\Twill\Jobs\ReorderNestedModuleItems), false)\n#18 /Users/dev/Desktop/nlmaf-breeze/vendor/laravel/framework/src/Illuminate/Pipeline/Pipeline.php(170): Illuminate\Queue\CallQueuedHandler->{closure:Illuminate\Queue\CallQueuedHandler::dispatchThroughMiddleware():121}(Object(A17\Twill\Jobs\ReorderNestedModuleItems))\n#19 /Users/dev/Desktop/nlmaf-breeze/vendor/laravel/framework/src/Illuminate/Pipeline/Pipeline.php(127): Illuminate\Pipeline\Pipeline->{closure:Illuminate\Pipeline\Pipeline::prepareDestination():168}(Object(A17\Twill\Jobs\ReorderNestedModuleItems))\n#20 /Users/dev/Desktop/nlmaf-breeze/vendor/laravel/framework/src/Illuminate/Queue/CallQueuedHandler.php(121): Illuminate\Pipeline\Pipeline->then(Object(Closure))\n#21 /Users/dev/Desktop/nlmaf-breeze/vendor/laravel/framework/src/Illuminate/Queue/CallQueuedHandler.php(69): Illuminate\Queue\CallQueuedHandler->dispatchThroughMiddleware(Object(Illuminate\Queue\Jobs\DatabaseJob), Object(A17\Twill\Jobs\ReorderNestedModuleItems))\n#22 /Users/dev/Desktop/nlmaf-breeze/vendor/laravel/framework/src/Illuminate/Queue/Jobs/Job.php(102): Illuminate\Queue\CallQueuedHandler->call(Object(Illuminate\Queue\Jobs\DatabaseJob), Array)\n#23 /Users/dev/Desktop/nlmaf-breeze/vendor/laravel/framework/src/Illuminate/Queue/Worker.php(442): Illuminate\Queue\Jobs\Job->fire()\n#24 /Users/dev/Desktop/nlmaf-breeze/vendor/laravel/framework/src/Illuminate/Queue/Worker.php(392): Illuminate\Queue\Worker->process(''database'', Object(Illuminate\Queue\Jobs\DatabaseJob), Object(Illuminate\Queue\WorkerOptions))\n#25 /Users/dev/Desktop/nlmaf-breeze/vendor/laravel/framework/src/Illuminate/Queue/Worker.php(178): Illuminate\Queue\Worker->runJob(Object(Illuminate\Queue\Jobs\DatabaseJob), ''database'', Object(Illuminate\Queue\WorkerOptions))\n#26 /Users/dev/Desktop/nlmaf-breeze/vendor/laravel/framework/src/Illuminate/Queue/Console/WorkCommand.php(149): Illuminate\Queue\Worker->daemon(''database'', ''default'', Object(Illuminate\Queue\WorkerOptions))\n#27 /Users/dev/Desktop/nlmaf-breeze/vendor/laravel/framework/src/Illuminate/Queue/Console/WorkCommand.php(132): Illuminate\Queue\Console\WorkCommand->runWorker(''database'', ''default'')\n#28 /Users/dev/Desktop/nlmaf-breeze/vendor/laravel/framework/src/Illuminate/Container/BoundMethod.php(36): Illuminate\Queue\Console\WorkCommand->handle()\n#29 /Users/dev/Desktop/nlmaf-breeze/vendor/laravel/framework/src/Illuminate/Container/Util.php(43): Illuminate\Container\BoundMethod::{closure:Illuminate\Container\BoundMethod::call():35}()\n#30 /Users/dev/Desktop/nlmaf-breeze/vendor/laravel/framework/src/Illuminate/Container/BoundMethod.php(95): Illuminate\Container\Util::unwrapIfClosure(Object(Closure))\n#31 /Users/dev/Desktop/nlmaf-breeze/vendor/laravel/framework/src/Illuminate/Container/BoundMethod.php(35): Illuminate\Container\BoundMethod::callBoundMethod(Object(Illuminate\Foundation\Application), Array, Object(Closure))\n#32 /Users/dev/Desktop/nlmaf-breeze/vendor/laravel/framework/src/Illuminate/Container/Container.php(696): Illuminate\Container\BoundMethod::call(Object(Illuminate\Foundation\Application), Array, Array, NULL)\n#33 /Users/dev/Desktop/nlmaf-breeze/vendor/laravel/framework/src/Illuminate/Console/Command.php(213): Illuminate\Container\Container->call(Array)\n#34 /Users/dev/Desktop/nlmaf-breeze/vendor/symfony/console/Command/Command.php(279): Illuminate\Console\Command->execute(Object(Symfony\Component\Console\Input\ArgvInput), Object(Illuminate\Console\OutputStyle))\n#35 /Users/dev/Desktop/nlmaf-breeze/vendor/laravel/framework/src/Illuminate/Console/Command.php(182): Symfony\Component\Console\Command\Command->run(Object(Symfony\Component\Console\Input\ArgvInput), Object(Illuminate\Console\OutputStyle))\n#36 /Users/dev/Desktop/nlmaf-breeze/vendor/symfony/console/Application.php(1094): Illuminate\Console\Command->run(Object(Symfony\Component\Console\Input\ArgvInput), Object(Symfony\Component\Console\Output\ConsoleOutput))\n#37 /Users/dev/Desktop/nlmaf-breeze/vendor/symfony/console/Application.php(342): Symfony\Component\Console\Application->doRunCommand(Object(Illuminate\Queue\Console\WorkCommand), Object(Symfony\Component\Console\Input\ArgvInput), Object(Symfony\Component\Console\Output\ConsoleOutput))\n#38 /Users/dev/Desktop/nlmaf-breeze/vendor/symfony/console/Application.php(193): Symfony\Component\Console\Application->doRun(Object(Symfony\Component\Console\Input\ArgvInput), Object(Symfony\Component\Console\Output\ConsoleOutput))\n#39 /Users/dev/Desktop/nlmaf-breeze/vendor/laravel/framework/src/Illuminate/Foundation/Console/Kernel.php(198): Symfony\Component\Console\Application->run(Object(Symfony\Component\Console\Input\ArgvInput), Object(Symfony\Component\Console\Output\ConsoleOutput))\n#40 /Users/dev/Desktop/nlmaf-breeze/vendor/laravel/framework/src/Illuminate/Foundation/Application.php(1235): Illuminate\Foundation\Console\Kernel->handle(Object(Symfony\Component\Console\Input\ArgvInput), Object(Symfony\Component\Console\Output\ConsoleOutput))\n#41 /Users/dev/Desktop/nlmaf-breeze/artisan(13): Illuminate\Foundation\Application->handleCommand(Object(Symfony\Component\Console\Input\ArgvInput))\n#42 {main}','\n',char(10)),'2025-05-13 04:18:16');
INSERT INTO failed_jobs VALUES(12,'8fd461f8-6cff-4870-b978-c1a3a75a190e','database','default','{"uuid":"8fd461f8-6cff-4870-b978-c1a3a75a190e","displayName":"A17\\Twill\\Jobs\\ReorderNestedModuleItems","job":"Illuminate\\Queue\\CallQueuedHandler@call","maxTries":null,"maxExceptions":null,"failOnTimeout":false,"backoff":null,"timeout":null,"retryUntil":null,"data":{"commandName":"A17\\Twill\\Jobs\\ReorderNestedModuleItems","command":"O:39:\"A17\\Twill\\Jobs\\ReorderNestedModuleItems\":12:{s:13:\"\u0000*\u0000modelClass\";s:15:\"App\\Models\\Page\";s:6:\"\u0000*\u0000ids\";a:4:{i:0;i:1;i:1;i:2;i:2;i:4;i:3;i:3;}s:3:\"job\";N;s:10:\"connection\";N;s:5:\"queue\";s:7:\"default\";s:5:\"delay\";N;s:11:\"afterCommit\";N;s:10:\"middleware\";a:0:{}s:7:\"chained\";a:0:{}s:15:\"chainConnection\";N;s:10:\"chainQueue\";N;s:19:\"chainCatchCallbacks\";N;}"}}',replace('ErrorException: Trying to access array offset on int in /Users/dev/Desktop/nlmaf-breeze/vendor/area17/twill/src/Models/Behaviors/HasNesting.php:78\nStack trace:\n#0 /Users/dev/Desktop/nlmaf-breeze/vendor/laravel/framework/src/Illuminate/Foundation/Bootstrap/HandleExceptions.php(256): Illuminate\Foundation\Bootstrap\HandleExceptions->handleError(2, ''Trying to acces...'', ''/Users/dev/Desk...'', 78)\n#1 /Users/dev/Desktop/nlmaf-breeze/vendor/area17/twill/src/Models/Behaviors/HasNesting.php(78): Illuminate\Foundation\Bootstrap\HandleExceptions->{closure:Illuminate\Foundation\Bootstrap\HandleExceptions::forwardsTo():255}(2, ''Trying to acces...'', ''/Users/dev/Desk...'', 78)\n#2 /Users/dev/Desktop/nlmaf-breeze/vendor/area17/twill/src/Models/Behaviors/HasNesting.php(53): App\Models\Page::flattenTree(Array)\n#3 /Users/dev/Desktop/nlmaf-breeze/vendor/area17/twill/src/Jobs/ReorderNestedModuleItems.php(31): App\Models\Page::saveTreeFromIds(Array)\n#4 /Users/dev/Desktop/nlmaf-breeze/vendor/laravel/framework/src/Illuminate/Database/Concerns/ManagesTransactions.php(32): A17\Twill\Jobs\ReorderNestedModuleItems->{closure:A17\Twill\Jobs\ReorderNestedModuleItems::handle():30}(Object(Illuminate\Database\SQLiteConnection))\n#5 /Users/dev/Desktop/nlmaf-breeze/vendor/laravel/framework/src/Illuminate/Database/DatabaseManager.php(495): Illuminate\Database\Connection->transaction(Object(Closure), 3)\n#6 /Users/dev/Desktop/nlmaf-breeze/vendor/laravel/framework/src/Illuminate/Support/Facades/Facade.php(361): Illuminate\Database\DatabaseManager->__call(''transaction'', Array)\n#7 /Users/dev/Desktop/nlmaf-breeze/vendor/area17/twill/src/Jobs/ReorderNestedModuleItems.php(30): Illuminate\Support\Facades\Facade::__callStatic(''transaction'', Array)\n#8 /Users/dev/Desktop/nlmaf-breeze/vendor/laravel/framework/src/Illuminate/Container/BoundMethod.php(36): A17\Twill\Jobs\ReorderNestedModuleItems->handle()\n#9 /Users/dev/Desktop/nlmaf-breeze/vendor/laravel/framework/src/Illuminate/Container/Util.php(43): Illuminate\Container\BoundMethod::{closure:Illuminate\Container\BoundMethod::call():35}()\n#10 /Users/dev/Desktop/nlmaf-breeze/vendor/laravel/framework/src/Illuminate/Container/BoundMethod.php(95): Illuminate\Container\Util::unwrapIfClosure(Object(Closure))\n#11 /Users/dev/Desktop/nlmaf-breeze/vendor/laravel/framework/src/Illuminate/Container/BoundMethod.php(35): Illuminate\Container\BoundMethod::callBoundMethod(Object(Illuminate\Foundation\Application), Array, Object(Closure))\n#12 /Users/dev/Desktop/nlmaf-breeze/vendor/laravel/framework/src/Illuminate/Container/Container.php(696): Illuminate\Container\BoundMethod::call(Object(Illuminate\Foundation\Application), Array, Array, NULL)\n#13 /Users/dev/Desktop/nlmaf-breeze/vendor/laravel/framework/src/Illuminate/Bus/Dispatcher.php(126): Illuminate\Container\Container->call(Array)\n#14 /Users/dev/Desktop/nlmaf-breeze/vendor/laravel/framework/src/Illuminate/Pipeline/Pipeline.php(170): Illuminate\Bus\Dispatcher->{closure:Illuminate\Bus\Dispatcher::dispatchNow():123}(Object(A17\Twill\Jobs\ReorderNestedModuleItems))\n#15 /Users/dev/Desktop/nlmaf-breeze/vendor/laravel/framework/src/Illuminate/Pipeline/Pipeline.php(127): Illuminate\Pipeline\Pipeline->{closure:Illuminate\Pipeline\Pipeline::prepareDestination():168}(Object(A17\Twill\Jobs\ReorderNestedModuleItems))\n#16 /Users/dev/Desktop/nlmaf-breeze/vendor/laravel/framework/src/Illuminate/Bus/Dispatcher.php(130): Illuminate\Pipeline\Pipeline->then(Object(Closure))\n#17 /Users/dev/Desktop/nlmaf-breeze/vendor/laravel/framework/src/Illuminate/Queue/CallQueuedHandler.php(126): Illuminate\Bus\Dispatcher->dispatchNow(Object(A17\Twill\Jobs\ReorderNestedModuleItems), false)\n#18 /Users/dev/Desktop/nlmaf-breeze/vendor/laravel/framework/src/Illuminate/Pipeline/Pipeline.php(170): Illuminate\Queue\CallQueuedHandler->{closure:Illuminate\Queue\CallQueuedHandler::dispatchThroughMiddleware():121}(Object(A17\Twill\Jobs\ReorderNestedModuleItems))\n#19 /Users/dev/Desktop/nlmaf-breeze/vendor/laravel/framework/src/Illuminate/Pipeline/Pipeline.php(127): Illuminate\Pipeline\Pipeline->{closure:Illuminate\Pipeline\Pipeline::prepareDestination():168}(Object(A17\Twill\Jobs\ReorderNestedModuleItems))\n#20 /Users/dev/Desktop/nlmaf-breeze/vendor/laravel/framework/src/Illuminate/Queue/CallQueuedHandler.php(121): Illuminate\Pipeline\Pipeline->then(Object(Closure))\n#21 /Users/dev/Desktop/nlmaf-breeze/vendor/laravel/framework/src/Illuminate/Queue/CallQueuedHandler.php(69): Illuminate\Queue\CallQueuedHandler->dispatchThroughMiddleware(Object(Illuminate\Queue\Jobs\DatabaseJob), Object(A17\Twill\Jobs\ReorderNestedModuleItems))\n#22 /Users/dev/Desktop/nlmaf-breeze/vendor/laravel/framework/src/Illuminate/Queue/Jobs/Job.php(102): Illuminate\Queue\CallQueuedHandler->call(Object(Illuminate\Queue\Jobs\DatabaseJob), Array)\n#23 /Users/dev/Desktop/nlmaf-breeze/vendor/laravel/framework/src/Illuminate/Queue/Worker.php(442): Illuminate\Queue\Jobs\Job->fire()\n#24 /Users/dev/Desktop/nlmaf-breeze/vendor/laravel/framework/src/Illuminate/Queue/Worker.php(392): Illuminate\Queue\Worker->process(''database'', Object(Illuminate\Queue\Jobs\DatabaseJob), Object(Illuminate\Queue\WorkerOptions))\n#25 /Users/dev/Desktop/nlmaf-breeze/vendor/laravel/framework/src/Illuminate/Queue/Worker.php(178): Illuminate\Queue\Worker->runJob(Object(Illuminate\Queue\Jobs\DatabaseJob), ''database'', Object(Illuminate\Queue\WorkerOptions))\n#26 /Users/dev/Desktop/nlmaf-breeze/vendor/laravel/framework/src/Illuminate/Queue/Console/WorkCommand.php(149): Illuminate\Queue\Worker->daemon(''database'', ''default'', Object(Illuminate\Queue\WorkerOptions))\n#27 /Users/dev/Desktop/nlmaf-breeze/vendor/laravel/framework/src/Illuminate/Queue/Console/WorkCommand.php(132): Illuminate\Queue\Console\WorkCommand->runWorker(''database'', ''default'')\n#28 /Users/dev/Desktop/nlmaf-breeze/vendor/laravel/framework/src/Illuminate/Container/BoundMethod.php(36): Illuminate\Queue\Console\WorkCommand->handle()\n#29 /Users/dev/Desktop/nlmaf-breeze/vendor/laravel/framework/src/Illuminate/Container/Util.php(43): Illuminate\Container\BoundMethod::{closure:Illuminate\Container\BoundMethod::call():35}()\n#30 /Users/dev/Desktop/nlmaf-breeze/vendor/laravel/framework/src/Illuminate/Container/BoundMethod.php(95): Illuminate\Container\Util::unwrapIfClosure(Object(Closure))\n#31 /Users/dev/Desktop/nlmaf-breeze/vendor/laravel/framework/src/Illuminate/Container/BoundMethod.php(35): Illuminate\Container\BoundMethod::callBoundMethod(Object(Illuminate\Foundation\Application), Array, Object(Closure))\n#32 /Users/dev/Desktop/nlmaf-breeze/vendor/laravel/framework/src/Illuminate/Container/Container.php(696): Illuminate\Container\BoundMethod::call(Object(Illuminate\Foundation\Application), Array, Array, NULL)\n#33 /Users/dev/Desktop/nlmaf-breeze/vendor/laravel/framework/src/Illuminate/Console/Command.php(213): Illuminate\Container\Container->call(Array)\n#34 /Users/dev/Desktop/nlmaf-breeze/vendor/symfony/console/Command/Command.php(279): Illuminate\Console\Command->execute(Object(Symfony\Component\Console\Input\ArgvInput), Object(Illuminate\Console\OutputStyle))\n#35 /Users/dev/Desktop/nlmaf-breeze/vendor/laravel/framework/src/Illuminate/Console/Command.php(182): Symfony\Component\Console\Command\Command->run(Object(Symfony\Component\Console\Input\ArgvInput), Object(Illuminate\Console\OutputStyle))\n#36 /Users/dev/Desktop/nlmaf-breeze/vendor/symfony/console/Application.php(1094): Illuminate\Console\Command->run(Object(Symfony\Component\Console\Input\ArgvInput), Object(Symfony\Component\Console\Output\ConsoleOutput))\n#37 /Users/dev/Desktop/nlmaf-breeze/vendor/symfony/console/Application.php(342): Symfony\Component\Console\Application->doRunCommand(Object(Illuminate\Queue\Console\WorkCommand), Object(Symfony\Component\Console\Input\ArgvInput), Object(Symfony\Component\Console\Output\ConsoleOutput))\n#38 /Users/dev/Desktop/nlmaf-breeze/vendor/symfony/console/Application.php(193): Symfony\Component\Console\Application->doRun(Object(Symfony\Component\Console\Input\ArgvInput), Object(Symfony\Component\Console\Output\ConsoleOutput))\n#39 /Users/dev/Desktop/nlmaf-breeze/vendor/laravel/framework/src/Illuminate/Foundation/Console/Kernel.php(198): Symfony\Component\Console\Application->run(Object(Symfony\Component\Console\Input\ArgvInput), Object(Symfony\Component\Console\Output\ConsoleOutput))\n#40 /Users/dev/Desktop/nlmaf-breeze/vendor/laravel/framework/src/Illuminate/Foundation/Application.php(1235): Illuminate\Foundation\Console\Kernel->handle(Object(Symfony\Component\Console\Input\ArgvInput), Object(Symfony\Component\Console\Output\ConsoleOutput))\n#41 /Users/dev/Desktop/nlmaf-breeze/artisan(13): Illuminate\Foundation\Application->handleCommand(Object(Symfony\Component\Console\Input\ArgvInput))\n#42 {main}','\n',char(10)),'2025-05-13 04:18:16');
INSERT INTO failed_jobs VALUES(13,'e23788cb-f35f-419c-b32b-0e841d21c067','database','default','{"uuid":"e23788cb-f35f-419c-b32b-0e841d21c067","displayName":"A17\\Twill\\Jobs\\ReorderNestedModuleItems","job":"Illuminate\\Queue\\CallQueuedHandler@call","maxTries":null,"maxExceptions":null,"failOnTimeout":false,"backoff":null,"timeout":null,"retryUntil":null,"data":{"commandName":"A17\\Twill\\Jobs\\ReorderNestedModuleItems","command":"O:39:\"A17\\Twill\\Jobs\\ReorderNestedModuleItems\":12:{s:13:\"\u0000*\u0000modelClass\";s:15:\"App\\Models\\Page\";s:6:\"\u0000*\u0000ids\";a:4:{i:0;i:1;i:1;i:3;i:2;i:2;i:3;i:4;}s:3:\"job\";N;s:10:\"connection\";N;s:5:\"queue\";s:7:\"default\";s:5:\"delay\";N;s:11:\"afterCommit\";N;s:10:\"middleware\";a:0:{}s:7:\"chained\";a:0:{}s:15:\"chainConnection\";N;s:10:\"chainQueue\";N;s:19:\"chainCatchCallbacks\";N;}"}}',replace('ErrorException: Trying to access array offset on int in /Users/dev/Desktop/nlmaf-breeze/vendor/area17/twill/src/Models/Behaviors/HasNesting.php:78\nStack trace:\n#0 /Users/dev/Desktop/nlmaf-breeze/vendor/laravel/framework/src/Illuminate/Foundation/Bootstrap/HandleExceptions.php(256): Illuminate\Foundation\Bootstrap\HandleExceptions->handleError(2, ''Trying to acces...'', ''/Users/dev/Desk...'', 78)\n#1 /Users/dev/Desktop/nlmaf-breeze/vendor/area17/twill/src/Models/Behaviors/HasNesting.php(78): Illuminate\Foundation\Bootstrap\HandleExceptions->{closure:Illuminate\Foundation\Bootstrap\HandleExceptions::forwardsTo():255}(2, ''Trying to acces...'', ''/Users/dev/Desk...'', 78)\n#2 /Users/dev/Desktop/nlmaf-breeze/vendor/area17/twill/src/Models/Behaviors/HasNesting.php(53): App\Models\Page::flattenTree(Array)\n#3 /Users/dev/Desktop/nlmaf-breeze/vendor/area17/twill/src/Jobs/ReorderNestedModuleItems.php(31): App\Models\Page::saveTreeFromIds(Array)\n#4 /Users/dev/Desktop/nlmaf-breeze/vendor/laravel/framework/src/Illuminate/Database/Concerns/ManagesTransactions.php(32): A17\Twill\Jobs\ReorderNestedModuleItems->{closure:A17\Twill\Jobs\ReorderNestedModuleItems::handle():30}(Object(Illuminate\Database\SQLiteConnection))\n#5 /Users/dev/Desktop/nlmaf-breeze/vendor/laravel/framework/src/Illuminate/Database/DatabaseManager.php(495): Illuminate\Database\Connection->transaction(Object(Closure), 3)\n#6 /Users/dev/Desktop/nlmaf-breeze/vendor/laravel/framework/src/Illuminate/Support/Facades/Facade.php(361): Illuminate\Database\DatabaseManager->__call(''transaction'', Array)\n#7 /Users/dev/Desktop/nlmaf-breeze/vendor/area17/twill/src/Jobs/ReorderNestedModuleItems.php(30): Illuminate\Support\Facades\Facade::__callStatic(''transaction'', Array)\n#8 /Users/dev/Desktop/nlmaf-breeze/vendor/laravel/framework/src/Illuminate/Container/BoundMethod.php(36): A17\Twill\Jobs\ReorderNestedModuleItems->handle()\n#9 /Users/dev/Desktop/nlmaf-breeze/vendor/laravel/framework/src/Illuminate/Container/Util.php(43): Illuminate\Container\BoundMethod::{closure:Illuminate\Container\BoundMethod::call():35}()\n#10 /Users/dev/Desktop/nlmaf-breeze/vendor/laravel/framework/src/Illuminate/Container/BoundMethod.php(95): Illuminate\Container\Util::unwrapIfClosure(Object(Closure))\n#11 /Users/dev/Desktop/nlmaf-breeze/vendor/laravel/framework/src/Illuminate/Container/BoundMethod.php(35): Illuminate\Container\BoundMethod::callBoundMethod(Object(Illuminate\Foundation\Application), Array, Object(Closure))\n#12 /Users/dev/Desktop/nlmaf-breeze/vendor/laravel/framework/src/Illuminate/Container/Container.php(696): Illuminate\Container\BoundMethod::call(Object(Illuminate\Foundation\Application), Array, Array, NULL)\n#13 /Users/dev/Desktop/nlmaf-breeze/vendor/laravel/framework/src/Illuminate/Bus/Dispatcher.php(126): Illuminate\Container\Container->call(Array)\n#14 /Users/dev/Desktop/nlmaf-breeze/vendor/laravel/framework/src/Illuminate/Pipeline/Pipeline.php(170): Illuminate\Bus\Dispatcher->{closure:Illuminate\Bus\Dispatcher::dispatchNow():123}(Object(A17\Twill\Jobs\ReorderNestedModuleItems))\n#15 /Users/dev/Desktop/nlmaf-breeze/vendor/laravel/framework/src/Illuminate/Pipeline/Pipeline.php(127): Illuminate\Pipeline\Pipeline->{closure:Illuminate\Pipeline\Pipeline::prepareDestination():168}(Object(A17\Twill\Jobs\ReorderNestedModuleItems))\n#16 /Users/dev/Desktop/nlmaf-breeze/vendor/laravel/framework/src/Illuminate/Bus/Dispatcher.php(130): Illuminate\Pipeline\Pipeline->then(Object(Closure))\n#17 /Users/dev/Desktop/nlmaf-breeze/vendor/laravel/framework/src/Illuminate/Queue/CallQueuedHandler.php(126): Illuminate\Bus\Dispatcher->dispatchNow(Object(A17\Twill\Jobs\ReorderNestedModuleItems), false)\n#18 /Users/dev/Desktop/nlmaf-breeze/vendor/laravel/framework/src/Illuminate/Pipeline/Pipeline.php(170): Illuminate\Queue\CallQueuedHandler->{closure:Illuminate\Queue\CallQueuedHandler::dispatchThroughMiddleware():121}(Object(A17\Twill\Jobs\ReorderNestedModuleItems))\n#19 /Users/dev/Desktop/nlmaf-breeze/vendor/laravel/framework/src/Illuminate/Pipeline/Pipeline.php(127): Illuminate\Pipeline\Pipeline->{closure:Illuminate\Pipeline\Pipeline::prepareDestination():168}(Object(A17\Twill\Jobs\ReorderNestedModuleItems))\n#20 /Users/dev/Desktop/nlmaf-breeze/vendor/laravel/framework/src/Illuminate/Queue/CallQueuedHandler.php(121): Illuminate\Pipeline\Pipeline->then(Object(Closure))\n#21 /Users/dev/Desktop/nlmaf-breeze/vendor/laravel/framework/src/Illuminate/Queue/CallQueuedHandler.php(69): Illuminate\Queue\CallQueuedHandler->dispatchThroughMiddleware(Object(Illuminate\Queue\Jobs\DatabaseJob), Object(A17\Twill\Jobs\ReorderNestedModuleItems))\n#22 /Users/dev/Desktop/nlmaf-breeze/vendor/laravel/framework/src/Illuminate/Queue/Jobs/Job.php(102): Illuminate\Queue\CallQueuedHandler->call(Object(Illuminate\Queue\Jobs\DatabaseJob), Array)\n#23 /Users/dev/Desktop/nlmaf-breeze/vendor/laravel/framework/src/Illuminate/Queue/Worker.php(442): Illuminate\Queue\Jobs\Job->fire()\n#24 /Users/dev/Desktop/nlmaf-breeze/vendor/laravel/framework/src/Illuminate/Queue/Worker.php(392): Illuminate\Queue\Worker->process(''database'', Object(Illuminate\Queue\Jobs\DatabaseJob), Object(Illuminate\Queue\WorkerOptions))\n#25 /Users/dev/Desktop/nlmaf-breeze/vendor/laravel/framework/src/Illuminate/Queue/Worker.php(178): Illuminate\Queue\Worker->runJob(Object(Illuminate\Queue\Jobs\DatabaseJob), ''database'', Object(Illuminate\Queue\WorkerOptions))\n#26 /Users/dev/Desktop/nlmaf-breeze/vendor/laravel/framework/src/Illuminate/Queue/Console/WorkCommand.php(149): Illuminate\Queue\Worker->daemon(''database'', ''default'', Object(Illuminate\Queue\WorkerOptions))\n#27 /Users/dev/Desktop/nlmaf-breeze/vendor/laravel/framework/src/Illuminate/Queue/Console/WorkCommand.php(132): Illuminate\Queue\Console\WorkCommand->runWorker(''database'', ''default'')\n#28 /Users/dev/Desktop/nlmaf-breeze/vendor/laravel/framework/src/Illuminate/Container/BoundMethod.php(36): Illuminate\Queue\Console\WorkCommand->handle()\n#29 /Users/dev/Desktop/nlmaf-breeze/vendor/laravel/framework/src/Illuminate/Container/Util.php(43): Illuminate\Container\BoundMethod::{closure:Illuminate\Container\BoundMethod::call():35}()\n#30 /Users/dev/Desktop/nlmaf-breeze/vendor/laravel/framework/src/Illuminate/Container/BoundMethod.php(95): Illuminate\Container\Util::unwrapIfClosure(Object(Closure))\n#31 /Users/dev/Desktop/nlmaf-breeze/vendor/laravel/framework/src/Illuminate/Container/BoundMethod.php(35): Illuminate\Container\BoundMethod::callBoundMethod(Object(Illuminate\Foundation\Application), Array, Object(Closure))\n#32 /Users/dev/Desktop/nlmaf-breeze/vendor/laravel/framework/src/Illuminate/Container/Container.php(696): Illuminate\Container\BoundMethod::call(Object(Illuminate\Foundation\Application), Array, Array, NULL)\n#33 /Users/dev/Desktop/nlmaf-breeze/vendor/laravel/framework/src/Illuminate/Console/Command.php(213): Illuminate\Container\Container->call(Array)\n#34 /Users/dev/Desktop/nlmaf-breeze/vendor/symfony/console/Command/Command.php(279): Illuminate\Console\Command->execute(Object(Symfony\Component\Console\Input\ArgvInput), Object(Illuminate\Console\OutputStyle))\n#35 /Users/dev/Desktop/nlmaf-breeze/vendor/laravel/framework/src/Illuminate/Console/Command.php(182): Symfony\Component\Console\Command\Command->run(Object(Symfony\Component\Console\Input\ArgvInput), Object(Illuminate\Console\OutputStyle))\n#36 /Users/dev/Desktop/nlmaf-breeze/vendor/symfony/console/Application.php(1094): Illuminate\Console\Command->run(Object(Symfony\Component\Console\Input\ArgvInput), Object(Symfony\Component\Console\Output\ConsoleOutput))\n#37 /Users/dev/Desktop/nlmaf-breeze/vendor/symfony/console/Application.php(342): Symfony\Component\Console\Application->doRunCommand(Object(Illuminate\Queue\Console\WorkCommand), Object(Symfony\Component\Console\Input\ArgvInput), Object(Symfony\Component\Console\Output\ConsoleOutput))\n#38 /Users/dev/Desktop/nlmaf-breeze/vendor/symfony/console/Application.php(193): Symfony\Component\Console\Application->doRun(Object(Symfony\Component\Console\Input\ArgvInput), Object(Symfony\Component\Console\Output\ConsoleOutput))\n#39 /Users/dev/Desktop/nlmaf-breeze/vendor/laravel/framework/src/Illuminate/Foundation/Console/Kernel.php(198): Symfony\Component\Console\Application->run(Object(Symfony\Component\Console\Input\ArgvInput), Object(Symfony\Component\Console\Output\ConsoleOutput))\n#40 /Users/dev/Desktop/nlmaf-breeze/vendor/laravel/framework/src/Illuminate/Foundation/Application.php(1235): Illuminate\Foundation\Console\Kernel->handle(Object(Symfony\Component\Console\Input\ArgvInput), Object(Symfony\Component\Console\Output\ConsoleOutput))\n#41 /Users/dev/Desktop/nlmaf-breeze/artisan(13): Illuminate\Foundation\Application->handleCommand(Object(Symfony\Component\Console\Input\ArgvInput))\n#42 {main}','\n',char(10)),'2025-05-13 04:18:16');
INSERT INTO failed_jobs VALUES(14,'cdc49790-b9dd-40b1-bbf1-544638a8d746','database','default','{"uuid":"cdc49790-b9dd-40b1-bbf1-544638a8d746","displayName":"A17\\Twill\\Jobs\\ReorderNestedModuleItems","job":"Illuminate\\Queue\\CallQueuedHandler@call","maxTries":null,"maxExceptions":null,"failOnTimeout":false,"backoff":null,"timeout":null,"retryUntil":null,"data":{"commandName":"A17\\Twill\\Jobs\\ReorderNestedModuleItems","command":"O:39:\"A17\\Twill\\Jobs\\ReorderNestedModuleItems\":12:{s:13:\"\u0000*\u0000modelClass\";s:15:\"App\\Models\\Page\";s:6:\"\u0000*\u0000ids\";a:4:{i:0;i:1;i:1;i:3;i:2;i:2;i:3;i:4;}s:3:\"job\";N;s:10:\"connection\";N;s:5:\"queue\";s:7:\"default\";s:5:\"delay\";N;s:11:\"afterCommit\";N;s:10:\"middleware\";a:0:{}s:7:\"chained\";a:0:{}s:15:\"chainConnection\";N;s:10:\"chainQueue\";N;s:19:\"chainCatchCallbacks\";N;}"}}',replace('ErrorException: Trying to access array offset on int in /Users/dev/Desktop/nlmaf-breeze/vendor/area17/twill/src/Models/Behaviors/HasNesting.php:78\nStack trace:\n#0 /Users/dev/Desktop/nlmaf-breeze/vendor/laravel/framework/src/Illuminate/Foundation/Bootstrap/HandleExceptions.php(256): Illuminate\Foundation\Bootstrap\HandleExceptions->handleError(2, ''Trying to acces...'', ''/Users/dev/Desk...'', 78)\n#1 /Users/dev/Desktop/nlmaf-breeze/vendor/area17/twill/src/Models/Behaviors/HasNesting.php(78): Illuminate\Foundation\Bootstrap\HandleExceptions->{closure:Illuminate\Foundation\Bootstrap\HandleExceptions::forwardsTo():255}(2, ''Trying to acces...'', ''/Users/dev/Desk...'', 78)\n#2 /Users/dev/Desktop/nlmaf-breeze/vendor/area17/twill/src/Models/Behaviors/HasNesting.php(53): App\Models\Page::flattenTree(Array)\n#3 /Users/dev/Desktop/nlmaf-breeze/vendor/area17/twill/src/Jobs/ReorderNestedModuleItems.php(31): App\Models\Page::saveTreeFromIds(Array)\n#4 /Users/dev/Desktop/nlmaf-breeze/vendor/laravel/framework/src/Illuminate/Database/Concerns/ManagesTransactions.php(32): A17\Twill\Jobs\ReorderNestedModuleItems->{closure:A17\Twill\Jobs\ReorderNestedModuleItems::handle():30}(Object(Illuminate\Database\SQLiteConnection))\n#5 /Users/dev/Desktop/nlmaf-breeze/vendor/laravel/framework/src/Illuminate/Database/DatabaseManager.php(495): Illuminate\Database\Connection->transaction(Object(Closure), 3)\n#6 /Users/dev/Desktop/nlmaf-breeze/vendor/laravel/framework/src/Illuminate/Support/Facades/Facade.php(361): Illuminate\Database\DatabaseManager->__call(''transaction'', Array)\n#7 /Users/dev/Desktop/nlmaf-breeze/vendor/area17/twill/src/Jobs/ReorderNestedModuleItems.php(30): Illuminate\Support\Facades\Facade::__callStatic(''transaction'', Array)\n#8 /Users/dev/Desktop/nlmaf-breeze/vendor/laravel/framework/src/Illuminate/Container/BoundMethod.php(36): A17\Twill\Jobs\ReorderNestedModuleItems->handle()\n#9 /Users/dev/Desktop/nlmaf-breeze/vendor/laravel/framework/src/Illuminate/Container/Util.php(43): Illuminate\Container\BoundMethod::{closure:Illuminate\Container\BoundMethod::call():35}()\n#10 /Users/dev/Desktop/nlmaf-breeze/vendor/laravel/framework/src/Illuminate/Container/BoundMethod.php(95): Illuminate\Container\Util::unwrapIfClosure(Object(Closure))\n#11 /Users/dev/Desktop/nlmaf-breeze/vendor/laravel/framework/src/Illuminate/Container/BoundMethod.php(35): Illuminate\Container\BoundMethod::callBoundMethod(Object(Illuminate\Foundation\Application), Array, Object(Closure))\n#12 /Users/dev/Desktop/nlmaf-breeze/vendor/laravel/framework/src/Illuminate/Container/Container.php(696): Illuminate\Container\BoundMethod::call(Object(Illuminate\Foundation\Application), Array, Array, NULL)\n#13 /Users/dev/Desktop/nlmaf-breeze/vendor/laravel/framework/src/Illuminate/Bus/Dispatcher.php(126): Illuminate\Container\Container->call(Array)\n#14 /Users/dev/Desktop/nlmaf-breeze/vendor/laravel/framework/src/Illuminate/Pipeline/Pipeline.php(170): Illuminate\Bus\Dispatcher->{closure:Illuminate\Bus\Dispatcher::dispatchNow():123}(Object(A17\Twill\Jobs\ReorderNestedModuleItems))\n#15 /Users/dev/Desktop/nlmaf-breeze/vendor/laravel/framework/src/Illuminate/Pipeline/Pipeline.php(127): Illuminate\Pipeline\Pipeline->{closure:Illuminate\Pipeline\Pipeline::prepareDestination():168}(Object(A17\Twill\Jobs\ReorderNestedModuleItems))\n#16 /Users/dev/Desktop/nlmaf-breeze/vendor/laravel/framework/src/Illuminate/Bus/Dispatcher.php(130): Illuminate\Pipeline\Pipeline->then(Object(Closure))\n#17 /Users/dev/Desktop/nlmaf-breeze/vendor/laravel/framework/src/Illuminate/Queue/CallQueuedHandler.php(126): Illuminate\Bus\Dispatcher->dispatchNow(Object(A17\Twill\Jobs\ReorderNestedModuleItems), false)\n#18 /Users/dev/Desktop/nlmaf-breeze/vendor/laravel/framework/src/Illuminate/Pipeline/Pipeline.php(170): Illuminate\Queue\CallQueuedHandler->{closure:Illuminate\Queue\CallQueuedHandler::dispatchThroughMiddleware():121}(Object(A17\Twill\Jobs\ReorderNestedModuleItems))\n#19 /Users/dev/Desktop/nlmaf-breeze/vendor/laravel/framework/src/Illuminate/Pipeline/Pipeline.php(127): Illuminate\Pipeline\Pipeline->{closure:Illuminate\Pipeline\Pipeline::prepareDestination():168}(Object(A17\Twill\Jobs\ReorderNestedModuleItems))\n#20 /Users/dev/Desktop/nlmaf-breeze/vendor/laravel/framework/src/Illuminate/Queue/CallQueuedHandler.php(121): Illuminate\Pipeline\Pipeline->then(Object(Closure))\n#21 /Users/dev/Desktop/nlmaf-breeze/vendor/laravel/framework/src/Illuminate/Queue/CallQueuedHandler.php(69): Illuminate\Queue\CallQueuedHandler->dispatchThroughMiddleware(Object(Illuminate\Queue\Jobs\DatabaseJob), Object(A17\Twill\Jobs\ReorderNestedModuleItems))\n#22 /Users/dev/Desktop/nlmaf-breeze/vendor/laravel/framework/src/Illuminate/Queue/Jobs/Job.php(102): Illuminate\Queue\CallQueuedHandler->call(Object(Illuminate\Queue\Jobs\DatabaseJob), Array)\n#23 /Users/dev/Desktop/nlmaf-breeze/vendor/laravel/framework/src/Illuminate/Queue/Worker.php(442): Illuminate\Queue\Jobs\Job->fire()\n#24 /Users/dev/Desktop/nlmaf-breeze/vendor/laravel/framework/src/Illuminate/Queue/Worker.php(392): Illuminate\Queue\Worker->process(''database'', Object(Illuminate\Queue\Jobs\DatabaseJob), Object(Illuminate\Queue\WorkerOptions))\n#25 /Users/dev/Desktop/nlmaf-breeze/vendor/laravel/framework/src/Illuminate/Queue/Worker.php(178): Illuminate\Queue\Worker->runJob(Object(Illuminate\Queue\Jobs\DatabaseJob), ''database'', Object(Illuminate\Queue\WorkerOptions))\n#26 /Users/dev/Desktop/nlmaf-breeze/vendor/laravel/framework/src/Illuminate/Queue/Console/WorkCommand.php(149): Illuminate\Queue\Worker->daemon(''database'', ''default'', Object(Illuminate\Queue\WorkerOptions))\n#27 /Users/dev/Desktop/nlmaf-breeze/vendor/laravel/framework/src/Illuminate/Queue/Console/WorkCommand.php(132): Illuminate\Queue\Console\WorkCommand->runWorker(''database'', ''default'')\n#28 /Users/dev/Desktop/nlmaf-breeze/vendor/laravel/framework/src/Illuminate/Container/BoundMethod.php(36): Illuminate\Queue\Console\WorkCommand->handle()\n#29 /Users/dev/Desktop/nlmaf-breeze/vendor/laravel/framework/src/Illuminate/Container/Util.php(43): Illuminate\Container\BoundMethod::{closure:Illuminate\Container\BoundMethod::call():35}()\n#30 /Users/dev/Desktop/nlmaf-breeze/vendor/laravel/framework/src/Illuminate/Container/BoundMethod.php(95): Illuminate\Container\Util::unwrapIfClosure(Object(Closure))\n#31 /Users/dev/Desktop/nlmaf-breeze/vendor/laravel/framework/src/Illuminate/Container/BoundMethod.php(35): Illuminate\Container\BoundMethod::callBoundMethod(Object(Illuminate\Foundation\Application), Array, Object(Closure))\n#32 /Users/dev/Desktop/nlmaf-breeze/vendor/laravel/framework/src/Illuminate/Container/Container.php(696): Illuminate\Container\BoundMethod::call(Object(Illuminate\Foundation\Application), Array, Array, NULL)\n#33 /Users/dev/Desktop/nlmaf-breeze/vendor/laravel/framework/src/Illuminate/Console/Command.php(213): Illuminate\Container\Container->call(Array)\n#34 /Users/dev/Desktop/nlmaf-breeze/vendor/symfony/console/Command/Command.php(279): Illuminate\Console\Command->execute(Object(Symfony\Component\Console\Input\ArgvInput), Object(Illuminate\Console\OutputStyle))\n#35 /Users/dev/Desktop/nlmaf-breeze/vendor/laravel/framework/src/Illuminate/Console/Command.php(182): Symfony\Component\Console\Command\Command->run(Object(Symfony\Component\Console\Input\ArgvInput), Object(Illuminate\Console\OutputStyle))\n#36 /Users/dev/Desktop/nlmaf-breeze/vendor/symfony/console/Application.php(1094): Illuminate\Console\Command->run(Object(Symfony\Component\Console\Input\ArgvInput), Object(Symfony\Component\Console\Output\ConsoleOutput))\n#37 /Users/dev/Desktop/nlmaf-breeze/vendor/symfony/console/Application.php(342): Symfony\Component\Console\Application->doRunCommand(Object(Illuminate\Queue\Console\WorkCommand), Object(Symfony\Component\Console\Input\ArgvInput), Object(Symfony\Component\Console\Output\ConsoleOutput))\n#38 /Users/dev/Desktop/nlmaf-breeze/vendor/symfony/console/Application.php(193): Symfony\Component\Console\Application->doRun(Object(Symfony\Component\Console\Input\ArgvInput), Object(Symfony\Component\Console\Output\ConsoleOutput))\n#39 /Users/dev/Desktop/nlmaf-breeze/vendor/laravel/framework/src/Illuminate/Foundation/Console/Kernel.php(198): Symfony\Component\Console\Application->run(Object(Symfony\Component\Console\Input\ArgvInput), Object(Symfony\Component\Console\Output\ConsoleOutput))\n#40 /Users/dev/Desktop/nlmaf-breeze/vendor/laravel/framework/src/Illuminate/Foundation/Application.php(1235): Illuminate\Foundation\Console\Kernel->handle(Object(Symfony\Component\Console\Input\ArgvInput), Object(Symfony\Component\Console\Output\ConsoleOutput))\n#41 /Users/dev/Desktop/nlmaf-breeze/artisan(13): Illuminate\Foundation\Application->handleCommand(Object(Symfony\Component\Console\Input\ArgvInput))\n#42 {main}','\n',char(10)),'2025-05-13 04:18:16');
INSERT INTO failed_jobs VALUES(15,'71993d6a-774b-43fb-8afb-9a8333cd632f','database','default','{"uuid":"71993d6a-774b-43fb-8afb-9a8333cd632f","displayName":"A17\\Twill\\Jobs\\ReorderNestedModuleItems","job":"Illuminate\\Queue\\CallQueuedHandler@call","maxTries":null,"maxExceptions":null,"failOnTimeout":false,"backoff":null,"timeout":null,"retryUntil":null,"data":{"commandName":"A17\\Twill\\Jobs\\ReorderNestedModuleItems","command":"O:39:\"A17\\Twill\\Jobs\\ReorderNestedModuleItems\":12:{s:13:\"\u0000*\u0000modelClass\";s:15:\"App\\Models\\Page\";s:6:\"\u0000*\u0000ids\";a:4:{i:0;i:1;i:1;i:4;i:2;i:3;i:3;i:2;}s:3:\"job\";N;s:10:\"connection\";N;s:5:\"queue\";s:7:\"default\";s:5:\"delay\";N;s:11:\"afterCommit\";N;s:10:\"middleware\";a:0:{}s:7:\"chained\";a:0:{}s:15:\"chainConnection\";N;s:10:\"chainQueue\";N;s:19:\"chainCatchCallbacks\";N;}"}}',replace('ErrorException: Trying to access array offset on int in /Users/dev/Desktop/nlmaf-breeze/vendor/area17/twill/src/Models/Behaviors/HasNesting.php:78\nStack trace:\n#0 /Users/dev/Desktop/nlmaf-breeze/vendor/laravel/framework/src/Illuminate/Foundation/Bootstrap/HandleExceptions.php(256): Illuminate\Foundation\Bootstrap\HandleExceptions->handleError(2, ''Trying to acces...'', ''/Users/dev/Desk...'', 78)\n#1 /Users/dev/Desktop/nlmaf-breeze/vendor/area17/twill/src/Models/Behaviors/HasNesting.php(78): Illuminate\Foundation\Bootstrap\HandleExceptions->{closure:Illuminate\Foundation\Bootstrap\HandleExceptions::forwardsTo():255}(2, ''Trying to acces...'', ''/Users/dev/Desk...'', 78)\n#2 /Users/dev/Desktop/nlmaf-breeze/vendor/area17/twill/src/Models/Behaviors/HasNesting.php(53): App\Models\Page::flattenTree(Array)\n#3 /Users/dev/Desktop/nlmaf-breeze/vendor/area17/twill/src/Jobs/ReorderNestedModuleItems.php(31): App\Models\Page::saveTreeFromIds(Array)\n#4 /Users/dev/Desktop/nlmaf-breeze/vendor/laravel/framework/src/Illuminate/Database/Concerns/ManagesTransactions.php(32): A17\Twill\Jobs\ReorderNestedModuleItems->{closure:A17\Twill\Jobs\ReorderNestedModuleItems::handle():30}(Object(Illuminate\Database\SQLiteConnection))\n#5 /Users/dev/Desktop/nlmaf-breeze/vendor/laravel/framework/src/Illuminate/Database/DatabaseManager.php(495): Illuminate\Database\Connection->transaction(Object(Closure), 3)\n#6 /Users/dev/Desktop/nlmaf-breeze/vendor/laravel/framework/src/Illuminate/Support/Facades/Facade.php(361): Illuminate\Database\DatabaseManager->__call(''transaction'', Array)\n#7 /Users/dev/Desktop/nlmaf-breeze/vendor/area17/twill/src/Jobs/ReorderNestedModuleItems.php(30): Illuminate\Support\Facades\Facade::__callStatic(''transaction'', Array)\n#8 /Users/dev/Desktop/nlmaf-breeze/vendor/laravel/framework/src/Illuminate/Container/BoundMethod.php(36): A17\Twill\Jobs\ReorderNestedModuleItems->handle()\n#9 /Users/dev/Desktop/nlmaf-breeze/vendor/laravel/framework/src/Illuminate/Container/Util.php(43): Illuminate\Container\BoundMethod::{closure:Illuminate\Container\BoundMethod::call():35}()\n#10 /Users/dev/Desktop/nlmaf-breeze/vendor/laravel/framework/src/Illuminate/Container/BoundMethod.php(95): Illuminate\Container\Util::unwrapIfClosure(Object(Closure))\n#11 /Users/dev/Desktop/nlmaf-breeze/vendor/laravel/framework/src/Illuminate/Container/BoundMethod.php(35): Illuminate\Container\BoundMethod::callBoundMethod(Object(Illuminate\Foundation\Application), Array, Object(Closure))\n#12 /Users/dev/Desktop/nlmaf-breeze/vendor/laravel/framework/src/Illuminate/Container/Container.php(696): Illuminate\Container\BoundMethod::call(Object(Illuminate\Foundation\Application), Array, Array, NULL)\n#13 /Users/dev/Desktop/nlmaf-breeze/vendor/laravel/framework/src/Illuminate/Bus/Dispatcher.php(126): Illuminate\Container\Container->call(Array)\n#14 /Users/dev/Desktop/nlmaf-breeze/vendor/laravel/framework/src/Illuminate/Pipeline/Pipeline.php(170): Illuminate\Bus\Dispatcher->{closure:Illuminate\Bus\Dispatcher::dispatchNow():123}(Object(A17\Twill\Jobs\ReorderNestedModuleItems))\n#15 /Users/dev/Desktop/nlmaf-breeze/vendor/laravel/framework/src/Illuminate/Pipeline/Pipeline.php(127): Illuminate\Pipeline\Pipeline->{closure:Illuminate\Pipeline\Pipeline::prepareDestination():168}(Object(A17\Twill\Jobs\ReorderNestedModuleItems))\n#16 /Users/dev/Desktop/nlmaf-breeze/vendor/laravel/framework/src/Illuminate/Bus/Dispatcher.php(130): Illuminate\Pipeline\Pipeline->then(Object(Closure))\n#17 /Users/dev/Desktop/nlmaf-breeze/vendor/laravel/framework/src/Illuminate/Queue/CallQueuedHandler.php(126): Illuminate\Bus\Dispatcher->dispatchNow(Object(A17\Twill\Jobs\ReorderNestedModuleItems), false)\n#18 /Users/dev/Desktop/nlmaf-breeze/vendor/laravel/framework/src/Illuminate/Pipeline/Pipeline.php(170): Illuminate\Queue\CallQueuedHandler->{closure:Illuminate\Queue\CallQueuedHandler::dispatchThroughMiddleware():121}(Object(A17\Twill\Jobs\ReorderNestedModuleItems))\n#19 /Users/dev/Desktop/nlmaf-breeze/vendor/laravel/framework/src/Illuminate/Pipeline/Pipeline.php(127): Illuminate\Pipeline\Pipeline->{closure:Illuminate\Pipeline\Pipeline::prepareDestination():168}(Object(A17\Twill\Jobs\ReorderNestedModuleItems))\n#20 /Users/dev/Desktop/nlmaf-breeze/vendor/laravel/framework/src/Illuminate/Queue/CallQueuedHandler.php(121): Illuminate\Pipeline\Pipeline->then(Object(Closure))\n#21 /Users/dev/Desktop/nlmaf-breeze/vendor/laravel/framework/src/Illuminate/Queue/CallQueuedHandler.php(69): Illuminate\Queue\CallQueuedHandler->dispatchThroughMiddleware(Object(Illuminate\Queue\Jobs\DatabaseJob), Object(A17\Twill\Jobs\ReorderNestedModuleItems))\n#22 /Users/dev/Desktop/nlmaf-breeze/vendor/laravel/framework/src/Illuminate/Queue/Jobs/Job.php(102): Illuminate\Queue\CallQueuedHandler->call(Object(Illuminate\Queue\Jobs\DatabaseJob), Array)\n#23 /Users/dev/Desktop/nlmaf-breeze/vendor/laravel/framework/src/Illuminate/Queue/Worker.php(442): Illuminate\Queue\Jobs\Job->fire()\n#24 /Users/dev/Desktop/nlmaf-breeze/vendor/laravel/framework/src/Illuminate/Queue/Worker.php(392): Illuminate\Queue\Worker->process(''database'', Object(Illuminate\Queue\Jobs\DatabaseJob), Object(Illuminate\Queue\WorkerOptions))\n#25 /Users/dev/Desktop/nlmaf-breeze/vendor/laravel/framework/src/Illuminate/Queue/Worker.php(178): Illuminate\Queue\Worker->runJob(Object(Illuminate\Queue\Jobs\DatabaseJob), ''database'', Object(Illuminate\Queue\WorkerOptions))\n#26 /Users/dev/Desktop/nlmaf-breeze/vendor/laravel/framework/src/Illuminate/Queue/Console/WorkCommand.php(149): Illuminate\Queue\Worker->daemon(''database'', ''default'', Object(Illuminate\Queue\WorkerOptions))\n#27 /Users/dev/Desktop/nlmaf-breeze/vendor/laravel/framework/src/Illuminate/Queue/Console/WorkCommand.php(132): Illuminate\Queue\Console\WorkCommand->runWorker(''database'', ''default'')\n#28 /Users/dev/Desktop/nlmaf-breeze/vendor/laravel/framework/src/Illuminate/Container/BoundMethod.php(36): Illuminate\Queue\Console\WorkCommand->handle()\n#29 /Users/dev/Desktop/nlmaf-breeze/vendor/laravel/framework/src/Illuminate/Container/Util.php(43): Illuminate\Container\BoundMethod::{closure:Illuminate\Container\BoundMethod::call():35}()\n#30 /Users/dev/Desktop/nlmaf-breeze/vendor/laravel/framework/src/Illuminate/Container/BoundMethod.php(95): Illuminate\Container\Util::unwrapIfClosure(Object(Closure))\n#31 /Users/dev/Desktop/nlmaf-breeze/vendor/laravel/framework/src/Illuminate/Container/BoundMethod.php(35): Illuminate\Container\BoundMethod::callBoundMethod(Object(Illuminate\Foundation\Application), Array, Object(Closure))\n#32 /Users/dev/Desktop/nlmaf-breeze/vendor/laravel/framework/src/Illuminate/Container/Container.php(696): Illuminate\Container\BoundMethod::call(Object(Illuminate\Foundation\Application), Array, Array, NULL)\n#33 /Users/dev/Desktop/nlmaf-breeze/vendor/laravel/framework/src/Illuminate/Console/Command.php(213): Illuminate\Container\Container->call(Array)\n#34 /Users/dev/Desktop/nlmaf-breeze/vendor/symfony/console/Command/Command.php(279): Illuminate\Console\Command->execute(Object(Symfony\Component\Console\Input\ArgvInput), Object(Illuminate\Console\OutputStyle))\n#35 /Users/dev/Desktop/nlmaf-breeze/vendor/laravel/framework/src/Illuminate/Console/Command.php(182): Symfony\Component\Console\Command\Command->run(Object(Symfony\Component\Console\Input\ArgvInput), Object(Illuminate\Console\OutputStyle))\n#36 /Users/dev/Desktop/nlmaf-breeze/vendor/symfony/console/Application.php(1094): Illuminate\Console\Command->run(Object(Symfony\Component\Console\Input\ArgvInput), Object(Symfony\Component\Console\Output\ConsoleOutput))\n#37 /Users/dev/Desktop/nlmaf-breeze/vendor/symfony/console/Application.php(342): Symfony\Component\Console\Application->doRunCommand(Object(Illuminate\Queue\Console\WorkCommand), Object(Symfony\Component\Console\Input\ArgvInput), Object(Symfony\Component\Console\Output\ConsoleOutput))\n#38 /Users/dev/Desktop/nlmaf-breeze/vendor/symfony/console/Application.php(193): Symfony\Component\Console\Application->doRun(Object(Symfony\Component\Console\Input\ArgvInput), Object(Symfony\Component\Console\Output\ConsoleOutput))\n#39 /Users/dev/Desktop/nlmaf-breeze/vendor/laravel/framework/src/Illuminate/Foundation/Console/Kernel.php(198): Symfony\Component\Console\Application->run(Object(Symfony\Component\Console\Input\ArgvInput), Object(Symfony\Component\Console\Output\ConsoleOutput))\n#40 /Users/dev/Desktop/nlmaf-breeze/vendor/laravel/framework/src/Illuminate/Foundation/Application.php(1235): Illuminate\Foundation\Console\Kernel->handle(Object(Symfony\Component\Console\Input\ArgvInput), Object(Symfony\Component\Console\Output\ConsoleOutput))\n#41 /Users/dev/Desktop/nlmaf-breeze/artisan(13): Illuminate\Foundation\Application->handleCommand(Object(Symfony\Component\Console\Input\ArgvInput))\n#42 {main}','\n',char(10)),'2025-05-13 04:18:16');
INSERT INTO failed_jobs VALUES(16,'0a37d513-c964-4b15-afb9-550bbecfa153','database','default','{"uuid":"0a37d513-c964-4b15-afb9-550bbecfa153","displayName":"A17\\Twill\\Jobs\\ReorderNestedModuleItems","job":"Illuminate\\Queue\\CallQueuedHandler@call","maxTries":null,"maxExceptions":null,"failOnTimeout":false,"backoff":null,"timeout":null,"retryUntil":null,"data":{"commandName":"A17\\Twill\\Jobs\\ReorderNestedModuleItems","command":"O:39:\"A17\\Twill\\Jobs\\ReorderNestedModuleItems\":12:{s:13:\"\u0000*\u0000modelClass\";s:19:\"App\\Models\\MenuLink\";s:6:\"\u0000*\u0000ids\";a:2:{i:0;i:5;i:1;i:4;}s:3:\"job\";N;s:10:\"connection\";N;s:5:\"queue\";s:7:\"default\";s:5:\"delay\";N;s:11:\"afterCommit\";N;s:10:\"middleware\";a:0:{}s:7:\"chained\";a:0:{}s:15:\"chainConnection\";N;s:10:\"chainQueue\";N;s:19:\"chainCatchCallbacks\";N;}"}}',replace('ErrorException: Trying to access array offset on int in /Users/dev/Desktop/nlmaf-breeze/vendor/area17/twill/src/Models/Behaviors/HasNesting.php:78\nStack trace:\n#0 /Users/dev/Desktop/nlmaf-breeze/vendor/laravel/framework/src/Illuminate/Foundation/Bootstrap/HandleExceptions.php(256): Illuminate\Foundation\Bootstrap\HandleExceptions->handleError(2, ''Trying to acces...'', ''/Users/dev/Desk...'', 78)\n#1 /Users/dev/Desktop/nlmaf-breeze/vendor/area17/twill/src/Models/Behaviors/HasNesting.php(78): Illuminate\Foundation\Bootstrap\HandleExceptions->{closure:Illuminate\Foundation\Bootstrap\HandleExceptions::forwardsTo():255}(2, ''Trying to acces...'', ''/Users/dev/Desk...'', 78)\n#2 /Users/dev/Desktop/nlmaf-breeze/vendor/area17/twill/src/Models/Behaviors/HasNesting.php(53): App\Models\MenuLink::flattenTree(Array)\n#3 /Users/dev/Desktop/nlmaf-breeze/vendor/area17/twill/src/Jobs/ReorderNestedModuleItems.php(31): App\Models\MenuLink::saveTreeFromIds(Array)\n#4 /Users/dev/Desktop/nlmaf-breeze/vendor/laravel/framework/src/Illuminate/Database/Concerns/ManagesTransactions.php(32): A17\Twill\Jobs\ReorderNestedModuleItems->{closure:A17\Twill\Jobs\ReorderNestedModuleItems::handle():30}(Object(Illuminate\Database\SQLiteConnection))\n#5 /Users/dev/Desktop/nlmaf-breeze/vendor/laravel/framework/src/Illuminate/Database/DatabaseManager.php(495): Illuminate\Database\Connection->transaction(Object(Closure), 3)\n#6 /Users/dev/Desktop/nlmaf-breeze/vendor/laravel/framework/src/Illuminate/Support/Facades/Facade.php(361): Illuminate\Database\DatabaseManager->__call(''transaction'', Array)\n#7 /Users/dev/Desktop/nlmaf-breeze/vendor/area17/twill/src/Jobs/ReorderNestedModuleItems.php(30): Illuminate\Support\Facades\Facade::__callStatic(''transaction'', Array)\n#8 /Users/dev/Desktop/nlmaf-breeze/vendor/laravel/framework/src/Illuminate/Container/BoundMethod.php(36): A17\Twill\Jobs\ReorderNestedModuleItems->handle()\n#9 /Users/dev/Desktop/nlmaf-breeze/vendor/laravel/framework/src/Illuminate/Container/Util.php(43): Illuminate\Container\BoundMethod::{closure:Illuminate\Container\BoundMethod::call():35}()\n#10 /Users/dev/Desktop/nlmaf-breeze/vendor/laravel/framework/src/Illuminate/Container/BoundMethod.php(95): Illuminate\Container\Util::unwrapIfClosure(Object(Closure))\n#11 /Users/dev/Desktop/nlmaf-breeze/vendor/laravel/framework/src/Illuminate/Container/BoundMethod.php(35): Illuminate\Container\BoundMethod::callBoundMethod(Object(Illuminate\Foundation\Application), Array, Object(Closure))\n#12 /Users/dev/Desktop/nlmaf-breeze/vendor/laravel/framework/src/Illuminate/Container/Container.php(696): Illuminate\Container\BoundMethod::call(Object(Illuminate\Foundation\Application), Array, Array, NULL)\n#13 /Users/dev/Desktop/nlmaf-breeze/vendor/laravel/framework/src/Illuminate/Bus/Dispatcher.php(126): Illuminate\Container\Container->call(Array)\n#14 /Users/dev/Desktop/nlmaf-breeze/vendor/laravel/framework/src/Illuminate/Pipeline/Pipeline.php(170): Illuminate\Bus\Dispatcher->{closure:Illuminate\Bus\Dispatcher::dispatchNow():123}(Object(A17\Twill\Jobs\ReorderNestedModuleItems))\n#15 /Users/dev/Desktop/nlmaf-breeze/vendor/laravel/framework/src/Illuminate/Pipeline/Pipeline.php(127): Illuminate\Pipeline\Pipeline->{closure:Illuminate\Pipeline\Pipeline::prepareDestination():168}(Object(A17\Twill\Jobs\ReorderNestedModuleItems))\n#16 /Users/dev/Desktop/nlmaf-breeze/vendor/laravel/framework/src/Illuminate/Bus/Dispatcher.php(130): Illuminate\Pipeline\Pipeline->then(Object(Closure))\n#17 /Users/dev/Desktop/nlmaf-breeze/vendor/laravel/framework/src/Illuminate/Queue/CallQueuedHandler.php(126): Illuminate\Bus\Dispatcher->dispatchNow(Object(A17\Twill\Jobs\ReorderNestedModuleItems), false)\n#18 /Users/dev/Desktop/nlmaf-breeze/vendor/laravel/framework/src/Illuminate/Pipeline/Pipeline.php(170): Illuminate\Queue\CallQueuedHandler->{closure:Illuminate\Queue\CallQueuedHandler::dispatchThroughMiddleware():121}(Object(A17\Twill\Jobs\ReorderNestedModuleItems))\n#19 /Users/dev/Desktop/nlmaf-breeze/vendor/laravel/framework/src/Illuminate/Pipeline/Pipeline.php(127): Illuminate\Pipeline\Pipeline->{closure:Illuminate\Pipeline\Pipeline::prepareDestination():168}(Object(A17\Twill\Jobs\ReorderNestedModuleItems))\n#20 /Users/dev/Desktop/nlmaf-breeze/vendor/laravel/framework/src/Illuminate/Queue/CallQueuedHandler.php(121): Illuminate\Pipeline\Pipeline->then(Object(Closure))\n#21 /Users/dev/Desktop/nlmaf-breeze/vendor/laravel/framework/src/Illuminate/Queue/CallQueuedHandler.php(69): Illuminate\Queue\CallQueuedHandler->dispatchThroughMiddleware(Object(Illuminate\Queue\Jobs\DatabaseJob), Object(A17\Twill\Jobs\ReorderNestedModuleItems))\n#22 /Users/dev/Desktop/nlmaf-breeze/vendor/laravel/framework/src/Illuminate/Queue/Jobs/Job.php(102): Illuminate\Queue\CallQueuedHandler->call(Object(Illuminate\Queue\Jobs\DatabaseJob), Array)\n#23 /Users/dev/Desktop/nlmaf-breeze/vendor/laravel/framework/src/Illuminate/Queue/Worker.php(442): Illuminate\Queue\Jobs\Job->fire()\n#24 /Users/dev/Desktop/nlmaf-breeze/vendor/laravel/framework/src/Illuminate/Queue/Worker.php(392): Illuminate\Queue\Worker->process(''database'', Object(Illuminate\Queue\Jobs\DatabaseJob), Object(Illuminate\Queue\WorkerOptions))\n#25 /Users/dev/Desktop/nlmaf-breeze/vendor/laravel/framework/src/Illuminate/Queue/Worker.php(178): Illuminate\Queue\Worker->runJob(Object(Illuminate\Queue\Jobs\DatabaseJob), ''database'', Object(Illuminate\Queue\WorkerOptions))\n#26 /Users/dev/Desktop/nlmaf-breeze/vendor/laravel/framework/src/Illuminate/Queue/Console/WorkCommand.php(149): Illuminate\Queue\Worker->daemon(''database'', ''default'', Object(Illuminate\Queue\WorkerOptions))\n#27 /Users/dev/Desktop/nlmaf-breeze/vendor/laravel/framework/src/Illuminate/Queue/Console/WorkCommand.php(132): Illuminate\Queue\Console\WorkCommand->runWorker(''database'', ''default'')\n#28 /Users/dev/Desktop/nlmaf-breeze/vendor/laravel/framework/src/Illuminate/Container/BoundMethod.php(36): Illuminate\Queue\Console\WorkCommand->handle()\n#29 /Users/dev/Desktop/nlmaf-breeze/vendor/laravel/framework/src/Illuminate/Container/Util.php(43): Illuminate\Container\BoundMethod::{closure:Illuminate\Container\BoundMethod::call():35}()\n#30 /Users/dev/Desktop/nlmaf-breeze/vendor/laravel/framework/src/Illuminate/Container/BoundMethod.php(95): Illuminate\Container\Util::unwrapIfClosure(Object(Closure))\n#31 /Users/dev/Desktop/nlmaf-breeze/vendor/laravel/framework/src/Illuminate/Container/BoundMethod.php(35): Illuminate\Container\BoundMethod::callBoundMethod(Object(Illuminate\Foundation\Application), Array, Object(Closure))\n#32 /Users/dev/Desktop/nlmaf-breeze/vendor/laravel/framework/src/Illuminate/Container/Container.php(696): Illuminate\Container\BoundMethod::call(Object(Illuminate\Foundation\Application), Array, Array, NULL)\n#33 /Users/dev/Desktop/nlmaf-breeze/vendor/laravel/framework/src/Illuminate/Console/Command.php(213): Illuminate\Container\Container->call(Array)\n#34 /Users/dev/Desktop/nlmaf-breeze/vendor/symfony/console/Command/Command.php(279): Illuminate\Console\Command->execute(Object(Symfony\Component\Console\Input\ArgvInput), Object(Illuminate\Console\OutputStyle))\n#35 /Users/dev/Desktop/nlmaf-breeze/vendor/laravel/framework/src/Illuminate/Console/Command.php(182): Symfony\Component\Console\Command\Command->run(Object(Symfony\Component\Console\Input\ArgvInput), Object(Illuminate\Console\OutputStyle))\n#36 /Users/dev/Desktop/nlmaf-breeze/vendor/symfony/console/Application.php(1094): Illuminate\Console\Command->run(Object(Symfony\Component\Console\Input\ArgvInput), Object(Symfony\Component\Console\Output\ConsoleOutput))\n#37 /Users/dev/Desktop/nlmaf-breeze/vendor/symfony/console/Application.php(342): Symfony\Component\Console\Application->doRunCommand(Object(Illuminate\Queue\Console\WorkCommand), Object(Symfony\Component\Console\Input\ArgvInput), Object(Symfony\Component\Console\Output\ConsoleOutput))\n#38 /Users/dev/Desktop/nlmaf-breeze/vendor/symfony/console/Application.php(193): Symfony\Component\Console\Application->doRun(Object(Symfony\Component\Console\Input\ArgvInput), Object(Symfony\Component\Console\Output\ConsoleOutput))\n#39 /Users/dev/Desktop/nlmaf-breeze/vendor/laravel/framework/src/Illuminate/Foundation/Console/Kernel.php(198): Symfony\Component\Console\Application->run(Object(Symfony\Component\Console\Input\ArgvInput), Object(Symfony\Component\Console\Output\ConsoleOutput))\n#40 /Users/dev/Desktop/nlmaf-breeze/vendor/laravel/framework/src/Illuminate/Foundation/Application.php(1235): Illuminate\Foundation\Console\Kernel->handle(Object(Symfony\Component\Console\Input\ArgvInput), Object(Symfony\Component\Console\Output\ConsoleOutput))\n#41 /Users/dev/Desktop/nlmaf-breeze/artisan(13): Illuminate\Foundation\Application->handleCommand(Object(Symfony\Component\Console\Input\ArgvInput))\n#42 {main}','\n',char(10)),'2025-05-13 04:18:16');
INSERT INTO failed_jobs VALUES(17,'106493be-608c-49d5-984b-34e834f2b491','database','default','{"uuid":"106493be-608c-49d5-984b-34e834f2b491","displayName":"A17\\Twill\\Jobs\\ReorderNestedModuleItems","job":"Illuminate\\Queue\\CallQueuedHandler@call","maxTries":null,"maxExceptions":null,"failOnTimeout":false,"backoff":null,"timeout":null,"retryUntil":null,"data":{"commandName":"A17\\Twill\\Jobs\\ReorderNestedModuleItems","command":"O:39:\"A17\\Twill\\Jobs\\ReorderNestedModuleItems\":12:{s:13:\"\u0000*\u0000modelClass\";s:19:\"App\\Models\\MenuLink\";s:6:\"\u0000*\u0000ids\";a:2:{i:0;i:4;i:1;i:5;}s:3:\"job\";N;s:10:\"connection\";N;s:5:\"queue\";s:7:\"default\";s:5:\"delay\";N;s:11:\"afterCommit\";N;s:10:\"middleware\";a:0:{}s:7:\"chained\";a:0:{}s:15:\"chainConnection\";N;s:10:\"chainQueue\";N;s:19:\"chainCatchCallbacks\";N;}"}}',replace('ErrorException: Trying to access array offset on int in /Users/dev/Desktop/nlmaf-breeze/vendor/area17/twill/src/Models/Behaviors/HasNesting.php:78\nStack trace:\n#0 /Users/dev/Desktop/nlmaf-breeze/vendor/laravel/framework/src/Illuminate/Foundation/Bootstrap/HandleExceptions.php(256): Illuminate\Foundation\Bootstrap\HandleExceptions->handleError(2, ''Trying to acces...'', ''/Users/dev/Desk...'', 78)\n#1 /Users/dev/Desktop/nlmaf-breeze/vendor/area17/twill/src/Models/Behaviors/HasNesting.php(78): Illuminate\Foundation\Bootstrap\HandleExceptions->{closure:Illuminate\Foundation\Bootstrap\HandleExceptions::forwardsTo():255}(2, ''Trying to acces...'', ''/Users/dev/Desk...'', 78)\n#2 /Users/dev/Desktop/nlmaf-breeze/vendor/area17/twill/src/Models/Behaviors/HasNesting.php(53): App\Models\MenuLink::flattenTree(Array)\n#3 /Users/dev/Desktop/nlmaf-breeze/vendor/area17/twill/src/Jobs/ReorderNestedModuleItems.php(31): App\Models\MenuLink::saveTreeFromIds(Array)\n#4 /Users/dev/Desktop/nlmaf-breeze/vendor/laravel/framework/src/Illuminate/Database/Concerns/ManagesTransactions.php(32): A17\Twill\Jobs\ReorderNestedModuleItems->{closure:A17\Twill\Jobs\ReorderNestedModuleItems::handle():30}(Object(Illuminate\Database\SQLiteConnection))\n#5 /Users/dev/Desktop/nlmaf-breeze/vendor/laravel/framework/src/Illuminate/Database/DatabaseManager.php(495): Illuminate\Database\Connection->transaction(Object(Closure), 3)\n#6 /Users/dev/Desktop/nlmaf-breeze/vendor/laravel/framework/src/Illuminate/Support/Facades/Facade.php(361): Illuminate\Database\DatabaseManager->__call(''transaction'', Array)\n#7 /Users/dev/Desktop/nlmaf-breeze/vendor/area17/twill/src/Jobs/ReorderNestedModuleItems.php(30): Illuminate\Support\Facades\Facade::__callStatic(''transaction'', Array)\n#8 /Users/dev/Desktop/nlmaf-breeze/vendor/laravel/framework/src/Illuminate/Container/BoundMethod.php(36): A17\Twill\Jobs\ReorderNestedModuleItems->handle()\n#9 /Users/dev/Desktop/nlmaf-breeze/vendor/laravel/framework/src/Illuminate/Container/Util.php(43): Illuminate\Container\BoundMethod::{closure:Illuminate\Container\BoundMethod::call():35}()\n#10 /Users/dev/Desktop/nlmaf-breeze/vendor/laravel/framework/src/Illuminate/Container/BoundMethod.php(95): Illuminate\Container\Util::unwrapIfClosure(Object(Closure))\n#11 /Users/dev/Desktop/nlmaf-breeze/vendor/laravel/framework/src/Illuminate/Container/BoundMethod.php(35): Illuminate\Container\BoundMethod::callBoundMethod(Object(Illuminate\Foundation\Application), Array, Object(Closure))\n#12 /Users/dev/Desktop/nlmaf-breeze/vendor/laravel/framework/src/Illuminate/Container/Container.php(696): Illuminate\Container\BoundMethod::call(Object(Illuminate\Foundation\Application), Array, Array, NULL)\n#13 /Users/dev/Desktop/nlmaf-breeze/vendor/laravel/framework/src/Illuminate/Bus/Dispatcher.php(126): Illuminate\Container\Container->call(Array)\n#14 /Users/dev/Desktop/nlmaf-breeze/vendor/laravel/framework/src/Illuminate/Pipeline/Pipeline.php(170): Illuminate\Bus\Dispatcher->{closure:Illuminate\Bus\Dispatcher::dispatchNow():123}(Object(A17\Twill\Jobs\ReorderNestedModuleItems))\n#15 /Users/dev/Desktop/nlmaf-breeze/vendor/laravel/framework/src/Illuminate/Pipeline/Pipeline.php(127): Illuminate\Pipeline\Pipeline->{closure:Illuminate\Pipeline\Pipeline::prepareDestination():168}(Object(A17\Twill\Jobs\ReorderNestedModuleItems))\n#16 /Users/dev/Desktop/nlmaf-breeze/vendor/laravel/framework/src/Illuminate/Bus/Dispatcher.php(130): Illuminate\Pipeline\Pipeline->then(Object(Closure))\n#17 /Users/dev/Desktop/nlmaf-breeze/vendor/laravel/framework/src/Illuminate/Queue/CallQueuedHandler.php(126): Illuminate\Bus\Dispatcher->dispatchNow(Object(A17\Twill\Jobs\ReorderNestedModuleItems), false)\n#18 /Users/dev/Desktop/nlmaf-breeze/vendor/laravel/framework/src/Illuminate/Pipeline/Pipeline.php(170): Illuminate\Queue\CallQueuedHandler->{closure:Illuminate\Queue\CallQueuedHandler::dispatchThroughMiddleware():121}(Object(A17\Twill\Jobs\ReorderNestedModuleItems))\n#19 /Users/dev/Desktop/nlmaf-breeze/vendor/laravel/framework/src/Illuminate/Pipeline/Pipeline.php(127): Illuminate\Pipeline\Pipeline->{closure:Illuminate\Pipeline\Pipeline::prepareDestination():168}(Object(A17\Twill\Jobs\ReorderNestedModuleItems))\n#20 /Users/dev/Desktop/nlmaf-breeze/vendor/laravel/framework/src/Illuminate/Queue/CallQueuedHandler.php(121): Illuminate\Pipeline\Pipeline->then(Object(Closure))\n#21 /Users/dev/Desktop/nlmaf-breeze/vendor/laravel/framework/src/Illuminate/Queue/CallQueuedHandler.php(69): Illuminate\Queue\CallQueuedHandler->dispatchThroughMiddleware(Object(Illuminate\Queue\Jobs\DatabaseJob), Object(A17\Twill\Jobs\ReorderNestedModuleItems))\n#22 /Users/dev/Desktop/nlmaf-breeze/vendor/laravel/framework/src/Illuminate/Queue/Jobs/Job.php(102): Illuminate\Queue\CallQueuedHandler->call(Object(Illuminate\Queue\Jobs\DatabaseJob), Array)\n#23 /Users/dev/Desktop/nlmaf-breeze/vendor/laravel/framework/src/Illuminate/Queue/Worker.php(442): Illuminate\Queue\Jobs\Job->fire()\n#24 /Users/dev/Desktop/nlmaf-breeze/vendor/laravel/framework/src/Illuminate/Queue/Worker.php(392): Illuminate\Queue\Worker->process(''database'', Object(Illuminate\Queue\Jobs\DatabaseJob), Object(Illuminate\Queue\WorkerOptions))\n#25 /Users/dev/Desktop/nlmaf-breeze/vendor/laravel/framework/src/Illuminate/Queue/Worker.php(178): Illuminate\Queue\Worker->runJob(Object(Illuminate\Queue\Jobs\DatabaseJob), ''database'', Object(Illuminate\Queue\WorkerOptions))\n#26 /Users/dev/Desktop/nlmaf-breeze/vendor/laravel/framework/src/Illuminate/Queue/Console/WorkCommand.php(149): Illuminate\Queue\Worker->daemon(''database'', ''default'', Object(Illuminate\Queue\WorkerOptions))\n#27 /Users/dev/Desktop/nlmaf-breeze/vendor/laravel/framework/src/Illuminate/Queue/Console/WorkCommand.php(132): Illuminate\Queue\Console\WorkCommand->runWorker(''database'', ''default'')\n#28 /Users/dev/Desktop/nlmaf-breeze/vendor/laravel/framework/src/Illuminate/Container/BoundMethod.php(36): Illuminate\Queue\Console\WorkCommand->handle()\n#29 /Users/dev/Desktop/nlmaf-breeze/vendor/laravel/framework/src/Illuminate/Container/Util.php(43): Illuminate\Container\BoundMethod::{closure:Illuminate\Container\BoundMethod::call():35}()\n#30 /Users/dev/Desktop/nlmaf-breeze/vendor/laravel/framework/src/Illuminate/Container/BoundMethod.php(95): Illuminate\Container\Util::unwrapIfClosure(Object(Closure))\n#31 /Users/dev/Desktop/nlmaf-breeze/vendor/laravel/framework/src/Illuminate/Container/BoundMethod.php(35): Illuminate\Container\BoundMethod::callBoundMethod(Object(Illuminate\Foundation\Application), Array, Object(Closure))\n#32 /Users/dev/Desktop/nlmaf-breeze/vendor/laravel/framework/src/Illuminate/Container/Container.php(696): Illuminate\Container\BoundMethod::call(Object(Illuminate\Foundation\Application), Array, Array, NULL)\n#33 /Users/dev/Desktop/nlmaf-breeze/vendor/laravel/framework/src/Illuminate/Console/Command.php(213): Illuminate\Container\Container->call(Array)\n#34 /Users/dev/Desktop/nlmaf-breeze/vendor/symfony/console/Command/Command.php(279): Illuminate\Console\Command->execute(Object(Symfony\Component\Console\Input\ArgvInput), Object(Illuminate\Console\OutputStyle))\n#35 /Users/dev/Desktop/nlmaf-breeze/vendor/laravel/framework/src/Illuminate/Console/Command.php(182): Symfony\Component\Console\Command\Command->run(Object(Symfony\Component\Console\Input\ArgvInput), Object(Illuminate\Console\OutputStyle))\n#36 /Users/dev/Desktop/nlmaf-breeze/vendor/symfony/console/Application.php(1094): Illuminate\Console\Command->run(Object(Symfony\Component\Console\Input\ArgvInput), Object(Symfony\Component\Console\Output\ConsoleOutput))\n#37 /Users/dev/Desktop/nlmaf-breeze/vendor/symfony/console/Application.php(342): Symfony\Component\Console\Application->doRunCommand(Object(Illuminate\Queue\Console\WorkCommand), Object(Symfony\Component\Console\Input\ArgvInput), Object(Symfony\Component\Console\Output\ConsoleOutput))\n#38 /Users/dev/Desktop/nlmaf-breeze/vendor/symfony/console/Application.php(193): Symfony\Component\Console\Application->doRun(Object(Symfony\Component\Console\Input\ArgvInput), Object(Symfony\Component\Console\Output\ConsoleOutput))\n#39 /Users/dev/Desktop/nlmaf-breeze/vendor/laravel/framework/src/Illuminate/Foundation/Console/Kernel.php(198): Symfony\Component\Console\Application->run(Object(Symfony\Component\Console\Input\ArgvInput), Object(Symfony\Component\Console\Output\ConsoleOutput))\n#40 /Users/dev/Desktop/nlmaf-breeze/vendor/laravel/framework/src/Illuminate/Foundation/Application.php(1235): Illuminate\Foundation\Console\Kernel->handle(Object(Symfony\Component\Console\Input\ArgvInput), Object(Symfony\Component\Console\Output\ConsoleOutput))\n#41 /Users/dev/Desktop/nlmaf-breeze/artisan(13): Illuminate\Foundation\Application->handleCommand(Object(Symfony\Component\Console\Input\ArgvInput))\n#42 {main}','\n',char(10)),'2025-05-13 04:18:16');
INSERT INTO failed_jobs VALUES(18,'dbd54264-d90d-45db-bfd8-b446d55f9fd9','database','default','{"uuid":"dbd54264-d90d-45db-bfd8-b446d55f9fd9","displayName":"A17\\Twill\\Jobs\\ReorderNestedModuleItems","job":"Illuminate\\Queue\\CallQueuedHandler@call","maxTries":null,"maxExceptions":null,"failOnTimeout":false,"backoff":null,"timeout":null,"retryUntil":null,"data":{"commandName":"A17\\Twill\\Jobs\\ReorderNestedModuleItems","command":"O:39:\"A17\\Twill\\Jobs\\ReorderNestedModuleItems\":12:{s:13:\"\u0000*\u0000modelClass\";s:15:\"App\\Models\\Page\";s:6:\"\u0000*\u0000ids\";a:4:{i:0;i:2;i:1;i:1;i:2;i:3;i:3;i:4;}s:3:\"job\";N;s:10:\"connection\";N;s:5:\"queue\";s:7:\"default\";s:5:\"delay\";N;s:11:\"afterCommit\";N;s:10:\"middleware\";a:0:{}s:7:\"chained\";a:0:{}s:15:\"chainConnection\";N;s:10:\"chainQueue\";N;s:19:\"chainCatchCallbacks\";N;}"}}',replace('ErrorException: Trying to access array offset on int in /Users/dev/Desktop/nlmaf-breeze/vendor/area17/twill/src/Models/Behaviors/HasNesting.php:78\nStack trace:\n#0 /Users/dev/Desktop/nlmaf-breeze/vendor/laravel/framework/src/Illuminate/Foundation/Bootstrap/HandleExceptions.php(256): Illuminate\Foundation\Bootstrap\HandleExceptions->handleError(2, ''Trying to acces...'', ''/Users/dev/Desk...'', 78)\n#1 /Users/dev/Desktop/nlmaf-breeze/vendor/area17/twill/src/Models/Behaviors/HasNesting.php(78): Illuminate\Foundation\Bootstrap\HandleExceptions->{closure:Illuminate\Foundation\Bootstrap\HandleExceptions::forwardsTo():255}(2, ''Trying to acces...'', ''/Users/dev/Desk...'', 78)\n#2 /Users/dev/Desktop/nlmaf-breeze/vendor/area17/twill/src/Models/Behaviors/HasNesting.php(53): App\Models\Page::flattenTree(Array)\n#3 /Users/dev/Desktop/nlmaf-breeze/vendor/area17/twill/src/Jobs/ReorderNestedModuleItems.php(31): App\Models\Page::saveTreeFromIds(Array)\n#4 /Users/dev/Desktop/nlmaf-breeze/vendor/laravel/framework/src/Illuminate/Database/Concerns/ManagesTransactions.php(32): A17\Twill\Jobs\ReorderNestedModuleItems->{closure:A17\Twill\Jobs\ReorderNestedModuleItems::handle():30}(Object(Illuminate\Database\SQLiteConnection))\n#5 /Users/dev/Desktop/nlmaf-breeze/vendor/laravel/framework/src/Illuminate/Database/DatabaseManager.php(495): Illuminate\Database\Connection->transaction(Object(Closure), 3)\n#6 /Users/dev/Desktop/nlmaf-breeze/vendor/laravel/framework/src/Illuminate/Support/Facades/Facade.php(361): Illuminate\Database\DatabaseManager->__call(''transaction'', Array)\n#7 /Users/dev/Desktop/nlmaf-breeze/vendor/area17/twill/src/Jobs/ReorderNestedModuleItems.php(30): Illuminate\Support\Facades\Facade::__callStatic(''transaction'', Array)\n#8 /Users/dev/Desktop/nlmaf-breeze/vendor/laravel/framework/src/Illuminate/Container/BoundMethod.php(36): A17\Twill\Jobs\ReorderNestedModuleItems->handle()\n#9 /Users/dev/Desktop/nlmaf-breeze/vendor/laravel/framework/src/Illuminate/Container/Util.php(43): Illuminate\Container\BoundMethod::{closure:Illuminate\Container\BoundMethod::call():35}()\n#10 /Users/dev/Desktop/nlmaf-breeze/vendor/laravel/framework/src/Illuminate/Container/BoundMethod.php(95): Illuminate\Container\Util::unwrapIfClosure(Object(Closure))\n#11 /Users/dev/Desktop/nlmaf-breeze/vendor/laravel/framework/src/Illuminate/Container/BoundMethod.php(35): Illuminate\Container\BoundMethod::callBoundMethod(Object(Illuminate\Foundation\Application), Array, Object(Closure))\n#12 /Users/dev/Desktop/nlmaf-breeze/vendor/laravel/framework/src/Illuminate/Container/Container.php(696): Illuminate\Container\BoundMethod::call(Object(Illuminate\Foundation\Application), Array, Array, NULL)\n#13 /Users/dev/Desktop/nlmaf-breeze/vendor/laravel/framework/src/Illuminate/Bus/Dispatcher.php(126): Illuminate\Container\Container->call(Array)\n#14 /Users/dev/Desktop/nlmaf-breeze/vendor/laravel/framework/src/Illuminate/Pipeline/Pipeline.php(170): Illuminate\Bus\Dispatcher->{closure:Illuminate\Bus\Dispatcher::dispatchNow():123}(Object(A17\Twill\Jobs\ReorderNestedModuleItems))\n#15 /Users/dev/Desktop/nlmaf-breeze/vendor/laravel/framework/src/Illuminate/Pipeline/Pipeline.php(127): Illuminate\Pipeline\Pipeline->{closure:Illuminate\Pipeline\Pipeline::prepareDestination():168}(Object(A17\Twill\Jobs\ReorderNestedModuleItems))\n#16 /Users/dev/Desktop/nlmaf-breeze/vendor/laravel/framework/src/Illuminate/Bus/Dispatcher.php(130): Illuminate\Pipeline\Pipeline->then(Object(Closure))\n#17 /Users/dev/Desktop/nlmaf-breeze/vendor/laravel/framework/src/Illuminate/Queue/CallQueuedHandler.php(126): Illuminate\Bus\Dispatcher->dispatchNow(Object(A17\Twill\Jobs\ReorderNestedModuleItems), false)\n#18 /Users/dev/Desktop/nlmaf-breeze/vendor/laravel/framework/src/Illuminate/Pipeline/Pipeline.php(170): Illuminate\Queue\CallQueuedHandler->{closure:Illuminate\Queue\CallQueuedHandler::dispatchThroughMiddleware():121}(Object(A17\Twill\Jobs\ReorderNestedModuleItems))\n#19 /Users/dev/Desktop/nlmaf-breeze/vendor/laravel/framework/src/Illuminate/Pipeline/Pipeline.php(127): Illuminate\Pipeline\Pipeline->{closure:Illuminate\Pipeline\Pipeline::prepareDestination():168}(Object(A17\Twill\Jobs\ReorderNestedModuleItems))\n#20 /Users/dev/Desktop/nlmaf-breeze/vendor/laravel/framework/src/Illuminate/Queue/CallQueuedHandler.php(121): Illuminate\Pipeline\Pipeline->then(Object(Closure))\n#21 /Users/dev/Desktop/nlmaf-breeze/vendor/laravel/framework/src/Illuminate/Queue/CallQueuedHandler.php(69): Illuminate\Queue\CallQueuedHandler->dispatchThroughMiddleware(Object(Illuminate\Queue\Jobs\DatabaseJob), Object(A17\Twill\Jobs\ReorderNestedModuleItems))\n#22 /Users/dev/Desktop/nlmaf-breeze/vendor/laravel/framework/src/Illuminate/Queue/Jobs/Job.php(102): Illuminate\Queue\CallQueuedHandler->call(Object(Illuminate\Queue\Jobs\DatabaseJob), Array)\n#23 /Users/dev/Desktop/nlmaf-breeze/vendor/laravel/framework/src/Illuminate/Queue/Worker.php(442): Illuminate\Queue\Jobs\Job->fire()\n#24 /Users/dev/Desktop/nlmaf-breeze/vendor/laravel/framework/src/Illuminate/Queue/Worker.php(392): Illuminate\Queue\Worker->process(''database'', Object(Illuminate\Queue\Jobs\DatabaseJob), Object(Illuminate\Queue\WorkerOptions))\n#25 /Users/dev/Desktop/nlmaf-breeze/vendor/laravel/framework/src/Illuminate/Queue/Worker.php(178): Illuminate\Queue\Worker->runJob(Object(Illuminate\Queue\Jobs\DatabaseJob), ''database'', Object(Illuminate\Queue\WorkerOptions))\n#26 /Users/dev/Desktop/nlmaf-breeze/vendor/laravel/framework/src/Illuminate/Queue/Console/WorkCommand.php(149): Illuminate\Queue\Worker->daemon(''database'', ''default'', Object(Illuminate\Queue\WorkerOptions))\n#27 /Users/dev/Desktop/nlmaf-breeze/vendor/laravel/framework/src/Illuminate/Queue/Console/WorkCommand.php(132): Illuminate\Queue\Console\WorkCommand->runWorker(''database'', ''default'')\n#28 /Users/dev/Desktop/nlmaf-breeze/vendor/laravel/framework/src/Illuminate/Container/BoundMethod.php(36): Illuminate\Queue\Console\WorkCommand->handle()\n#29 /Users/dev/Desktop/nlmaf-breeze/vendor/laravel/framework/src/Illuminate/Container/Util.php(43): Illuminate\Container\BoundMethod::{closure:Illuminate\Container\BoundMethod::call():35}()\n#30 /Users/dev/Desktop/nlmaf-breeze/vendor/laravel/framework/src/Illuminate/Container/BoundMethod.php(95): Illuminate\Container\Util::unwrapIfClosure(Object(Closure))\n#31 /Users/dev/Desktop/nlmaf-breeze/vendor/laravel/framework/src/Illuminate/Container/BoundMethod.php(35): Illuminate\Container\BoundMethod::callBoundMethod(Object(Illuminate\Foundation\Application), Array, Object(Closure))\n#32 /Users/dev/Desktop/nlmaf-breeze/vendor/laravel/framework/src/Illuminate/Container/Container.php(696): Illuminate\Container\BoundMethod::call(Object(Illuminate\Foundation\Application), Array, Array, NULL)\n#33 /Users/dev/Desktop/nlmaf-breeze/vendor/laravel/framework/src/Illuminate/Console/Command.php(213): Illuminate\Container\Container->call(Array)\n#34 /Users/dev/Desktop/nlmaf-breeze/vendor/symfony/console/Command/Command.php(279): Illuminate\Console\Command->execute(Object(Symfony\Component\Console\Input\ArgvInput), Object(Illuminate\Console\OutputStyle))\n#35 /Users/dev/Desktop/nlmaf-breeze/vendor/laravel/framework/src/Illuminate/Console/Command.php(182): Symfony\Component\Console\Command\Command->run(Object(Symfony\Component\Console\Input\ArgvInput), Object(Illuminate\Console\OutputStyle))\n#36 /Users/dev/Desktop/nlmaf-breeze/vendor/symfony/console/Application.php(1094): Illuminate\Console\Command->run(Object(Symfony\Component\Console\Input\ArgvInput), Object(Symfony\Component\Console\Output\ConsoleOutput))\n#37 /Users/dev/Desktop/nlmaf-breeze/vendor/symfony/console/Application.php(342): Symfony\Component\Console\Application->doRunCommand(Object(Illuminate\Queue\Console\WorkCommand), Object(Symfony\Component\Console\Input\ArgvInput), Object(Symfony\Component\Console\Output\ConsoleOutput))\n#38 /Users/dev/Desktop/nlmaf-breeze/vendor/symfony/console/Application.php(193): Symfony\Component\Console\Application->doRun(Object(Symfony\Component\Console\Input\ArgvInput), Object(Symfony\Component\Console\Output\ConsoleOutput))\n#39 /Users/dev/Desktop/nlmaf-breeze/vendor/laravel/framework/src/Illuminate/Foundation/Console/Kernel.php(198): Symfony\Component\Console\Application->run(Object(Symfony\Component\Console\Input\ArgvInput), Object(Symfony\Component\Console\Output\ConsoleOutput))\n#40 /Users/dev/Desktop/nlmaf-breeze/vendor/laravel/framework/src/Illuminate/Foundation/Application.php(1235): Illuminate\Foundation\Console\Kernel->handle(Object(Symfony\Component\Console\Input\ArgvInput), Object(Symfony\Component\Console\Output\ConsoleOutput))\n#41 /Users/dev/Desktop/nlmaf-breeze/artisan(13): Illuminate\Foundation\Application->handleCommand(Object(Symfony\Component\Console\Input\ArgvInput))\n#42 {main}','\n',char(10)),'2025-05-13 04:18:16');
INSERT INTO failed_jobs VALUES(19,'9d3ad21f-87b5-4b0e-a7b1-9cae0c610537','database','default','{"uuid":"9d3ad21f-87b5-4b0e-a7b1-9cae0c610537","displayName":"A17\\Twill\\Jobs\\ReorderNestedModuleItems","job":"Illuminate\\Queue\\CallQueuedHandler@call","maxTries":null,"maxExceptions":null,"failOnTimeout":false,"backoff":null,"timeout":null,"retryUntil":null,"data":{"commandName":"A17\\Twill\\Jobs\\ReorderNestedModuleItems","command":"O:39:\"A17\\Twill\\Jobs\\ReorderNestedModuleItems\":12:{s:13:\"\u0000*\u0000modelClass\";s:15:\"App\\Models\\Page\";s:6:\"\u0000*\u0000ids\";a:5:{i:0;i:1;i:1;i:2;i:2;i:4;i:3;i:3;i:4;i:5;}s:3:\"job\";N;s:10:\"connection\";N;s:5:\"queue\";s:7:\"default\";s:5:\"delay\";N;s:11:\"afterCommit\";N;s:10:\"middleware\";a:0:{}s:7:\"chained\";a:0:{}s:15:\"chainConnection\";N;s:10:\"chainQueue\";N;s:19:\"chainCatchCallbacks\";N;}"}}',replace('ErrorException: Trying to access array offset on int in /Users/dev/Desktop/nlmaf-breeze/vendor/area17/twill/src/Models/Behaviors/HasNesting.php:78\nStack trace:\n#0 /Users/dev/Desktop/nlmaf-breeze/vendor/laravel/framework/src/Illuminate/Foundation/Bootstrap/HandleExceptions.php(256): Illuminate\Foundation\Bootstrap\HandleExceptions->handleError(2, ''Trying to acces...'', ''/Users/dev/Desk...'', 78)\n#1 /Users/dev/Desktop/nlmaf-breeze/vendor/area17/twill/src/Models/Behaviors/HasNesting.php(78): Illuminate\Foundation\Bootstrap\HandleExceptions->{closure:Illuminate\Foundation\Bootstrap\HandleExceptions::forwardsTo():255}(2, ''Trying to acces...'', ''/Users/dev/Desk...'', 78)\n#2 /Users/dev/Desktop/nlmaf-breeze/vendor/area17/twill/src/Models/Behaviors/HasNesting.php(53): App\Models\Page::flattenTree(Array)\n#3 /Users/dev/Desktop/nlmaf-breeze/vendor/area17/twill/src/Jobs/ReorderNestedModuleItems.php(31): App\Models\Page::saveTreeFromIds(Array)\n#4 /Users/dev/Desktop/nlmaf-breeze/vendor/laravel/framework/src/Illuminate/Database/Concerns/ManagesTransactions.php(32): A17\Twill\Jobs\ReorderNestedModuleItems->{closure:A17\Twill\Jobs\ReorderNestedModuleItems::handle():30}(Object(Illuminate\Database\SQLiteConnection))\n#5 /Users/dev/Desktop/nlmaf-breeze/vendor/laravel/framework/src/Illuminate/Database/DatabaseManager.php(495): Illuminate\Database\Connection->transaction(Object(Closure), 3)\n#6 /Users/dev/Desktop/nlmaf-breeze/vendor/laravel/framework/src/Illuminate/Support/Facades/Facade.php(361): Illuminate\Database\DatabaseManager->__call(''transaction'', Array)\n#7 /Users/dev/Desktop/nlmaf-breeze/vendor/area17/twill/src/Jobs/ReorderNestedModuleItems.php(30): Illuminate\Support\Facades\Facade::__callStatic(''transaction'', Array)\n#8 /Users/dev/Desktop/nlmaf-breeze/vendor/laravel/framework/src/Illuminate/Container/BoundMethod.php(36): A17\Twill\Jobs\ReorderNestedModuleItems->handle()\n#9 /Users/dev/Desktop/nlmaf-breeze/vendor/laravel/framework/src/Illuminate/Container/Util.php(43): Illuminate\Container\BoundMethod::{closure:Illuminate\Container\BoundMethod::call():35}()\n#10 /Users/dev/Desktop/nlmaf-breeze/vendor/laravel/framework/src/Illuminate/Container/BoundMethod.php(95): Illuminate\Container\Util::unwrapIfClosure(Object(Closure))\n#11 /Users/dev/Desktop/nlmaf-breeze/vendor/laravel/framework/src/Illuminate/Container/BoundMethod.php(35): Illuminate\Container\BoundMethod::callBoundMethod(Object(Illuminate\Foundation\Application), Array, Object(Closure))\n#12 /Users/dev/Desktop/nlmaf-breeze/vendor/laravel/framework/src/Illuminate/Container/Container.php(696): Illuminate\Container\BoundMethod::call(Object(Illuminate\Foundation\Application), Array, Array, NULL)\n#13 /Users/dev/Desktop/nlmaf-breeze/vendor/laravel/framework/src/Illuminate/Bus/Dispatcher.php(126): Illuminate\Container\Container->call(Array)\n#14 /Users/dev/Desktop/nlmaf-breeze/vendor/laravel/framework/src/Illuminate/Pipeline/Pipeline.php(170): Illuminate\Bus\Dispatcher->{closure:Illuminate\Bus\Dispatcher::dispatchNow():123}(Object(A17\Twill\Jobs\ReorderNestedModuleItems))\n#15 /Users/dev/Desktop/nlmaf-breeze/vendor/laravel/framework/src/Illuminate/Pipeline/Pipeline.php(127): Illuminate\Pipeline\Pipeline->{closure:Illuminate\Pipeline\Pipeline::prepareDestination():168}(Object(A17\Twill\Jobs\ReorderNestedModuleItems))\n#16 /Users/dev/Desktop/nlmaf-breeze/vendor/laravel/framework/src/Illuminate/Bus/Dispatcher.php(130): Illuminate\Pipeline\Pipeline->then(Object(Closure))\n#17 /Users/dev/Desktop/nlmaf-breeze/vendor/laravel/framework/src/Illuminate/Queue/CallQueuedHandler.php(126): Illuminate\Bus\Dispatcher->dispatchNow(Object(A17\Twill\Jobs\ReorderNestedModuleItems), false)\n#18 /Users/dev/Desktop/nlmaf-breeze/vendor/laravel/framework/src/Illuminate/Pipeline/Pipeline.php(170): Illuminate\Queue\CallQueuedHandler->{closure:Illuminate\Queue\CallQueuedHandler::dispatchThroughMiddleware():121}(Object(A17\Twill\Jobs\ReorderNestedModuleItems))\n#19 /Users/dev/Desktop/nlmaf-breeze/vendor/laravel/framework/src/Illuminate/Pipeline/Pipeline.php(127): Illuminate\Pipeline\Pipeline->{closure:Illuminate\Pipeline\Pipeline::prepareDestination():168}(Object(A17\Twill\Jobs\ReorderNestedModuleItems))\n#20 /Users/dev/Desktop/nlmaf-breeze/vendor/laravel/framework/src/Illuminate/Queue/CallQueuedHandler.php(121): Illuminate\Pipeline\Pipeline->then(Object(Closure))\n#21 /Users/dev/Desktop/nlmaf-breeze/vendor/laravel/framework/src/Illuminate/Queue/CallQueuedHandler.php(69): Illuminate\Queue\CallQueuedHandler->dispatchThroughMiddleware(Object(Illuminate\Queue\Jobs\DatabaseJob), Object(A17\Twill\Jobs\ReorderNestedModuleItems))\n#22 /Users/dev/Desktop/nlmaf-breeze/vendor/laravel/framework/src/Illuminate/Queue/Jobs/Job.php(102): Illuminate\Queue\CallQueuedHandler->call(Object(Illuminate\Queue\Jobs\DatabaseJob), Array)\n#23 /Users/dev/Desktop/nlmaf-breeze/vendor/laravel/framework/src/Illuminate/Queue/Worker.php(442): Illuminate\Queue\Jobs\Job->fire()\n#24 /Users/dev/Desktop/nlmaf-breeze/vendor/laravel/framework/src/Illuminate/Queue/Worker.php(392): Illuminate\Queue\Worker->process(''database'', Object(Illuminate\Queue\Jobs\DatabaseJob), Object(Illuminate\Queue\WorkerOptions))\n#25 /Users/dev/Desktop/nlmaf-breeze/vendor/laravel/framework/src/Illuminate/Queue/Worker.php(178): Illuminate\Queue\Worker->runJob(Object(Illuminate\Queue\Jobs\DatabaseJob), ''database'', Object(Illuminate\Queue\WorkerOptions))\n#26 /Users/dev/Desktop/nlmaf-breeze/vendor/laravel/framework/src/Illuminate/Queue/Console/WorkCommand.php(149): Illuminate\Queue\Worker->daemon(''database'', ''default'', Object(Illuminate\Queue\WorkerOptions))\n#27 /Users/dev/Desktop/nlmaf-breeze/vendor/laravel/framework/src/Illuminate/Queue/Console/WorkCommand.php(132): Illuminate\Queue\Console\WorkCommand->runWorker(''database'', ''default'')\n#28 /Users/dev/Desktop/nlmaf-breeze/vendor/laravel/framework/src/Illuminate/Container/BoundMethod.php(36): Illuminate\Queue\Console\WorkCommand->handle()\n#29 /Users/dev/Desktop/nlmaf-breeze/vendor/laravel/framework/src/Illuminate/Container/Util.php(43): Illuminate\Container\BoundMethod::{closure:Illuminate\Container\BoundMethod::call():35}()\n#30 /Users/dev/Desktop/nlmaf-breeze/vendor/laravel/framework/src/Illuminate/Container/BoundMethod.php(95): Illuminate\Container\Util::unwrapIfClosure(Object(Closure))\n#31 /Users/dev/Desktop/nlmaf-breeze/vendor/laravel/framework/src/Illuminate/Container/BoundMethod.php(35): Illuminate\Container\BoundMethod::callBoundMethod(Object(Illuminate\Foundation\Application), Array, Object(Closure))\n#32 /Users/dev/Desktop/nlmaf-breeze/vendor/laravel/framework/src/Illuminate/Container/Container.php(696): Illuminate\Container\BoundMethod::call(Object(Illuminate\Foundation\Application), Array, Array, NULL)\n#33 /Users/dev/Desktop/nlmaf-breeze/vendor/laravel/framework/src/Illuminate/Console/Command.php(213): Illuminate\Container\Container->call(Array)\n#34 /Users/dev/Desktop/nlmaf-breeze/vendor/symfony/console/Command/Command.php(279): Illuminate\Console\Command->execute(Object(Symfony\Component\Console\Input\ArgvInput), Object(Illuminate\Console\OutputStyle))\n#35 /Users/dev/Desktop/nlmaf-breeze/vendor/laravel/framework/src/Illuminate/Console/Command.php(182): Symfony\Component\Console\Command\Command->run(Object(Symfony\Component\Console\Input\ArgvInput), Object(Illuminate\Console\OutputStyle))\n#36 /Users/dev/Desktop/nlmaf-breeze/vendor/symfony/console/Application.php(1094): Illuminate\Console\Command->run(Object(Symfony\Component\Console\Input\ArgvInput), Object(Symfony\Component\Console\Output\ConsoleOutput))\n#37 /Users/dev/Desktop/nlmaf-breeze/vendor/symfony/console/Application.php(342): Symfony\Component\Console\Application->doRunCommand(Object(Illuminate\Queue\Console\WorkCommand), Object(Symfony\Component\Console\Input\ArgvInput), Object(Symfony\Component\Console\Output\ConsoleOutput))\n#38 /Users/dev/Desktop/nlmaf-breeze/vendor/symfony/console/Application.php(193): Symfony\Component\Console\Application->doRun(Object(Symfony\Component\Console\Input\ArgvInput), Object(Symfony\Component\Console\Output\ConsoleOutput))\n#39 /Users/dev/Desktop/nlmaf-breeze/vendor/laravel/framework/src/Illuminate/Foundation/Console/Kernel.php(198): Symfony\Component\Console\Application->run(Object(Symfony\Component\Console\Input\ArgvInput), Object(Symfony\Component\Console\Output\ConsoleOutput))\n#40 /Users/dev/Desktop/nlmaf-breeze/vendor/laravel/framework/src/Illuminate/Foundation/Application.php(1235): Illuminate\Foundation\Console\Kernel->handle(Object(Symfony\Component\Console\Input\ArgvInput), Object(Symfony\Component\Console\Output\ConsoleOutput))\n#41 /Users/dev/Desktop/nlmaf-breeze/artisan(13): Illuminate\Foundation\Application->handleCommand(Object(Symfony\Component\Console\Input\ArgvInput))\n#42 {main}','\n',char(10)),'2025-05-13 04:18:16');
INSERT INTO failed_jobs VALUES(20,'323b5a78-15aa-42c9-9acb-5063a0a4bb52','database','default','{"uuid":"323b5a78-15aa-42c9-9acb-5063a0a4bb52","displayName":"A17\\Twill\\Jobs\\ReorderNestedModuleItems","job":"Illuminate\\Queue\\CallQueuedHandler@call","maxTries":null,"maxExceptions":null,"failOnTimeout":false,"backoff":null,"timeout":null,"retryUntil":null,"data":{"commandName":"A17\\Twill\\Jobs\\ReorderNestedModuleItems","command":"O:39:\"A17\\Twill\\Jobs\\ReorderNestedModuleItems\":12:{s:13:\"\u0000*\u0000modelClass\";s:15:\"App\\Models\\Page\";s:6:\"\u0000*\u0000ids\";a:4:{i:0;i:2;i:1;i:1;i:2;i:3;i:3;i:5;}s:3:\"job\";N;s:10:\"connection\";N;s:5:\"queue\";s:7:\"default\";s:5:\"delay\";N;s:11:\"afterCommit\";N;s:10:\"middleware\";a:0:{}s:7:\"chained\";a:0:{}s:15:\"chainConnection\";N;s:10:\"chainQueue\";N;s:19:\"chainCatchCallbacks\";N;}"}}',replace('ErrorException: Trying to access array offset on int in /Users/dev/Desktop/nlmaf-breeze/vendor/area17/twill/src/Models/Behaviors/HasNesting.php:78\nStack trace:\n#0 /Users/dev/Desktop/nlmaf-breeze/vendor/laravel/framework/src/Illuminate/Foundation/Bootstrap/HandleExceptions.php(256): Illuminate\Foundation\Bootstrap\HandleExceptions->handleError(2, ''Trying to acces...'', ''/Users/dev/Desk...'', 78)\n#1 /Users/dev/Desktop/nlmaf-breeze/vendor/area17/twill/src/Models/Behaviors/HasNesting.php(78): Illuminate\Foundation\Bootstrap\HandleExceptions->{closure:Illuminate\Foundation\Bootstrap\HandleExceptions::forwardsTo():255}(2, ''Trying to acces...'', ''/Users/dev/Desk...'', 78)\n#2 /Users/dev/Desktop/nlmaf-breeze/vendor/area17/twill/src/Models/Behaviors/HasNesting.php(53): App\Models\Page::flattenTree(Array)\n#3 /Users/dev/Desktop/nlmaf-breeze/vendor/area17/twill/src/Jobs/ReorderNestedModuleItems.php(31): App\Models\Page::saveTreeFromIds(Array)\n#4 /Users/dev/Desktop/nlmaf-breeze/vendor/laravel/framework/src/Illuminate/Database/Concerns/ManagesTransactions.php(32): A17\Twill\Jobs\ReorderNestedModuleItems->{closure:A17\Twill\Jobs\ReorderNestedModuleItems::handle():30}(Object(Illuminate\Database\SQLiteConnection))\n#5 /Users/dev/Desktop/nlmaf-breeze/vendor/laravel/framework/src/Illuminate/Database/DatabaseManager.php(495): Illuminate\Database\Connection->transaction(Object(Closure), 3)\n#6 /Users/dev/Desktop/nlmaf-breeze/vendor/laravel/framework/src/Illuminate/Support/Facades/Facade.php(361): Illuminate\Database\DatabaseManager->__call(''transaction'', Array)\n#7 /Users/dev/Desktop/nlmaf-breeze/vendor/area17/twill/src/Jobs/ReorderNestedModuleItems.php(30): Illuminate\Support\Facades\Facade::__callStatic(''transaction'', Array)\n#8 /Users/dev/Desktop/nlmaf-breeze/vendor/laravel/framework/src/Illuminate/Container/BoundMethod.php(36): A17\Twill\Jobs\ReorderNestedModuleItems->handle()\n#9 /Users/dev/Desktop/nlmaf-breeze/vendor/laravel/framework/src/Illuminate/Container/Util.php(43): Illuminate\Container\BoundMethod::{closure:Illuminate\Container\BoundMethod::call():35}()\n#10 /Users/dev/Desktop/nlmaf-breeze/vendor/laravel/framework/src/Illuminate/Container/BoundMethod.php(95): Illuminate\Container\Util::unwrapIfClosure(Object(Closure))\n#11 /Users/dev/Desktop/nlmaf-breeze/vendor/laravel/framework/src/Illuminate/Container/BoundMethod.php(35): Illuminate\Container\BoundMethod::callBoundMethod(Object(Illuminate\Foundation\Application), Array, Object(Closure))\n#12 /Users/dev/Desktop/nlmaf-breeze/vendor/laravel/framework/src/Illuminate/Container/Container.php(696): Illuminate\Container\BoundMethod::call(Object(Illuminate\Foundation\Application), Array, Array, NULL)\n#13 /Users/dev/Desktop/nlmaf-breeze/vendor/laravel/framework/src/Illuminate/Bus/Dispatcher.php(126): Illuminate\Container\Container->call(Array)\n#14 /Users/dev/Desktop/nlmaf-breeze/vendor/laravel/framework/src/Illuminate/Pipeline/Pipeline.php(170): Illuminate\Bus\Dispatcher->{closure:Illuminate\Bus\Dispatcher::dispatchNow():123}(Object(A17\Twill\Jobs\ReorderNestedModuleItems))\n#15 /Users/dev/Desktop/nlmaf-breeze/vendor/laravel/framework/src/Illuminate/Pipeline/Pipeline.php(127): Illuminate\Pipeline\Pipeline->{closure:Illuminate\Pipeline\Pipeline::prepareDestination():168}(Object(A17\Twill\Jobs\ReorderNestedModuleItems))\n#16 /Users/dev/Desktop/nlmaf-breeze/vendor/laravel/framework/src/Illuminate/Bus/Dispatcher.php(130): Illuminate\Pipeline\Pipeline->then(Object(Closure))\n#17 /Users/dev/Desktop/nlmaf-breeze/vendor/laravel/framework/src/Illuminate/Queue/CallQueuedHandler.php(126): Illuminate\Bus\Dispatcher->dispatchNow(Object(A17\Twill\Jobs\ReorderNestedModuleItems), false)\n#18 /Users/dev/Desktop/nlmaf-breeze/vendor/laravel/framework/src/Illuminate/Pipeline/Pipeline.php(170): Illuminate\Queue\CallQueuedHandler->{closure:Illuminate\Queue\CallQueuedHandler::dispatchThroughMiddleware():121}(Object(A17\Twill\Jobs\ReorderNestedModuleItems))\n#19 /Users/dev/Desktop/nlmaf-breeze/vendor/laravel/framework/src/Illuminate/Pipeline/Pipeline.php(127): Illuminate\Pipeline\Pipeline->{closure:Illuminate\Pipeline\Pipeline::prepareDestination():168}(Object(A17\Twill\Jobs\ReorderNestedModuleItems))\n#20 /Users/dev/Desktop/nlmaf-breeze/vendor/laravel/framework/src/Illuminate/Queue/CallQueuedHandler.php(121): Illuminate\Pipeline\Pipeline->then(Object(Closure))\n#21 /Users/dev/Desktop/nlmaf-breeze/vendor/laravel/framework/src/Illuminate/Queue/CallQueuedHandler.php(69): Illuminate\Queue\CallQueuedHandler->dispatchThroughMiddleware(Object(Illuminate\Queue\Jobs\DatabaseJob), Object(A17\Twill\Jobs\ReorderNestedModuleItems))\n#22 /Users/dev/Desktop/nlmaf-breeze/vendor/laravel/framework/src/Illuminate/Queue/Jobs/Job.php(102): Illuminate\Queue\CallQueuedHandler->call(Object(Illuminate\Queue\Jobs\DatabaseJob), Array)\n#23 /Users/dev/Desktop/nlmaf-breeze/vendor/laravel/framework/src/Illuminate/Queue/Worker.php(442): Illuminate\Queue\Jobs\Job->fire()\n#24 /Users/dev/Desktop/nlmaf-breeze/vendor/laravel/framework/src/Illuminate/Queue/Worker.php(392): Illuminate\Queue\Worker->process(''database'', Object(Illuminate\Queue\Jobs\DatabaseJob), Object(Illuminate\Queue\WorkerOptions))\n#25 /Users/dev/Desktop/nlmaf-breeze/vendor/laravel/framework/src/Illuminate/Queue/Worker.php(178): Illuminate\Queue\Worker->runJob(Object(Illuminate\Queue\Jobs\DatabaseJob), ''database'', Object(Illuminate\Queue\WorkerOptions))\n#26 /Users/dev/Desktop/nlmaf-breeze/vendor/laravel/framework/src/Illuminate/Queue/Console/WorkCommand.php(149): Illuminate\Queue\Worker->daemon(''database'', ''default'', Object(Illuminate\Queue\WorkerOptions))\n#27 /Users/dev/Desktop/nlmaf-breeze/vendor/laravel/framework/src/Illuminate/Queue/Console/WorkCommand.php(132): Illuminate\Queue\Console\WorkCommand->runWorker(''database'', ''default'')\n#28 /Users/dev/Desktop/nlmaf-breeze/vendor/laravel/framework/src/Illuminate/Container/BoundMethod.php(36): Illuminate\Queue\Console\WorkCommand->handle()\n#29 /Users/dev/Desktop/nlmaf-breeze/vendor/laravel/framework/src/Illuminate/Container/Util.php(43): Illuminate\Container\BoundMethod::{closure:Illuminate\Container\BoundMethod::call():35}()\n#30 /Users/dev/Desktop/nlmaf-breeze/vendor/laravel/framework/src/Illuminate/Container/BoundMethod.php(95): Illuminate\Container\Util::unwrapIfClosure(Object(Closure))\n#31 /Users/dev/Desktop/nlmaf-breeze/vendor/laravel/framework/src/Illuminate/Container/BoundMethod.php(35): Illuminate\Container\BoundMethod::callBoundMethod(Object(Illuminate\Foundation\Application), Array, Object(Closure))\n#32 /Users/dev/Desktop/nlmaf-breeze/vendor/laravel/framework/src/Illuminate/Container/Container.php(696): Illuminate\Container\BoundMethod::call(Object(Illuminate\Foundation\Application), Array, Array, NULL)\n#33 /Users/dev/Desktop/nlmaf-breeze/vendor/laravel/framework/src/Illuminate/Console/Command.php(213): Illuminate\Container\Container->call(Array)\n#34 /Users/dev/Desktop/nlmaf-breeze/vendor/symfony/console/Command/Command.php(279): Illuminate\Console\Command->execute(Object(Symfony\Component\Console\Input\ArgvInput), Object(Illuminate\Console\OutputStyle))\n#35 /Users/dev/Desktop/nlmaf-breeze/vendor/laravel/framework/src/Illuminate/Console/Command.php(182): Symfony\Component\Console\Command\Command->run(Object(Symfony\Component\Console\Input\ArgvInput), Object(Illuminate\Console\OutputStyle))\n#36 /Users/dev/Desktop/nlmaf-breeze/vendor/symfony/console/Application.php(1094): Illuminate\Console\Command->run(Object(Symfony\Component\Console\Input\ArgvInput), Object(Symfony\Component\Console\Output\ConsoleOutput))\n#37 /Users/dev/Desktop/nlmaf-breeze/vendor/symfony/console/Application.php(342): Symfony\Component\Console\Application->doRunCommand(Object(Illuminate\Queue\Console\WorkCommand), Object(Symfony\Component\Console\Input\ArgvInput), Object(Symfony\Component\Console\Output\ConsoleOutput))\n#38 /Users/dev/Desktop/nlmaf-breeze/vendor/symfony/console/Application.php(193): Symfony\Component\Console\Application->doRun(Object(Symfony\Component\Console\Input\ArgvInput), Object(Symfony\Component\Console\Output\ConsoleOutput))\n#39 /Users/dev/Desktop/nlmaf-breeze/vendor/laravel/framework/src/Illuminate/Foundation/Console/Kernel.php(198): Symfony\Component\Console\Application->run(Object(Symfony\Component\Console\Input\ArgvInput), Object(Symfony\Component\Console\Output\ConsoleOutput))\n#40 /Users/dev/Desktop/nlmaf-breeze/vendor/laravel/framework/src/Illuminate/Foundation/Application.php(1235): Illuminate\Foundation\Console\Kernel->handle(Object(Symfony\Component\Console\Input\ArgvInput), Object(Symfony\Component\Console\Output\ConsoleOutput))\n#41 /Users/dev/Desktop/nlmaf-breeze/artisan(13): Illuminate\Foundation\Application->handleCommand(Object(Symfony\Component\Console\Input\ArgvInput))\n#42 {main}','\n',char(10)),'2025-05-13 04:18:16');
INSERT INTO failed_jobs VALUES(21,'e8f2c7ab-4dca-4d7a-85be-c7709a39217b','database','default','{"uuid":"e8f2c7ab-4dca-4d7a-85be-c7709a39217b","displayName":"A17\\Twill\\Jobs\\ReorderNestedModuleItems","job":"Illuminate\\Queue\\CallQueuedHandler@call","maxTries":null,"maxExceptions":null,"failOnTimeout":false,"backoff":null,"timeout":null,"retryUntil":null,"data":{"commandName":"A17\\Twill\\Jobs\\ReorderNestedModuleItems","command":"O:39:\"A17\\Twill\\Jobs\\ReorderNestedModuleItems\":12:{s:13:\"\u0000*\u0000modelClass\";s:19:\"App\\Models\\MenuLink\";s:6:\"\u0000*\u0000ids\";a:3:{i:0;i:5;i:1;i:4;i:2;i:6;}s:3:\"job\";N;s:10:\"connection\";N;s:5:\"queue\";s:7:\"default\";s:5:\"delay\";N;s:11:\"afterCommit\";N;s:10:\"middleware\";a:0:{}s:7:\"chained\";a:0:{}s:15:\"chainConnection\";N;s:10:\"chainQueue\";N;s:19:\"chainCatchCallbacks\";N;}"}}',replace('ErrorException: Trying to access array offset on int in /Users/dev/Desktop/nlmaf-breeze/vendor/area17/twill/src/Models/Behaviors/HasNesting.php:78\nStack trace:\n#0 /Users/dev/Desktop/nlmaf-breeze/vendor/laravel/framework/src/Illuminate/Foundation/Bootstrap/HandleExceptions.php(256): Illuminate\Foundation\Bootstrap\HandleExceptions->handleError(2, ''Trying to acces...'', ''/Users/dev/Desk...'', 78)\n#1 /Users/dev/Desktop/nlmaf-breeze/vendor/area17/twill/src/Models/Behaviors/HasNesting.php(78): Illuminate\Foundation\Bootstrap\HandleExceptions->{closure:Illuminate\Foundation\Bootstrap\HandleExceptions::forwardsTo():255}(2, ''Trying to acces...'', ''/Users/dev/Desk...'', 78)\n#2 /Users/dev/Desktop/nlmaf-breeze/vendor/area17/twill/src/Models/Behaviors/HasNesting.php(53): App\Models\MenuLink::flattenTree(Array)\n#3 /Users/dev/Desktop/nlmaf-breeze/vendor/area17/twill/src/Jobs/ReorderNestedModuleItems.php(31): App\Models\MenuLink::saveTreeFromIds(Array)\n#4 /Users/dev/Desktop/nlmaf-breeze/vendor/laravel/framework/src/Illuminate/Database/Concerns/ManagesTransactions.php(32): A17\Twill\Jobs\ReorderNestedModuleItems->{closure:A17\Twill\Jobs\ReorderNestedModuleItems::handle():30}(Object(Illuminate\Database\SQLiteConnection))\n#5 /Users/dev/Desktop/nlmaf-breeze/vendor/laravel/framework/src/Illuminate/Database/DatabaseManager.php(495): Illuminate\Database\Connection->transaction(Object(Closure), 3)\n#6 /Users/dev/Desktop/nlmaf-breeze/vendor/laravel/framework/src/Illuminate/Support/Facades/Facade.php(361): Illuminate\Database\DatabaseManager->__call(''transaction'', Array)\n#7 /Users/dev/Desktop/nlmaf-breeze/vendor/area17/twill/src/Jobs/ReorderNestedModuleItems.php(30): Illuminate\Support\Facades\Facade::__callStatic(''transaction'', Array)\n#8 /Users/dev/Desktop/nlmaf-breeze/vendor/laravel/framework/src/Illuminate/Container/BoundMethod.php(36): A17\Twill\Jobs\ReorderNestedModuleItems->handle()\n#9 /Users/dev/Desktop/nlmaf-breeze/vendor/laravel/framework/src/Illuminate/Container/Util.php(43): Illuminate\Container\BoundMethod::{closure:Illuminate\Container\BoundMethod::call():35}()\n#10 /Users/dev/Desktop/nlmaf-breeze/vendor/laravel/framework/src/Illuminate/Container/BoundMethod.php(95): Illuminate\Container\Util::unwrapIfClosure(Object(Closure))\n#11 /Users/dev/Desktop/nlmaf-breeze/vendor/laravel/framework/src/Illuminate/Container/BoundMethod.php(35): Illuminate\Container\BoundMethod::callBoundMethod(Object(Illuminate\Foundation\Application), Array, Object(Closure))\n#12 /Users/dev/Desktop/nlmaf-breeze/vendor/laravel/framework/src/Illuminate/Container/Container.php(696): Illuminate\Container\BoundMethod::call(Object(Illuminate\Foundation\Application), Array, Array, NULL)\n#13 /Users/dev/Desktop/nlmaf-breeze/vendor/laravel/framework/src/Illuminate/Bus/Dispatcher.php(126): Illuminate\Container\Container->call(Array)\n#14 /Users/dev/Desktop/nlmaf-breeze/vendor/laravel/framework/src/Illuminate/Pipeline/Pipeline.php(170): Illuminate\Bus\Dispatcher->{closure:Illuminate\Bus\Dispatcher::dispatchNow():123}(Object(A17\Twill\Jobs\ReorderNestedModuleItems))\n#15 /Users/dev/Desktop/nlmaf-breeze/vendor/laravel/framework/src/Illuminate/Pipeline/Pipeline.php(127): Illuminate\Pipeline\Pipeline->{closure:Illuminate\Pipeline\Pipeline::prepareDestination():168}(Object(A17\Twill\Jobs\ReorderNestedModuleItems))\n#16 /Users/dev/Desktop/nlmaf-breeze/vendor/laravel/framework/src/Illuminate/Bus/Dispatcher.php(130): Illuminate\Pipeline\Pipeline->then(Object(Closure))\n#17 /Users/dev/Desktop/nlmaf-breeze/vendor/laravel/framework/src/Illuminate/Queue/CallQueuedHandler.php(126): Illuminate\Bus\Dispatcher->dispatchNow(Object(A17\Twill\Jobs\ReorderNestedModuleItems), false)\n#18 /Users/dev/Desktop/nlmaf-breeze/vendor/laravel/framework/src/Illuminate/Pipeline/Pipeline.php(170): Illuminate\Queue\CallQueuedHandler->{closure:Illuminate\Queue\CallQueuedHandler::dispatchThroughMiddleware():121}(Object(A17\Twill\Jobs\ReorderNestedModuleItems))\n#19 /Users/dev/Desktop/nlmaf-breeze/vendor/laravel/framework/src/Illuminate/Pipeline/Pipeline.php(127): Illuminate\Pipeline\Pipeline->{closure:Illuminate\Pipeline\Pipeline::prepareDestination():168}(Object(A17\Twill\Jobs\ReorderNestedModuleItems))\n#20 /Users/dev/Desktop/nlmaf-breeze/vendor/laravel/framework/src/Illuminate/Queue/CallQueuedHandler.php(121): Illuminate\Pipeline\Pipeline->then(Object(Closure))\n#21 /Users/dev/Desktop/nlmaf-breeze/vendor/laravel/framework/src/Illuminate/Queue/CallQueuedHandler.php(69): Illuminate\Queue\CallQueuedHandler->dispatchThroughMiddleware(Object(Illuminate\Queue\Jobs\DatabaseJob), Object(A17\Twill\Jobs\ReorderNestedModuleItems))\n#22 /Users/dev/Desktop/nlmaf-breeze/vendor/laravel/framework/src/Illuminate/Queue/Jobs/Job.php(102): Illuminate\Queue\CallQueuedHandler->call(Object(Illuminate\Queue\Jobs\DatabaseJob), Array)\n#23 /Users/dev/Desktop/nlmaf-breeze/vendor/laravel/framework/src/Illuminate/Queue/Worker.php(442): Illuminate\Queue\Jobs\Job->fire()\n#24 /Users/dev/Desktop/nlmaf-breeze/vendor/laravel/framework/src/Illuminate/Queue/Worker.php(392): Illuminate\Queue\Worker->process(''database'', Object(Illuminate\Queue\Jobs\DatabaseJob), Object(Illuminate\Queue\WorkerOptions))\n#25 /Users/dev/Desktop/nlmaf-breeze/vendor/laravel/framework/src/Illuminate/Queue/Worker.php(178): Illuminate\Queue\Worker->runJob(Object(Illuminate\Queue\Jobs\DatabaseJob), ''database'', Object(Illuminate\Queue\WorkerOptions))\n#26 /Users/dev/Desktop/nlmaf-breeze/vendor/laravel/framework/src/Illuminate/Queue/Console/WorkCommand.php(149): Illuminate\Queue\Worker->daemon(''database'', ''default'', Object(Illuminate\Queue\WorkerOptions))\n#27 /Users/dev/Desktop/nlmaf-breeze/vendor/laravel/framework/src/Illuminate/Queue/Console/WorkCommand.php(132): Illuminate\Queue\Console\WorkCommand->runWorker(''database'', ''default'')\n#28 /Users/dev/Desktop/nlmaf-breeze/vendor/laravel/framework/src/Illuminate/Container/BoundMethod.php(36): Illuminate\Queue\Console\WorkCommand->handle()\n#29 /Users/dev/Desktop/nlmaf-breeze/vendor/laravel/framework/src/Illuminate/Container/Util.php(43): Illuminate\Container\BoundMethod::{closure:Illuminate\Container\BoundMethod::call():35}()\n#30 /Users/dev/Desktop/nlmaf-breeze/vendor/laravel/framework/src/Illuminate/Container/BoundMethod.php(95): Illuminate\Container\Util::unwrapIfClosure(Object(Closure))\n#31 /Users/dev/Desktop/nlmaf-breeze/vendor/laravel/framework/src/Illuminate/Container/BoundMethod.php(35): Illuminate\Container\BoundMethod::callBoundMethod(Object(Illuminate\Foundation\Application), Array, Object(Closure))\n#32 /Users/dev/Desktop/nlmaf-breeze/vendor/laravel/framework/src/Illuminate/Container/Container.php(696): Illuminate\Container\BoundMethod::call(Object(Illuminate\Foundation\Application), Array, Array, NULL)\n#33 /Users/dev/Desktop/nlmaf-breeze/vendor/laravel/framework/src/Illuminate/Console/Command.php(213): Illuminate\Container\Container->call(Array)\n#34 /Users/dev/Desktop/nlmaf-breeze/vendor/symfony/console/Command/Command.php(279): Illuminate\Console\Command->execute(Object(Symfony\Component\Console\Input\ArgvInput), Object(Illuminate\Console\OutputStyle))\n#35 /Users/dev/Desktop/nlmaf-breeze/vendor/laravel/framework/src/Illuminate/Console/Command.php(182): Symfony\Component\Console\Command\Command->run(Object(Symfony\Component\Console\Input\ArgvInput), Object(Illuminate\Console\OutputStyle))\n#36 /Users/dev/Desktop/nlmaf-breeze/vendor/symfony/console/Application.php(1094): Illuminate\Console\Command->run(Object(Symfony\Component\Console\Input\ArgvInput), Object(Symfony\Component\Console\Output\ConsoleOutput))\n#37 /Users/dev/Desktop/nlmaf-breeze/vendor/symfony/console/Application.php(342): Symfony\Component\Console\Application->doRunCommand(Object(Illuminate\Queue\Console\WorkCommand), Object(Symfony\Component\Console\Input\ArgvInput), Object(Symfony\Component\Console\Output\ConsoleOutput))\n#38 /Users/dev/Desktop/nlmaf-breeze/vendor/symfony/console/Application.php(193): Symfony\Component\Console\Application->doRun(Object(Symfony\Component\Console\Input\ArgvInput), Object(Symfony\Component\Console\Output\ConsoleOutput))\n#39 /Users/dev/Desktop/nlmaf-breeze/vendor/laravel/framework/src/Illuminate/Foundation/Console/Kernel.php(198): Symfony\Component\Console\Application->run(Object(Symfony\Component\Console\Input\ArgvInput), Object(Symfony\Component\Console\Output\ConsoleOutput))\n#40 /Users/dev/Desktop/nlmaf-breeze/vendor/laravel/framework/src/Illuminate/Foundation/Application.php(1235): Illuminate\Foundation\Console\Kernel->handle(Object(Symfony\Component\Console\Input\ArgvInput), Object(Symfony\Component\Console\Output\ConsoleOutput))\n#41 /Users/dev/Desktop/nlmaf-breeze/artisan(13): Illuminate\Foundation\Application->handleCommand(Object(Symfony\Component\Console\Input\ArgvInput))\n#42 {main}','\n',char(10)),'2025-05-13 04:18:16');
INSERT INTO failed_jobs VALUES(22,'29005cbd-97bc-4aba-930f-5f03a72276bd','database','default','{"uuid":"29005cbd-97bc-4aba-930f-5f03a72276bd","displayName":"A17\\Twill\\Jobs\\ReorderNestedModuleItems","job":"Illuminate\\Queue\\CallQueuedHandler@call","maxTries":null,"maxExceptions":null,"failOnTimeout":false,"backoff":null,"timeout":null,"retryUntil":null,"data":{"commandName":"A17\\Twill\\Jobs\\ReorderNestedModuleItems","command":"O:39:\"A17\\Twill\\Jobs\\ReorderNestedModuleItems\":12:{s:13:\"\u0000*\u0000modelClass\";s:19:\"App\\Models\\MenuLink\";s:6:\"\u0000*\u0000ids\";a:3:{i:0;i:5;i:1;i:6;i:2;i:4;}s:3:\"job\";N;s:10:\"connection\";N;s:5:\"queue\";s:7:\"default\";s:5:\"delay\";N;s:11:\"afterCommit\";N;s:10:\"middleware\";a:0:{}s:7:\"chained\";a:0:{}s:15:\"chainConnection\";N;s:10:\"chainQueue\";N;s:19:\"chainCatchCallbacks\";N;}"}}',replace('ErrorException: Trying to access array offset on int in /Users/dev/Desktop/nlmaf-breeze/vendor/area17/twill/src/Models/Behaviors/HasNesting.php:78\nStack trace:\n#0 /Users/dev/Desktop/nlmaf-breeze/vendor/laravel/framework/src/Illuminate/Foundation/Bootstrap/HandleExceptions.php(256): Illuminate\Foundation\Bootstrap\HandleExceptions->handleError(2, ''Trying to acces...'', ''/Users/dev/Desk...'', 78)\n#1 /Users/dev/Desktop/nlmaf-breeze/vendor/area17/twill/src/Models/Behaviors/HasNesting.php(78): Illuminate\Foundation\Bootstrap\HandleExceptions->{closure:Illuminate\Foundation\Bootstrap\HandleExceptions::forwardsTo():255}(2, ''Trying to acces...'', ''/Users/dev/Desk...'', 78)\n#2 /Users/dev/Desktop/nlmaf-breeze/vendor/area17/twill/src/Models/Behaviors/HasNesting.php(53): App\Models\MenuLink::flattenTree(Array)\n#3 /Users/dev/Desktop/nlmaf-breeze/vendor/area17/twill/src/Jobs/ReorderNestedModuleItems.php(31): App\Models\MenuLink::saveTreeFromIds(Array)\n#4 /Users/dev/Desktop/nlmaf-breeze/vendor/laravel/framework/src/Illuminate/Database/Concerns/ManagesTransactions.php(32): A17\Twill\Jobs\ReorderNestedModuleItems->{closure:A17\Twill\Jobs\ReorderNestedModuleItems::handle():30}(Object(Illuminate\Database\SQLiteConnection))\n#5 /Users/dev/Desktop/nlmaf-breeze/vendor/laravel/framework/src/Illuminate/Database/DatabaseManager.php(495): Illuminate\Database\Connection->transaction(Object(Closure), 3)\n#6 /Users/dev/Desktop/nlmaf-breeze/vendor/laravel/framework/src/Illuminate/Support/Facades/Facade.php(361): Illuminate\Database\DatabaseManager->__call(''transaction'', Array)\n#7 /Users/dev/Desktop/nlmaf-breeze/vendor/area17/twill/src/Jobs/ReorderNestedModuleItems.php(30): Illuminate\Support\Facades\Facade::__callStatic(''transaction'', Array)\n#8 /Users/dev/Desktop/nlmaf-breeze/vendor/laravel/framework/src/Illuminate/Container/BoundMethod.php(36): A17\Twill\Jobs\ReorderNestedModuleItems->handle()\n#9 /Users/dev/Desktop/nlmaf-breeze/vendor/laravel/framework/src/Illuminate/Container/Util.php(43): Illuminate\Container\BoundMethod::{closure:Illuminate\Container\BoundMethod::call():35}()\n#10 /Users/dev/Desktop/nlmaf-breeze/vendor/laravel/framework/src/Illuminate/Container/BoundMethod.php(95): Illuminate\Container\Util::unwrapIfClosure(Object(Closure))\n#11 /Users/dev/Desktop/nlmaf-breeze/vendor/laravel/framework/src/Illuminate/Container/BoundMethod.php(35): Illuminate\Container\BoundMethod::callBoundMethod(Object(Illuminate\Foundation\Application), Array, Object(Closure))\n#12 /Users/dev/Desktop/nlmaf-breeze/vendor/laravel/framework/src/Illuminate/Container/Container.php(696): Illuminate\Container\BoundMethod::call(Object(Illuminate\Foundation\Application), Array, Array, NULL)\n#13 /Users/dev/Desktop/nlmaf-breeze/vendor/laravel/framework/src/Illuminate/Bus/Dispatcher.php(126): Illuminate\Container\Container->call(Array)\n#14 /Users/dev/Desktop/nlmaf-breeze/vendor/laravel/framework/src/Illuminate/Pipeline/Pipeline.php(170): Illuminate\Bus\Dispatcher->{closure:Illuminate\Bus\Dispatcher::dispatchNow():123}(Object(A17\Twill\Jobs\ReorderNestedModuleItems))\n#15 /Users/dev/Desktop/nlmaf-breeze/vendor/laravel/framework/src/Illuminate/Pipeline/Pipeline.php(127): Illuminate\Pipeline\Pipeline->{closure:Illuminate\Pipeline\Pipeline::prepareDestination():168}(Object(A17\Twill\Jobs\ReorderNestedModuleItems))\n#16 /Users/dev/Desktop/nlmaf-breeze/vendor/laravel/framework/src/Illuminate/Bus/Dispatcher.php(130): Illuminate\Pipeline\Pipeline->then(Object(Closure))\n#17 /Users/dev/Desktop/nlmaf-breeze/vendor/laravel/framework/src/Illuminate/Queue/CallQueuedHandler.php(126): Illuminate\Bus\Dispatcher->dispatchNow(Object(A17\Twill\Jobs\ReorderNestedModuleItems), false)\n#18 /Users/dev/Desktop/nlmaf-breeze/vendor/laravel/framework/src/Illuminate/Pipeline/Pipeline.php(170): Illuminate\Queue\CallQueuedHandler->{closure:Illuminate\Queue\CallQueuedHandler::dispatchThroughMiddleware():121}(Object(A17\Twill\Jobs\ReorderNestedModuleItems))\n#19 /Users/dev/Desktop/nlmaf-breeze/vendor/laravel/framework/src/Illuminate/Pipeline/Pipeline.php(127): Illuminate\Pipeline\Pipeline->{closure:Illuminate\Pipeline\Pipeline::prepareDestination():168}(Object(A17\Twill\Jobs\ReorderNestedModuleItems))\n#20 /Users/dev/Desktop/nlmaf-breeze/vendor/laravel/framework/src/Illuminate/Queue/CallQueuedHandler.php(121): Illuminate\Pipeline\Pipeline->then(Object(Closure))\n#21 /Users/dev/Desktop/nlmaf-breeze/vendor/laravel/framework/src/Illuminate/Queue/CallQueuedHandler.php(69): Illuminate\Queue\CallQueuedHandler->dispatchThroughMiddleware(Object(Illuminate\Queue\Jobs\DatabaseJob), Object(A17\Twill\Jobs\ReorderNestedModuleItems))\n#22 /Users/dev/Desktop/nlmaf-breeze/vendor/laravel/framework/src/Illuminate/Queue/Jobs/Job.php(102): Illuminate\Queue\CallQueuedHandler->call(Object(Illuminate\Queue\Jobs\DatabaseJob), Array)\n#23 /Users/dev/Desktop/nlmaf-breeze/vendor/laravel/framework/src/Illuminate/Queue/Worker.php(442): Illuminate\Queue\Jobs\Job->fire()\n#24 /Users/dev/Desktop/nlmaf-breeze/vendor/laravel/framework/src/Illuminate/Queue/Worker.php(392): Illuminate\Queue\Worker->process(''database'', Object(Illuminate\Queue\Jobs\DatabaseJob), Object(Illuminate\Queue\WorkerOptions))\n#25 /Users/dev/Desktop/nlmaf-breeze/vendor/laravel/framework/src/Illuminate/Queue/Worker.php(178): Illuminate\Queue\Worker->runJob(Object(Illuminate\Queue\Jobs\DatabaseJob), ''database'', Object(Illuminate\Queue\WorkerOptions))\n#26 /Users/dev/Desktop/nlmaf-breeze/vendor/laravel/framework/src/Illuminate/Queue/Console/WorkCommand.php(149): Illuminate\Queue\Worker->daemon(''database'', ''default'', Object(Illuminate\Queue\WorkerOptions))\n#27 /Users/dev/Desktop/nlmaf-breeze/vendor/laravel/framework/src/Illuminate/Queue/Console/WorkCommand.php(132): Illuminate\Queue\Console\WorkCommand->runWorker(''database'', ''default'')\n#28 /Users/dev/Desktop/nlmaf-breeze/vendor/laravel/framework/src/Illuminate/Container/BoundMethod.php(36): Illuminate\Queue\Console\WorkCommand->handle()\n#29 /Users/dev/Desktop/nlmaf-breeze/vendor/laravel/framework/src/Illuminate/Container/Util.php(43): Illuminate\Container\BoundMethod::{closure:Illuminate\Container\BoundMethod::call():35}()\n#30 /Users/dev/Desktop/nlmaf-breeze/vendor/laravel/framework/src/Illuminate/Container/BoundMethod.php(95): Illuminate\Container\Util::unwrapIfClosure(Object(Closure))\n#31 /Users/dev/Desktop/nlmaf-breeze/vendor/laravel/framework/src/Illuminate/Container/BoundMethod.php(35): Illuminate\Container\BoundMethod::callBoundMethod(Object(Illuminate\Foundation\Application), Array, Object(Closure))\n#32 /Users/dev/Desktop/nlmaf-breeze/vendor/laravel/framework/src/Illuminate/Container/Container.php(696): Illuminate\Container\BoundMethod::call(Object(Illuminate\Foundation\Application), Array, Array, NULL)\n#33 /Users/dev/Desktop/nlmaf-breeze/vendor/laravel/framework/src/Illuminate/Console/Command.php(213): Illuminate\Container\Container->call(Array)\n#34 /Users/dev/Desktop/nlmaf-breeze/vendor/symfony/console/Command/Command.php(279): Illuminate\Console\Command->execute(Object(Symfony\Component\Console\Input\ArgvInput), Object(Illuminate\Console\OutputStyle))\n#35 /Users/dev/Desktop/nlmaf-breeze/vendor/laravel/framework/src/Illuminate/Console/Command.php(182): Symfony\Component\Console\Command\Command->run(Object(Symfony\Component\Console\Input\ArgvInput), Object(Illuminate\Console\OutputStyle))\n#36 /Users/dev/Desktop/nlmaf-breeze/vendor/symfony/console/Application.php(1094): Illuminate\Console\Command->run(Object(Symfony\Component\Console\Input\ArgvInput), Object(Symfony\Component\Console\Output\ConsoleOutput))\n#37 /Users/dev/Desktop/nlmaf-breeze/vendor/symfony/console/Application.php(342): Symfony\Component\Console\Application->doRunCommand(Object(Illuminate\Queue\Console\WorkCommand), Object(Symfony\Component\Console\Input\ArgvInput), Object(Symfony\Component\Console\Output\ConsoleOutput))\n#38 /Users/dev/Desktop/nlmaf-breeze/vendor/symfony/console/Application.php(193): Symfony\Component\Console\Application->doRun(Object(Symfony\Component\Console\Input\ArgvInput), Object(Symfony\Component\Console\Output\ConsoleOutput))\n#39 /Users/dev/Desktop/nlmaf-breeze/vendor/laravel/framework/src/Illuminate/Foundation/Console/Kernel.php(198): Symfony\Component\Console\Application->run(Object(Symfony\Component\Console\Input\ArgvInput), Object(Symfony\Component\Console\Output\ConsoleOutput))\n#40 /Users/dev/Desktop/nlmaf-breeze/vendor/laravel/framework/src/Illuminate/Foundation/Application.php(1235): Illuminate\Foundation\Console\Kernel->handle(Object(Symfony\Component\Console\Input\ArgvInput), Object(Symfony\Component\Console\Output\ConsoleOutput))\n#41 /Users/dev/Desktop/nlmaf-breeze/artisan(13): Illuminate\Foundation\Application->handleCommand(Object(Symfony\Component\Console\Input\ArgvInput))\n#42 {main}','\n',char(10)),'2025-05-13 04:18:16');
INSERT INTO failed_jobs VALUES(23,'17be6494-f16b-4280-b6b8-2479d17cc6f8','database','default','{"uuid":"17be6494-f16b-4280-b6b8-2479d17cc6f8","displayName":"A17\\Twill\\Jobs\\ReorderNestedModuleItems","job":"Illuminate\\Queue\\CallQueuedHandler@call","maxTries":null,"maxExceptions":null,"failOnTimeout":false,"backoff":null,"timeout":null,"retryUntil":null,"data":{"commandName":"A17\\Twill\\Jobs\\ReorderNestedModuleItems","command":"O:39:\"A17\\Twill\\Jobs\\ReorderNestedModuleItems\":12:{s:13:\"\u0000*\u0000modelClass\";s:19:\"App\\Models\\MenuLink\";s:6:\"\u0000*\u0000ids\";a:3:{i:0;i:4;i:1;i:5;i:2;i:6;}s:3:\"job\";N;s:10:\"connection\";N;s:5:\"queue\";s:7:\"default\";s:5:\"delay\";N;s:11:\"afterCommit\";N;s:10:\"middleware\";a:0:{}s:7:\"chained\";a:0:{}s:15:\"chainConnection\";N;s:10:\"chainQueue\";N;s:19:\"chainCatchCallbacks\";N;}"}}',replace('ErrorException: Trying to access array offset on int in /Users/dev/Desktop/nlmaf-breeze/vendor/area17/twill/src/Models/Behaviors/HasNesting.php:78\nStack trace:\n#0 /Users/dev/Desktop/nlmaf-breeze/vendor/laravel/framework/src/Illuminate/Foundation/Bootstrap/HandleExceptions.php(256): Illuminate\Foundation\Bootstrap\HandleExceptions->handleError(2, ''Trying to acces...'', ''/Users/dev/Desk...'', 78)\n#1 /Users/dev/Desktop/nlmaf-breeze/vendor/area17/twill/src/Models/Behaviors/HasNesting.php(78): Illuminate\Foundation\Bootstrap\HandleExceptions->{closure:Illuminate\Foundation\Bootstrap\HandleExceptions::forwardsTo():255}(2, ''Trying to acces...'', ''/Users/dev/Desk...'', 78)\n#2 /Users/dev/Desktop/nlmaf-breeze/vendor/area17/twill/src/Models/Behaviors/HasNesting.php(53): App\Models\MenuLink::flattenTree(Array)\n#3 /Users/dev/Desktop/nlmaf-breeze/vendor/area17/twill/src/Jobs/ReorderNestedModuleItems.php(31): App\Models\MenuLink::saveTreeFromIds(Array)\n#4 /Users/dev/Desktop/nlmaf-breeze/vendor/laravel/framework/src/Illuminate/Database/Concerns/ManagesTransactions.php(32): A17\Twill\Jobs\ReorderNestedModuleItems->{closure:A17\Twill\Jobs\ReorderNestedModuleItems::handle():30}(Object(Illuminate\Database\SQLiteConnection))\n#5 /Users/dev/Desktop/nlmaf-breeze/vendor/laravel/framework/src/Illuminate/Database/DatabaseManager.php(495): Illuminate\Database\Connection->transaction(Object(Closure), 3)\n#6 /Users/dev/Desktop/nlmaf-breeze/vendor/laravel/framework/src/Illuminate/Support/Facades/Facade.php(361): Illuminate\Database\DatabaseManager->__call(''transaction'', Array)\n#7 /Users/dev/Desktop/nlmaf-breeze/vendor/area17/twill/src/Jobs/ReorderNestedModuleItems.php(30): Illuminate\Support\Facades\Facade::__callStatic(''transaction'', Array)\n#8 /Users/dev/Desktop/nlmaf-breeze/vendor/laravel/framework/src/Illuminate/Container/BoundMethod.php(36): A17\Twill\Jobs\ReorderNestedModuleItems->handle()\n#9 /Users/dev/Desktop/nlmaf-breeze/vendor/laravel/framework/src/Illuminate/Container/Util.php(43): Illuminate\Container\BoundMethod::{closure:Illuminate\Container\BoundMethod::call():35}()\n#10 /Users/dev/Desktop/nlmaf-breeze/vendor/laravel/framework/src/Illuminate/Container/BoundMethod.php(95): Illuminate\Container\Util::unwrapIfClosure(Object(Closure))\n#11 /Users/dev/Desktop/nlmaf-breeze/vendor/laravel/framework/src/Illuminate/Container/BoundMethod.php(35): Illuminate\Container\BoundMethod::callBoundMethod(Object(Illuminate\Foundation\Application), Array, Object(Closure))\n#12 /Users/dev/Desktop/nlmaf-breeze/vendor/laravel/framework/src/Illuminate/Container/Container.php(696): Illuminate\Container\BoundMethod::call(Object(Illuminate\Foundation\Application), Array, Array, NULL)\n#13 /Users/dev/Desktop/nlmaf-breeze/vendor/laravel/framework/src/Illuminate/Bus/Dispatcher.php(126): Illuminate\Container\Container->call(Array)\n#14 /Users/dev/Desktop/nlmaf-breeze/vendor/laravel/framework/src/Illuminate/Pipeline/Pipeline.php(170): Illuminate\Bus\Dispatcher->{closure:Illuminate\Bus\Dispatcher::dispatchNow():123}(Object(A17\Twill\Jobs\ReorderNestedModuleItems))\n#15 /Users/dev/Desktop/nlmaf-breeze/vendor/laravel/framework/src/Illuminate/Pipeline/Pipeline.php(127): Illuminate\Pipeline\Pipeline->{closure:Illuminate\Pipeline\Pipeline::prepareDestination():168}(Object(A17\Twill\Jobs\ReorderNestedModuleItems))\n#16 /Users/dev/Desktop/nlmaf-breeze/vendor/laravel/framework/src/Illuminate/Bus/Dispatcher.php(130): Illuminate\Pipeline\Pipeline->then(Object(Closure))\n#17 /Users/dev/Desktop/nlmaf-breeze/vendor/laravel/framework/src/Illuminate/Queue/CallQueuedHandler.php(126): Illuminate\Bus\Dispatcher->dispatchNow(Object(A17\Twill\Jobs\ReorderNestedModuleItems), false)\n#18 /Users/dev/Desktop/nlmaf-breeze/vendor/laravel/framework/src/Illuminate/Pipeline/Pipeline.php(170): Illuminate\Queue\CallQueuedHandler->{closure:Illuminate\Queue\CallQueuedHandler::dispatchThroughMiddleware():121}(Object(A17\Twill\Jobs\ReorderNestedModuleItems))\n#19 /Users/dev/Desktop/nlmaf-breeze/vendor/laravel/framework/src/Illuminate/Pipeline/Pipeline.php(127): Illuminate\Pipeline\Pipeline->{closure:Illuminate\Pipeline\Pipeline::prepareDestination():168}(Object(A17\Twill\Jobs\ReorderNestedModuleItems))\n#20 /Users/dev/Desktop/nlmaf-breeze/vendor/laravel/framework/src/Illuminate/Queue/CallQueuedHandler.php(121): Illuminate\Pipeline\Pipeline->then(Object(Closure))\n#21 /Users/dev/Desktop/nlmaf-breeze/vendor/laravel/framework/src/Illuminate/Queue/CallQueuedHandler.php(69): Illuminate\Queue\CallQueuedHandler->dispatchThroughMiddleware(Object(Illuminate\Queue\Jobs\DatabaseJob), Object(A17\Twill\Jobs\ReorderNestedModuleItems))\n#22 /Users/dev/Desktop/nlmaf-breeze/vendor/laravel/framework/src/Illuminate/Queue/Jobs/Job.php(102): Illuminate\Queue\CallQueuedHandler->call(Object(Illuminate\Queue\Jobs\DatabaseJob), Array)\n#23 /Users/dev/Desktop/nlmaf-breeze/vendor/laravel/framework/src/Illuminate/Queue/Worker.php(442): Illuminate\Queue\Jobs\Job->fire()\n#24 /Users/dev/Desktop/nlmaf-breeze/vendor/laravel/framework/src/Illuminate/Queue/Worker.php(392): Illuminate\Queue\Worker->process(''database'', Object(Illuminate\Queue\Jobs\DatabaseJob), Object(Illuminate\Queue\WorkerOptions))\n#25 /Users/dev/Desktop/nlmaf-breeze/vendor/laravel/framework/src/Illuminate/Queue/Worker.php(178): Illuminate\Queue\Worker->runJob(Object(Illuminate\Queue\Jobs\DatabaseJob), ''database'', Object(Illuminate\Queue\WorkerOptions))\n#26 /Users/dev/Desktop/nlmaf-breeze/vendor/laravel/framework/src/Illuminate/Queue/Console/WorkCommand.php(149): Illuminate\Queue\Worker->daemon(''database'', ''default'', Object(Illuminate\Queue\WorkerOptions))\n#27 /Users/dev/Desktop/nlmaf-breeze/vendor/laravel/framework/src/Illuminate/Queue/Console/WorkCommand.php(132): Illuminate\Queue\Console\WorkCommand->runWorker(''database'', ''default'')\n#28 /Users/dev/Desktop/nlmaf-breeze/vendor/laravel/framework/src/Illuminate/Container/BoundMethod.php(36): Illuminate\Queue\Console\WorkCommand->handle()\n#29 /Users/dev/Desktop/nlmaf-breeze/vendor/laravel/framework/src/Illuminate/Container/Util.php(43): Illuminate\Container\BoundMethod::{closure:Illuminate\Container\BoundMethod::call():35}()\n#30 /Users/dev/Desktop/nlmaf-breeze/vendor/laravel/framework/src/Illuminate/Container/BoundMethod.php(95): Illuminate\Container\Util::unwrapIfClosure(Object(Closure))\n#31 /Users/dev/Desktop/nlmaf-breeze/vendor/laravel/framework/src/Illuminate/Container/BoundMethod.php(35): Illuminate\Container\BoundMethod::callBoundMethod(Object(Illuminate\Foundation\Application), Array, Object(Closure))\n#32 /Users/dev/Desktop/nlmaf-breeze/vendor/laravel/framework/src/Illuminate/Container/Container.php(696): Illuminate\Container\BoundMethod::call(Object(Illuminate\Foundation\Application), Array, Array, NULL)\n#33 /Users/dev/Desktop/nlmaf-breeze/vendor/laravel/framework/src/Illuminate/Console/Command.php(213): Illuminate\Container\Container->call(Array)\n#34 /Users/dev/Desktop/nlmaf-breeze/vendor/symfony/console/Command/Command.php(279): Illuminate\Console\Command->execute(Object(Symfony\Component\Console\Input\ArgvInput), Object(Illuminate\Console\OutputStyle))\n#35 /Users/dev/Desktop/nlmaf-breeze/vendor/laravel/framework/src/Illuminate/Console/Command.php(182): Symfony\Component\Console\Command\Command->run(Object(Symfony\Component\Console\Input\ArgvInput), Object(Illuminate\Console\OutputStyle))\n#36 /Users/dev/Desktop/nlmaf-breeze/vendor/symfony/console/Application.php(1094): Illuminate\Console\Command->run(Object(Symfony\Component\Console\Input\ArgvInput), Object(Symfony\Component\Console\Output\ConsoleOutput))\n#37 /Users/dev/Desktop/nlmaf-breeze/vendor/symfony/console/Application.php(342): Symfony\Component\Console\Application->doRunCommand(Object(Illuminate\Queue\Console\WorkCommand), Object(Symfony\Component\Console\Input\ArgvInput), Object(Symfony\Component\Console\Output\ConsoleOutput))\n#38 /Users/dev/Desktop/nlmaf-breeze/vendor/symfony/console/Application.php(193): Symfony\Component\Console\Application->doRun(Object(Symfony\Component\Console\Input\ArgvInput), Object(Symfony\Component\Console\Output\ConsoleOutput))\n#39 /Users/dev/Desktop/nlmaf-breeze/vendor/laravel/framework/src/Illuminate/Foundation/Console/Kernel.php(198): Symfony\Component\Console\Application->run(Object(Symfony\Component\Console\Input\ArgvInput), Object(Symfony\Component\Console\Output\ConsoleOutput))\n#40 /Users/dev/Desktop/nlmaf-breeze/vendor/laravel/framework/src/Illuminate/Foundation/Application.php(1235): Illuminate\Foundation\Console\Kernel->handle(Object(Symfony\Component\Console\Input\ArgvInput), Object(Symfony\Component\Console\Output\ConsoleOutput))\n#41 /Users/dev/Desktop/nlmaf-breeze/artisan(13): Illuminate\Foundation\Application->handleCommand(Object(Symfony\Component\Console\Input\ArgvInput))\n#42 {main}','\n',char(10)),'2025-05-13 04:18:16');
CREATE TABLE IF NOT EXISTS "twill_users" ("id" integer primary key autoincrement not null, "deleted_at" datetime, "created_at" datetime, "updated_at" datetime, "published" tinyint(1) not null default '0', "name" varchar not null, "email" varchar not null, "password" varchar, "role" varchar not null, "title" varchar, "description" text, "remember_token" varchar, "language" varchar, "last_login_at" datetime, "registered_at" datetime, "require_new_password" tinyint(1) not null default '0');
INSERT INTO twill_users VALUES(1,NULL,'2025-04-26 01:26:40','2025-05-17 22:09:06',1,'Admin','dev@nolimitsmaf.com','$2y$12$4vWl3vbKMfxCwbqLse0Pcew1CF8j3x1yYDBVmqxAwNfzBxybGp546','SUPERADMIN',NULL,NULL,NULL,NULL,'2025-05-17 22:09:06','2025-04-26 01:26:40',0);
CREATE TABLE IF NOT EXISTS "twill_blocks" ("id" integer primary key autoincrement not null, "blockable_id" integer, "blockable_type" varchar, "position" integer not null, "content" text not null, "type" varchar not null, "child_key" varchar, "parent_id" integer, "editor_name" varchar);
INSERT INTO twill_blocks VALUES(3,1,'pageHome',1,'{"button_text":{"en":"Join Us"},"heading":"Reach Your Goals With No Limits","button_link":{"en":"\/register"}}','common-hero',NULL,NULL,'default');
INSERT INTO twill_blocks VALUES(4,1,'pageHome',1,'{"heading":{"en":"Reach Your Goals With No Limits"},"level":"h1"}','common-heading','heading',3,'default');
INSERT INTO twill_blocks VALUES(5,1,'registeredUser',1,'{}','common-wordlist',NULL,NULL,'default');
INSERT INTO twill_blocks VALUES(6,1,'registeredUser',1,'{"word":"Challenge"}','dynamic-repeater-words','words',5,'default');
INSERT INTO twill_blocks VALUES(7,1,'registeredUser',2,'{"word":"Joy"}','dynamic-repeater-words','words',5,'default');
INSERT INTO twill_blocks VALUES(8,1,'registeredUser',3,'{"word":"Experience"}','dynamic-repeater-words','words',5,'default');
INSERT INTO twill_blocks VALUES(9,1,'registeredUser',4,'{"word":"Discipline"}','dynamic-repeater-words','words',5,'default');
INSERT INTO twill_blocks VALUES(10,1,'registeredUser',5,'{"word":"You"}','dynamic-repeater-words','words',5,'default');
INSERT INTO twill_blocks VALUES(11,1,'registeredUser',6,'{"word":"Fun"}','dynamic-repeater-words','words',5,'default');
INSERT INTO twill_blocks VALUES(12,1,'registeredUser',7,'{"word":"Journey"}','dynamic-repeater-words','words',5,'default');
INSERT INTO twill_blocks VALUES(15,1,'page',1,'{"heading":"We Remove the Limits to a Healthier You","type":"stack"}','common-cardblock',NULL,NULL,'default');
INSERT INTO twill_blocks VALUES(17,1,'page',1,'{"heading":"Time No Limit","details":"At No Limits Martial Arts and Fitness, your schedule is our priority. Whether you''re dropping in for a single session or committing to a monthly membership, we\u2019ve got options to fit your life. Walk-ins are always welcome, and for those ready to take the leap, we offer discounts for monthly payments in advance. Ready when you are \u2014 let\u2019s remove the limits of time."}','dynamic-repeater-cards','cards',15,'default');
INSERT INTO twill_blocks VALUES(18,1,'page',2,'{"heading":"Location No Limit","details":"No Limits is closer than you think! Our main branch is conveniently located in Beaverdam, VA, and we\u2019re proud to have a satellite location at Reynolds Community College. Looking for something even closer? We\u2019re open to expanding into new neighborhoods, organizations, or businesses. If you\u2019d like to see No Limits in your area, let\u2019s talk \u2014 together, we can make it happen."}','dynamic-repeater-cards','cards',15,'default');
INSERT INTO twill_blocks VALUES(19,1,'page',3,'{"heading":"Ability No Limit","details":"At No Limits Martial Arts and Fitness, your starting point is just the beginning. From seasoned athletes seeking to refine their skills to beginners taking their first steps toward fitness, we\u2019re here to guide you. Our customized plans meet you where you are, building confidence, strength, and agility at your pace. Whatever your ability, we\u2019ll help you achieve your goals \u2014 no limits required."}','dynamic-repeater-cards','cards',15,'default');
INSERT INTO twill_blocks VALUES(20,3,'page',1,'{"heading":"Meet Our Team","type":"profile"}','common-cardblock',NULL,NULL,'default');
INSERT INTO twill_blocks VALUES(21,3,'page',1,'{"heading":"Brianne Jackson","details":"Master"}','dynamic-repeater-cards','cards',20,'default');
INSERT INTO twill_blocks VALUES(22,3,'page',2,'{"heading":"Juliet Ruiz","details":"Instructor"}','dynamic-repeater-cards','cards',20,'default');
INSERT INTO twill_blocks VALUES(23,3,'page',3,'{"heading":"Kelly Tyger","details":"Instructor"}','dynamic-repeater-cards','cards',20,'default');
INSERT INTO twill_blocks VALUES(25,5,'page',1,'{"heading":{"en":"Contact No Limits"},"level":"h1"}','common-heading',NULL,NULL,'default');
INSERT INTO twill_blocks VALUES(27,2,'page',1,'{"heading":"Are You Ready to Start Your Journey"}','common-landing',NULL,NULL,'default');
INSERT INTO twill_blocks VALUES(28,2,'page',1,'{"title":"Taekwondo","details":"The Korean art of self defense.","link":"\/programs\/taekwondo"}','dynamic-repeater-programs','programs',27,'default');
INSERT INTO twill_blocks VALUES(30,1,'program',1,'{"heading":{"en":"Taekwondo"},"level":"h2"}','common-heading',NULL,NULL,'default');
INSERT INTO twill_blocks VALUES(31,1,'program',2,'{"submenu":false}','common-sidemenu',NULL,NULL,'default');
INSERT INTO twill_blocks VALUES(32,1,'program',1,'{"label":"Videos","link":"\/programs\/taekwondo\/videos"}','dynamic-repeater-items','items',31,'default');
INSERT INTO twill_blocks VALUES(33,1,'program',2,'{"label":"Belts","link":"\/programs\/taekwondo\/belts"}','dynamic-repeater-items','items',31,'default');
INSERT INTO twill_blocks VALUES(35,1,'news',1,'{}','common-image',NULL,NULL,'blocks');
INSERT INTO twill_blocks VALUES(36,1,'news',2,'{}','image',NULL,NULL,'blocks');
CREATE TABLE IF NOT EXISTS "twill_medias" ("id" integer primary key autoincrement not null, "created_at" datetime, "updated_at" datetime, "deleted_at" datetime, "uuid" text not null, "alt_text" text, "width" integer not null, "height" integer not null, "caption" text, "filename" text);
INSERT INTO twill_medias VALUES(1,'2025-04-27 04:52:53','2025-05-14 00:19:59',NULL,'9b0fd4e7-c2f7-485b-a09b-e9078080a064/z2sbzpbqstj980jj-nlmaf-logo-2shues-smallcropped.jpeg','No Limits Martial Arts and Fitness Logo',2048,2039,NULL,'Z2sbZpbqstJ980jJ_NLMAF_LOGO_2shues_smallcropped.jpeg');
INSERT INTO twill_medias VALUES(2,'2025-05-06 21:45:11','2025-05-06 21:45:11',NULL,'f4c09ebc-d585-4b27-8baa-8150fdfbfad1/z2y0vjbqstj981ia-dalle2024-12-0219-49-04-aconceptualimagerepresentingtimenotbeingalimitingfactor-apersonrunningonaninfiniteclockfacethatblendsintothehorizon-theclockh.jpeg','Z2y0vJbqstJ981IA DALLE2024 12 0219.49.04 Aconceptualimagerepresentingtimenotbeingalimitingfactor apersonrunningonaninfiniteclockfacethatblendsintothehorizon.Theclockh',650,350,NULL,'Z2y0vJbqstJ981IA_DALLE2024-12-0219.49.04-Aconceptualimagerepresentingtimenotbeingalimitingfactor_apersonrunningonaninfiniteclockfacethatblendsintothehorizon.Theclockh.jpeg');
INSERT INTO twill_medias VALUES(3,'2025-05-06 21:47:37','2025-05-06 21:47:37',NULL,'5312a4f8-f4e9-4efc-803d-86489921320f/z2y0zzbqstj981ic-dalle2024-12-0219-52-09-aconceptualimagerepresentinglocationnotbeingalimitingfactor-apersonstandinginthecenterofaglowingworldmapwithvibrantconnections.jpeg','Z2y0zZbqstJ981IC DALLE2024 12 0219.52.09 Aconceptualimagerepresentinglocationnotbeingalimitingfactor apersonstandinginthecenterofaglowingworldmap,withvibrantconnections',659,350,NULL,'Z2y0zZbqstJ981IC_DALLE2024-12-0219.52.09-Aconceptualimagerepresentinglocationnotbeingalimitingfactor_apersonstandinginthecenterofaglowingworldmap,withvibrantconnections.jpeg');
INSERT INTO twill_medias VALUES(4,'2025-05-06 21:48:54','2025-05-06 21:48:54',NULL,'067a521a-a9a1-4729-b45f-45f65dbb67a1/z2y1i5bqstj981ie-dalle2024-12-1323-39-48-adynamicandmotivationalillustrationemphasizingtheideaoflimitlessfitnessopportunitiesinvariouslocations-theimageshowsdiverseindividu.jpeg','Z2y1I5bqstJ981IE DALLE2024 12 1323.39.48 Adynamicandmotivationalillustrationemphasizingtheideaoflimitlessfitnessopportunitiesinvariouslocations.Theimageshowsdiverseindividu',650,350,NULL,'Z2y1I5bqstJ981IE_DALLE2024-12-1323.39.48-Adynamicandmotivationalillustrationemphasizingtheideaoflimitlessfitnessopportunitiesinvariouslocations.Theimageshowsdiverseindividu.jpeg');
INSERT INTO twill_medias VALUES(5,'2025-05-09 21:05:54','2025-05-09 21:05:54',NULL,'d39c625e-270d-40f2-a9bc-0d91dd506a82/brianne.jpeg','Brianne ',400,300,NULL,'brianne .jpeg');
INSERT INTO twill_medias VALUES(6,'2025-05-09 21:06:21','2025-05-09 21:06:21',NULL,'88b4c36b-5a84-4932-b87f-2ebd1fd4ed3b/juliet.jpeg','Juliet',400,300,NULL,'Juliet.jpeg');
INSERT INTO twill_medias VALUES(7,'2025-05-09 21:06:42','2025-05-09 21:06:42',NULL,'3675c056-9b99-4f75-98e1-1f8eb52ae382/kelly.jpeg','Kelly',400,300,NULL,'Kelly.jpeg');
INSERT INTO twill_medias VALUES(8,'2025-05-14 02:51:01','2025-05-14 02:51:01',NULL,'dba7e945-9baf-429d-98ba-c79786020481/gemini-generated-image-buhgj7buhgj7buhg.png','Gemini Generated Image buhgj7buhgj7buhg',1024,1024,NULL,'Gemini_Generated_Image_buhgj7buhgj7buhg.png');
CREATE TABLE IF NOT EXISTS "twill_mediables" ("id" integer primary key autoincrement not null, "created_at" datetime, "updated_at" datetime, "deleted_at" datetime, "mediable_id" integer, "mediable_type" varchar, "media_id" integer not null, "crop_x" integer, "crop_y" integer, "crop_w" integer, "crop_h" integer, "role" varchar, "crop" varchar, "lqip_data" text, "ratio" varchar, "metadatas" text not null, "locale" varchar not null default 'en', "position" integer not null default '1', foreign key("media_id") references "twill_medias"("id") on delete cascade on update cascade);
INSERT INTO twill_mediables VALUES(1,'2025-04-27 04:55:40','2025-05-03 00:44:42',NULL,3,'blocks',1,0,0,2048,2048,'image','default',NULL,'default','{"caption":null,"altText":null,"video":null}','en',1);
INSERT INTO twill_mediables VALUES(6,'2025-05-06 21:49:01','2025-05-12 23:55:32',NULL,17,'blocks',2,0,0,650,350,'image','default',NULL,'default','{"caption":null,"altText":null,"video":null}','en',1);
INSERT INTO twill_mediables VALUES(7,'2025-05-06 21:49:01','2025-05-12 23:55:32',NULL,18,'blocks',3,0,0,659,350,'image','default',NULL,'default','{"caption":null,"altText":null,"video":null}','en',1);
INSERT INTO twill_mediables VALUES(8,'2025-05-06 21:49:01','2025-05-12 23:55:32',NULL,19,'blocks',4,0,0,650,350,'image','default',NULL,'default','{"caption":null,"altText":null,"video":null}','en',1);
INSERT INTO twill_mediables VALUES(15,'2025-05-09 21:20:58','2025-05-13 05:46:02',NULL,21,'blocks',5,0,0,400,300,'image','default',NULL,'default','{"caption":null,"altText":null,"video":null}','en',1);
INSERT INTO twill_mediables VALUES(16,'2025-05-09 21:20:58','2025-05-13 05:46:02',NULL,22,'blocks',6,0,0,400,300,'image','default',NULL,'default','{"caption":null,"altText":null,"video":null}','en',1);
INSERT INTO twill_mediables VALUES(17,'2025-05-09 21:20:58','2025-05-13 05:46:02',NULL,23,'blocks',7,0,0,400,300,'image','default',NULL,'default','{"caption":null,"altText":null,"video":null}','en',1);
INSERT INTO twill_mediables VALUES(20,'2025-05-14 03:18:46','2025-05-14 03:18:46',NULL,28,'blocks',8,0,0,1024,1024,'image','default',NULL,'default','{"caption":null,"altText":null,"video":null}','en',1);
INSERT INTO twill_mediables VALUES(23,'2025-05-18 03:07:56','2025-05-18 03:07:56',NULL,35,'blocks',8,0,0,1024,1024,'image','default',NULL,'default','{"caption":null,"altText":null,"video":null}','en',1);
INSERT INTO twill_mediables VALUES(24,'2025-05-18 03:07:56','2025-05-18 03:07:56',NULL,36,'blocks',1,NULL,NULL,NULL,NULL,'image','default',NULL,'default','{"caption":null,"altText":null,"video":null}','en',1);
INSERT INTO twill_mediables VALUES(26,'2025-05-18 04:30:06','2025-05-18 04:55:29',NULL,1,'news',8,0,0,1024,1024,'image','default',NULL,'default','{"caption":null,"altText":null,"video":null}','en',1);
CREATE TABLE IF NOT EXISTS "twill_files" ("id" integer primary key autoincrement not null, "created_at" datetime, "updated_at" datetime, "deleted_at" datetime, "uuid" text not null, "filename" text, "size" integer not null);
CREATE TABLE IF NOT EXISTS "twill_settings" ("id" integer primary key autoincrement not null, "created_at" datetime, "updated_at" datetime, "deleted_at" datetime, "key" varchar, "section" varchar);
CREATE TABLE IF NOT EXISTS "twill_setting_translations" ("id" integer primary key autoincrement not null, "twill_setting_id" integer not null, "deleted_at" datetime, "created_at" datetime, "updated_at" datetime, "locale" varchar not null, "active" tinyint(1) not null default '0', "value" text, foreign key("twill_setting_id") references "twill_settings"("id") on delete CASCADE);
CREATE TABLE IF NOT EXISTS "twill_tagged" ("id" integer primary key autoincrement not null, "taggable_type" varchar not null, "taggable_id" integer not null, "tag_id" integer not null);
CREATE TABLE IF NOT EXISTS "twill_tags" ("id" integer primary key autoincrement not null, "namespace" varchar not null, "slug" varchar not null, "name" varchar not null, "count" integer not null default '0');
CREATE TABLE IF NOT EXISTS "twill_features" ("id" integer primary key autoincrement not null, "featured_id" varchar not null, "featured_type" varchar not null, "bucket_key" varchar not null, "position" integer not null, "starred" tinyint(1) not null default '0', "created_at" datetime, "updated_at" datetime);
CREATE TABLE IF NOT EXISTS "twill_related" ("id" integer primary key autoincrement not null, "subject_id" integer, "subject_type" varchar not null, "related_id" integer, "related_type" varchar not null, "browser_name" varchar not null, "position" integer not null);
INSERT INTO twill_related VALUES(4,1,'menuLink',1,'page','page',1);
INSERT INTO twill_related VALUES(5,2,'menuLink',2,'page','page',1);
INSERT INTO twill_related VALUES(6,3,'menuLink',3,'page','page',1);
CREATE TABLE IF NOT EXISTS "twill_fileables" ("id" integer primary key autoincrement not null, "created_at" datetime, "updated_at" datetime, "deleted_at" datetime, "file_id" integer not null, "fileable_id" integer, "fileable_type" varchar, "role" varchar, "locale" varchar not null, "position" integer not null default '1', foreign key("file_id") references twill_files("id") on delete cascade on update cascade);
CREATE TABLE IF NOT EXISTS "activity_log" ("id" integer primary key autoincrement not null, "log_name" varchar, "description" text not null, "subject_id" integer, "subject_type" varchar, "causer_id" integer, "causer_type" varchar, "properties" text, "created_at" datetime, "updated_at" datetime, "event" varchar, "batch_uuid" varchar);
INSERT INTO activity_log VALUES(1,'default','created',1,'page',1,'users','[]','2025-04-26 04:28:16','2025-04-26 04:28:16',NULL,NULL);
INSERT INTO activity_log VALUES(2,'default','updated',1,'page',1,'users','[]','2025-04-26 04:28:37','2025-04-26 04:28:37',NULL,NULL);
INSERT INTO activity_log VALUES(3,'default','updated',1,'pageHome',1,'users','[]','2025-04-26 07:57:58','2025-04-26 07:57:58',NULL,NULL);
INSERT INTO activity_log VALUES(4,'default','updated',1,'pageHome',1,'users','[]','2025-04-27 01:29:44','2025-04-27 01:29:44',NULL,NULL);
INSERT INTO activity_log VALUES(5,'default','updated',1,'pageHome',1,'users','[]','2025-04-27 02:13:36','2025-04-27 02:13:36',NULL,NULL);
INSERT INTO activity_log VALUES(6,'default','updated',1,'pageHome',1,'users','[]','2025-04-27 02:14:38','2025-04-27 02:14:38',NULL,NULL);
INSERT INTO activity_log VALUES(7,'default','updated',1,'pageHome',1,'users','[]','2025-04-27 02:19:42','2025-04-27 02:19:42',NULL,NULL);
INSERT INTO activity_log VALUES(8,'default','updated',1,'page',1,'users','[]','2025-04-27 02:21:57','2025-04-27 02:21:57',NULL,NULL);
INSERT INTO activity_log VALUES(9,'default','updated',1,'pageHome',1,'users','[]','2025-04-27 03:09:17','2025-04-27 03:09:17',NULL,NULL);
INSERT INTO activity_log VALUES(10,'default','updated',1,'pageHome',1,'users','[]','2025-04-27 03:14:21','2025-04-27 03:14:21',NULL,NULL);
INSERT INTO activity_log VALUES(11,'default','updated',1,'pageHome',1,'users','[]','2025-04-27 03:24:38','2025-04-27 03:24:38',NULL,NULL);
INSERT INTO activity_log VALUES(12,'default','updated',1,'pageHome',1,'users','[]','2025-04-27 03:27:26','2025-04-27 03:27:26',NULL,NULL);
INSERT INTO activity_log VALUES(13,'default','updated',1,'pageHome',1,'users','[]','2025-04-27 04:55:40','2025-04-27 04:55:40',NULL,NULL);
INSERT INTO activity_log VALUES(14,'default','updated',1,'pageHome',1,'users','[]','2025-04-27 09:31:09','2025-04-27 09:31:09',NULL,NULL);
INSERT INTO activity_log VALUES(15,'default','updated',1,'pageHome',1,'users','[]','2025-04-27 09:31:38','2025-04-27 09:31:38',NULL,NULL);
INSERT INTO activity_log VALUES(16,'default','updated',1,'pageHome',1,'users','[]','2025-05-02 21:11:10','2025-05-02 21:11:10',NULL,NULL);
INSERT INTO activity_log VALUES(17,'default','updated',1,'pageHome',1,'users','[]','2025-05-02 23:42:18','2025-05-02 23:42:18',NULL,NULL);
INSERT INTO activity_log VALUES(18,'default','updated',1,'pageHome',1,'users','[]','2025-05-03 00:44:42','2025-05-03 00:44:42',NULL,NULL);
INSERT INTO activity_log VALUES(19,'default','updated',1,'registeredUser',1,'users','[]','2025-05-04 02:28:47','2025-05-04 02:28:47',NULL,NULL);
INSERT INTO activity_log VALUES(20,'default','updated',1,'registeredUser',1,'users','[]','2025-05-04 02:28:58','2025-05-04 02:28:58',NULL,NULL);
INSERT INTO activity_log VALUES(21,'default','updated',1,'registeredUser',1,'users','[]','2025-05-04 02:29:37','2025-05-04 02:29:37',NULL,NULL);
INSERT INTO activity_log VALUES(22,'default','updated',1,'page',1,'users','[]','2025-05-05 02:32:26','2025-05-05 02:32:26',NULL,NULL);
INSERT INTO activity_log VALUES(23,'default','updated',1,'page',1,'users','[]','2025-05-05 20:22:35','2025-05-05 20:22:35',NULL,NULL);
INSERT INTO activity_log VALUES(24,'default','updated',1,'page',1,'users','[]','2025-05-05 20:57:39','2025-05-05 20:57:39',NULL,NULL);
INSERT INTO activity_log VALUES(25,'default','updated',1,'page',1,'users','[]','2025-05-06 21:45:21','2025-05-06 21:45:21',NULL,NULL);
INSERT INTO activity_log VALUES(26,'default','updated',1,'page',1,'users','[]','2025-05-06 21:49:01','2025-05-06 21:49:01',NULL,NULL);
INSERT INTO activity_log VALUES(27,'default','created',1,'menuLink',1,'users','[]','2025-05-07 02:41:09','2025-05-07 02:41:09',NULL,NULL);
INSERT INTO activity_log VALUES(28,'default','updated',1,'menuLink',1,'users','[]','2025-05-07 03:32:17','2025-05-07 03:32:17',NULL,NULL);
INSERT INTO activity_log VALUES(29,'default','created',2,'page',1,'users','[]','2025-05-07 03:32:55','2025-05-07 03:32:55',NULL,NULL);
INSERT INTO activity_log VALUES(30,'default','created',3,'page',1,'users','[]','2025-05-07 03:33:21','2025-05-07 03:33:21',NULL,NULL);
INSERT INTO activity_log VALUES(31,'default','created',2,'menuLink',1,'users','[]','2025-05-07 03:33:49','2025-05-07 03:33:49',NULL,NULL);
INSERT INTO activity_log VALUES(32,'default','updated',2,'menuLink',1,'users','[]','2025-05-07 03:33:51','2025-05-07 03:33:51',NULL,NULL);
INSERT INTO activity_log VALUES(33,'default','created',3,'menuLink',1,'users','[]','2025-05-07 03:35:12','2025-05-07 03:35:12',NULL,NULL);
INSERT INTO activity_log VALUES(34,'default','updated',3,'menuLink',1,'users','[]','2025-05-07 03:35:14','2025-05-07 03:35:14',NULL,NULL);
INSERT INTO activity_log VALUES(35,'default','created',1,'menuitem',1,'users','[]','2025-05-07 20:42:59','2025-05-07 20:42:59',NULL,NULL);
INSERT INTO activity_log VALUES(36,'default','created',1,'menuLink',1,'users','[]','2025-05-07 23:26:26','2025-05-07 23:26:26',NULL,NULL);
INSERT INTO activity_log VALUES(37,'default','updated',1,'menuLink',1,'users','[]','2025-05-08 02:11:44','2025-05-08 02:11:44',NULL,NULL);
INSERT INTO activity_log VALUES(38,'default','updated',1,'menuLink',1,'users','[]','2025-05-08 02:12:27','2025-05-08 02:12:27',NULL,NULL);
INSERT INTO activity_log VALUES(39,'default','created',2,'menuLink',1,'users','[]','2025-05-08 02:12:45','2025-05-08 02:12:45',NULL,NULL);
INSERT INTO activity_log VALUES(40,'default','updated',2,'menuLink',1,'users','[]','2025-05-08 02:12:56','2025-05-08 02:12:56',NULL,NULL);
INSERT INTO activity_log VALUES(41,'default','created',3,'menuLink',1,'users','[]','2025-05-08 02:13:05','2025-05-08 02:13:05',NULL,NULL);
INSERT INTO activity_log VALUES(42,'default','updated',3,'menuLink',1,'users','[]','2025-05-08 02:13:14','2025-05-08 02:13:14',NULL,NULL);
INSERT INTO activity_log VALUES(43,'default','updated',1,'menuLink',1,'users','[]','2025-05-09 04:09:54','2025-05-09 04:09:54',NULL,NULL);
INSERT INTO activity_log VALUES(44,'default','created',4,'menuLink',1,'users','[]','2025-05-09 04:10:04','2025-05-09 04:10:04',NULL,NULL);
INSERT INTO activity_log VALUES(45,'default','created',5,'menuLink',1,'users','[]','2025-05-09 04:18:44','2025-05-09 04:18:44',NULL,NULL);
INSERT INTO activity_log VALUES(46,'default','deleted',5,'menuLink',1,'users','[]','2025-05-09 04:18:52','2025-05-09 04:18:52',NULL,NULL);
INSERT INTO activity_log VALUES(47,'default','created',6,'menuLink',1,'users','[]','2025-05-09 04:26:39','2025-05-09 04:26:39',NULL,NULL);
INSERT INTO activity_log VALUES(48,'default','updated',6,'menuLink',1,'users','[]','2025-05-09 04:33:18','2025-05-09 04:33:18',NULL,NULL);
INSERT INTO activity_log VALUES(49,'default','updated',6,'menuLink',1,'users','[]','2025-05-09 04:34:32','2025-05-09 04:34:32',NULL,NULL);
INSERT INTO activity_log VALUES(50,'default','updated',6,'menuLink',1,'users','[]','2025-05-09 04:43:59','2025-05-09 04:43:59',NULL,NULL);
INSERT INTO activity_log VALUES(51,'default','updated',6,'menuLink',1,'users','[]','2025-05-09 04:55:18','2025-05-09 04:55:18',NULL,NULL);
INSERT INTO activity_log VALUES(52,'default','deleted',6,'menuLink',1,'users','[]','2025-05-09 04:56:05','2025-05-09 04:56:05',NULL,NULL);
INSERT INTO activity_log VALUES(53,'default','created',7,'menuLink',1,'users','[]','2025-05-09 04:56:10','2025-05-09 04:56:10',NULL,NULL);
INSERT INTO activity_log VALUES(54,'default','updated',7,'menuLink',1,'users','[]','2025-05-09 04:56:29','2025-05-09 04:56:29',NULL,NULL);
INSERT INTO activity_log VALUES(55,'default','updated',7,'menuLink',1,'users','[]','2025-05-09 05:03:50','2025-05-09 05:03:50',NULL,NULL);
INSERT INTO activity_log VALUES(56,'default','created',8,'menuLink',1,'users','[]','2025-05-09 05:28:25','2025-05-09 05:28:25',NULL,NULL);
INSERT INTO activity_log VALUES(57,'default','updated',8,'menuLink',1,'users','[]','2025-05-09 05:28:32','2025-05-09 05:28:32',NULL,NULL);
INSERT INTO activity_log VALUES(58,'default','updated',7,'menuLink',1,'users','[]','2025-05-09 05:32:35','2025-05-09 05:32:35',NULL,NULL);
INSERT INTO activity_log VALUES(59,'default','updated',7,'menuLink',1,'users','[]','2025-05-09 05:33:09','2025-05-09 05:33:09',NULL,NULL);
INSERT INTO activity_log VALUES(60,'default','created',1,'menuLink',1,'users','[]','2025-05-09 05:48:35','2025-05-09 05:48:35',NULL,NULL);
INSERT INTO activity_log VALUES(61,'default','updated',1,'menuLink',1,'users','[]','2025-05-09 05:48:53','2025-05-09 05:48:53',NULL,NULL);
INSERT INTO activity_log VALUES(62,'default','updated',1,'menuLink',1,'users','[]','2025-05-09 05:55:09','2025-05-09 05:55:09',NULL,NULL);
INSERT INTO activity_log VALUES(63,'default','unpublished',1,'menuLink',1,'users','[]','2025-05-09 05:55:18','2025-05-09 05:55:18',NULL,NULL);
INSERT INTO activity_log VALUES(64,'default','published',1,'menuLink',1,'users','[]','2025-05-09 05:55:21','2025-05-09 05:55:21',NULL,NULL);
INSERT INTO activity_log VALUES(65,'default','deleted',1,'menuLink',1,'users','[]','2025-05-09 05:55:28','2025-05-09 05:55:28',NULL,NULL);
INSERT INTO activity_log VALUES(66,'default','created',2,'menuLink',1,'users','[]','2025-05-09 05:55:35','2025-05-09 05:55:35',NULL,NULL);
INSERT INTO activity_log VALUES(67,'default','updated',2,'menuLink',1,'users','[]','2025-05-09 05:56:20','2025-05-09 05:56:20',NULL,NULL);
INSERT INTO activity_log VALUES(68,'default','updated',2,'menuLink',1,'users','[]','2025-05-09 05:56:29','2025-05-09 05:56:29',NULL,NULL);
INSERT INTO activity_log VALUES(69,'default','updated',2,'menuLink',1,'users','[]','2025-05-09 05:58:33','2025-05-09 05:58:33',NULL,NULL);
INSERT INTO activity_log VALUES(70,'default','updated',2,'menuLink',1,'users','[]','2025-05-09 06:03:55','2025-05-09 06:03:55',NULL,NULL);
INSERT INTO activity_log VALUES(71,'default','updated',2,'menuLink',1,'users','[]','2025-05-09 06:04:25','2025-05-09 06:04:25',NULL,NULL);
INSERT INTO activity_log VALUES(72,'default','updated',2,'menuLink',1,'users','[]','2025-05-09 06:07:31','2025-05-09 06:07:31',NULL,NULL);
INSERT INTO activity_log VALUES(73,'default','updated',2,'menuLink',1,'users','[]','2025-05-09 06:11:25','2025-05-09 06:11:25',NULL,NULL);
INSERT INTO activity_log VALUES(74,'default','created',3,'menuLink',1,'users','[]','2025-05-09 06:12:30','2025-05-09 06:12:30',NULL,NULL);
INSERT INTO activity_log VALUES(75,'default','updated',3,'menuLink',1,'users','[]','2025-05-09 06:12:37','2025-05-09 06:12:37',NULL,NULL);
INSERT INTO activity_log VALUES(76,'default','deleted',2,'menuLink',1,'users','[]','2025-05-09 06:43:31','2025-05-09 06:43:31',NULL,NULL);
INSERT INTO activity_log VALUES(77,'default','deleted',3,'menuLink',1,'users','[]','2025-05-09 06:43:36','2025-05-09 06:43:36',NULL,NULL);
INSERT INTO activity_log VALUES(78,'default','created',4,'menuLink',1,'users','[]','2025-05-09 06:43:42','2025-05-09 06:43:42',NULL,NULL);
INSERT INTO activity_log VALUES(79,'default','updated',4,'menuLink',1,'users','[]','2025-05-09 06:43:47','2025-05-09 06:43:47',NULL,NULL);
INSERT INTO activity_log VALUES(80,'default','created',5,'menuLink',1,'users','[]','2025-05-09 06:43:58','2025-05-09 06:43:58',NULL,NULL);
INSERT INTO activity_log VALUES(81,'default','updated',5,'menuLink',1,'users','[]','2025-05-09 06:44:16','2025-05-09 06:44:16',NULL,NULL);
INSERT INTO activity_log VALUES(82,'default','updated',3,'page',1,'users','[]','2025-05-09 08:17:22','2025-05-09 08:17:22',NULL,NULL);
INSERT INTO activity_log VALUES(83,'default','updated',3,'page',1,'users','[]','2025-05-09 08:21:29','2025-05-09 08:21:29',NULL,NULL);
INSERT INTO activity_log VALUES(84,'default','updated',3,'page',1,'users','[]','2025-05-09 20:56:35','2025-05-09 20:56:35',NULL,NULL);
INSERT INTO activity_log VALUES(85,'default','updated',3,'page',1,'users','[]','2025-05-09 21:06:00','2025-05-09 21:06:00',NULL,NULL);
INSERT INTO activity_log VALUES(86,'default','updated',3,'page',1,'users','[]','2025-05-09 21:06:48','2025-05-09 21:06:48',NULL,NULL);
INSERT INTO activity_log VALUES(87,'default','updated',3,'page',1,'users','[]','2025-05-09 21:20:58','2025-05-09 21:20:58',NULL,NULL);
INSERT INTO activity_log VALUES(88,'default','published',2,'page',1,'users','[]','2025-05-09 21:22:27','2025-05-09 21:22:27',NULL,NULL);
INSERT INTO activity_log VALUES(89,'default','created',4,'page',1,'users','[]','2025-05-09 22:04:29','2025-05-09 22:04:29',NULL,NULL);
INSERT INTO activity_log VALUES(90,'default','published',4,'page',1,'users','[]','2025-05-09 22:04:57','2025-05-09 22:04:57',NULL,NULL);
INSERT INTO activity_log VALUES(91,'default','updated',1,'page',1,'users','[]','2025-05-10 01:00:23','2025-05-10 01:00:23',NULL,NULL);
INSERT INTO activity_log VALUES(92,'default','updated',1,'page',1,'users','[]','2025-05-10 05:35:43','2025-05-10 05:35:43',NULL,NULL);
INSERT INTO activity_log VALUES(93,'default','updated',1,'page',1,'users','[]','2025-05-10 05:46:21','2025-05-10 05:46:21',NULL,NULL);
INSERT INTO activity_log VALUES(94,'default','updated',1,'page',1,'users','[]','2025-05-11 00:00:35','2025-05-11 00:00:35',NULL,NULL);
INSERT INTO activity_log VALUES(95,'default','updated',1,'page',1,'users','[]','2025-05-11 01:30:29','2025-05-11 01:30:29',NULL,NULL);
INSERT INTO activity_log VALUES(96,'default','updated',3,'page',1,'users','[]','2025-05-11 05:43:11','2025-05-11 05:43:11',NULL,NULL);
INSERT INTO activity_log VALUES(97,'default','updated',3,'page',1,'users','[]','2025-05-11 19:30:15','2025-05-11 19:30:15',NULL,NULL);
INSERT INTO activity_log VALUES(98,'default','updated',5,'menuLink',1,'users','[]','2025-05-11 19:30:53','2025-05-11 19:30:53',NULL,NULL);
INSERT INTO activity_log VALUES(99,'default','updated',5,'menuLink',1,'users','[]','2025-05-11 19:31:43','2025-05-11 19:31:43',NULL,NULL);
INSERT INTO activity_log VALUES(100,'default','created',5,'page',1,'users','[]','2025-05-11 19:32:41','2025-05-11 19:32:41',NULL,NULL);
INSERT INTO activity_log VALUES(101,'default','updated',5,'page',1,'users','[]','2025-05-11 19:41:27','2025-05-11 19:41:27',NULL,NULL);
INSERT INTO activity_log VALUES(102,'default','updated',5,'page',1,'users','[]','2025-05-11 19:42:30','2025-05-11 19:42:30',NULL,NULL);
INSERT INTO activity_log VALUES(103,'default','updated',5,'page',1,'users','[]','2025-05-11 19:42:34','2025-05-11 19:42:34',NULL,NULL);
INSERT INTO activity_log VALUES(104,'default','updated',5,'menuLink',1,'users','[]','2025-05-12 01:54:01','2025-05-12 01:54:01',NULL,NULL);
INSERT INTO activity_log VALUES(105,'default','created',1,'program',1,'users','[]','2025-05-12 02:24:24','2025-05-12 02:24:24',NULL,NULL);
INSERT INTO activity_log VALUES(106,'default','created',6,'menuLink',1,'users','[]','2025-05-12 21:48:17','2025-05-12 21:48:17',NULL,NULL);
INSERT INTO activity_log VALUES(107,'default','updated',6,'menuLink',1,'users','[]','2025-05-12 21:48:41','2025-05-12 21:48:41',NULL,NULL);
INSERT INTO activity_log VALUES(108,'default','updated',6,'menuLink',1,'users','[]','2025-05-12 22:01:16','2025-05-12 22:01:16',NULL,NULL);
INSERT INTO activity_log VALUES(109,'default','updated',1,'program',1,'users','[]','2025-05-12 22:02:38','2025-05-12 22:02:38',NULL,NULL);
INSERT INTO activity_log VALUES(110,'default','updated',3,'page',1,'users','[]','2025-05-12 23:50:57','2025-05-12 23:50:57',NULL,NULL);
INSERT INTO activity_log VALUES(111,'default','updated',3,'page',1,'users','[]','2025-05-12 23:52:59','2025-05-12 23:52:59',NULL,NULL);
INSERT INTO activity_log VALUES(112,'default','updated',1,'page',1,'users','[]','2025-05-12 23:55:32','2025-05-12 23:55:32',NULL,NULL);
INSERT INTO activity_log VALUES(113,'default','updated',3,'page',1,'users','[]','2025-05-13 03:19:15','2025-05-13 03:19:15',NULL,NULL);
INSERT INTO activity_log VALUES(114,'default','updated',3,'page',1,'users','[]','2025-05-13 03:19:16','2025-05-13 03:19:16',NULL,NULL);
INSERT INTO activity_log VALUES(115,'default','updated',3,'page',1,'users','[]','2025-05-13 04:54:35','2025-05-13 04:54:35',NULL,NULL);
INSERT INTO activity_log VALUES(116,'default','updated',5,'menuLink',1,'users','[]','2025-05-13 04:55:06','2025-05-13 04:55:06',NULL,NULL);
INSERT INTO activity_log VALUES(117,'default','updated',5,'menuLink',1,'users','[]','2025-05-13 04:55:38','2025-05-13 04:55:38',NULL,NULL);
INSERT INTO activity_log VALUES(118,'default','created',6,'page',1,'users','[]','2025-05-13 04:57:29','2025-05-13 04:57:29',NULL,NULL);
INSERT INTO activity_log VALUES(119,'default','updated',6,'page',1,'users','[]','2025-05-13 04:57:44','2025-05-13 04:57:44',NULL,NULL);
INSERT INTO activity_log VALUES(120,'default','deleted',5,'page',1,'users','[]','2025-05-13 04:58:54','2025-05-13 04:58:54',NULL,NULL);
INSERT INTO activity_log VALUES(121,'default','updated',5,'menuLink',1,'users','[]','2025-05-13 04:59:11','2025-05-13 04:59:11',NULL,NULL);
INSERT INTO activity_log VALUES(122,'default','updated',3,'page',1,'users','[]','2025-05-13 05:46:02','2025-05-13 05:46:02',NULL,NULL);
INSERT INTO activity_log VALUES(123,'default','updated',2,'page',1,'users','[]','2025-05-13 23:23:30','2025-05-13 23:23:30',NULL,NULL);
INSERT INTO activity_log VALUES(124,'default','updated',2,'page',1,'users','[]','2025-05-14 01:25:48','2025-05-14 01:25:48',NULL,NULL);
INSERT INTO activity_log VALUES(125,'default','updated',2,'page',1,'users','[]','2025-05-14 01:31:57','2025-05-14 01:31:57',NULL,NULL);
INSERT INTO activity_log VALUES(126,'default','updated',2,'page',1,'users','[]','2025-05-14 01:36:57','2025-05-14 01:36:57',NULL,NULL);
INSERT INTO activity_log VALUES(127,'default','updated',2,'page',1,'users','[]','2025-05-14 01:37:05','2025-05-14 01:37:05',NULL,NULL);
INSERT INTO activity_log VALUES(128,'default','updated',2,'page',1,'users','[]','2025-05-14 01:37:08','2025-05-14 01:37:08',NULL,NULL);
INSERT INTO activity_log VALUES(129,'default','updated',2,'page',1,'users','[]','2025-05-14 02:51:13','2025-05-14 02:51:13',NULL,NULL);
INSERT INTO activity_log VALUES(130,'default','updated',2,'page',1,'users','[]','2025-05-14 02:51:19','2025-05-14 02:51:19',NULL,NULL);
INSERT INTO activity_log VALUES(131,'default','updated',2,'page',1,'users','[]','2025-05-14 03:18:46','2025-05-14 03:18:46',NULL,NULL);
INSERT INTO activity_log VALUES(132,'default','deleted',6,'page',1,'users','[]','2025-05-14 20:35:34','2025-05-14 20:35:34',NULL,NULL);
INSERT INTO activity_log VALUES(133,'default','created',1,'program',1,'users','[]','2025-05-14 20:38:01','2025-05-14 20:38:01',NULL,NULL);
INSERT INTO activity_log VALUES(134,'default','updated',1,'program',1,'users','[]','2025-05-14 22:06:46','2025-05-14 22:06:46',NULL,NULL);
INSERT INTO activity_log VALUES(135,'default','updated',1,'program',1,'users','[]','2025-05-14 22:17:54','2025-05-14 22:17:54',NULL,NULL);
INSERT INTO activity_log VALUES(136,'default','updated',1,'program',1,'users','[]','2025-05-14 23:58:17','2025-05-14 23:58:17',NULL,NULL);
INSERT INTO activity_log VALUES(137,'default','updated',6,'menuLink',1,'users','[]','2025-05-14 23:59:06','2025-05-14 23:59:06',NULL,NULL);
INSERT INTO activity_log VALUES(138,'default','updated',6,'menuLink',1,'users','[]','2025-05-15 00:01:48','2025-05-15 00:01:48',NULL,NULL);
INSERT INTO activity_log VALUES(139,'default','updated',6,'menuLink',1,'users','[]','2025-05-15 00:07:40','2025-05-15 00:07:40',NULL,NULL);
INSERT INTO activity_log VALUES(140,'default','updated',1,'program',1,'users','[]','2025-05-15 01:23:07','2025-05-15 01:23:07',NULL,NULL);
INSERT INTO activity_log VALUES(141,'default','updated',1,'program',1,'users','[]','2025-05-15 01:24:06','2025-05-15 01:24:06',NULL,NULL);
INSERT INTO activity_log VALUES(142,'default','created',2,'program',1,'users','[]','2025-05-15 01:24:34','2025-05-15 01:24:34',NULL,NULL);
INSERT INTO activity_log VALUES(143,'default','created',3,'program',1,'users','[]','2025-05-15 01:25:28','2025-05-15 01:25:28',NULL,NULL);
INSERT INTO activity_log VALUES(144,'default','created',7,'menuLink',1,'users','[]','2025-05-17 21:54:42','2025-05-17 21:54:42',NULL,NULL);
INSERT INTO activity_log VALUES(145,'default','updated',7,'menuLink',1,'users','[]','2025-05-17 21:54:54','2025-05-17 21:54:54',NULL,NULL);
INSERT INTO activity_log VALUES(146,'default','created',1,'news',1,'users','[]','2025-05-17 22:54:11','2025-05-17 22:54:11',NULL,NULL);
INSERT INTO activity_log VALUES(147,'default','updated',1,'news',1,'users','[]','2025-05-17 22:56:37','2025-05-17 22:56:37',NULL,NULL);
INSERT INTO activity_log VALUES(148,'default','updated',1,'news',1,'users','[]','2025-05-17 23:10:07','2025-05-17 23:10:07',NULL,NULL);
INSERT INTO activity_log VALUES(149,'default','updated',1,'news',1,'users','[]','2025-05-18 03:07:56','2025-05-18 03:07:56',NULL,NULL);
INSERT INTO activity_log VALUES(150,'default','created',1,'news',1,'users','[]','2025-05-18 04:08:50','2025-05-18 04:08:50',NULL,NULL);
INSERT INTO activity_log VALUES(151,'default','updated',1,'news',1,'users','[]','2025-05-18 04:14:24','2025-05-18 04:14:24',NULL,NULL);
INSERT INTO activity_log VALUES(152,'default','updated',1,'news',1,'users','[]','2025-05-18 04:30:04','2025-05-18 04:30:04',NULL,NULL);
INSERT INTO activity_log VALUES(153,'default','updated',1,'news',1,'users','[]','2025-05-18 04:30:06','2025-05-18 04:30:06',NULL,NULL);
INSERT INTO activity_log VALUES(154,'default','updated',1,'news',1,'users','[]','2025-05-18 04:55:29','2025-05-18 04:55:29',NULL,NULL);
CREATE TABLE IF NOT EXISTS "app_settings" ("id" integer primary key autoincrement not null, "deleted_at" datetime, "created_at" datetime, "updated_at" datetime, "published" tinyint(1) not null default '0', "name" varchar);
CREATE TABLE IF NOT EXISTS "twill_password_resets" ("email" varchar not null, "token" varchar not null, "created_at" datetime, foreign key("email") references "twill_users"("email") on delete cascade on update cascade);
CREATE TABLE IF NOT EXISTS "pages" ("id" integer primary key autoincrement not null, "deleted_at" datetime, "created_at" datetime, "updated_at" datetime, "published" tinyint(1) not null default '0', "_lft" integer not null default '0', "_rgt" integer not null default '0', "parent_id" integer, "position" integer);
INSERT INTO pages VALUES(1,NULL,'2025-04-26 04:28:16','2025-05-13 04:18:16',1,1,6,NULL,0);
INSERT INTO pages VALUES(2,NULL,'2025-05-07 03:32:55','2025-05-14 03:18:46',1,9,12,NULL,1);
INSERT INTO pages VALUES(3,NULL,'2025-05-07 03:33:21','2025-05-13 05:46:02',1,2,3,1,0);
INSERT INTO pages VALUES(4,'2025-05-12 22:02:27','2025-05-09 22:04:29','2025-05-12 22:02:27',1,7,8,NULL,4);
INSERT INTO pages VALUES(5,'2025-05-13 04:58:54','2025-05-11 19:32:41','2025-05-13 04:58:54',1,4,5,1,1);
INSERT INTO pages VALUES(6,'2025-05-14 20:35:34','2025-05-13 04:57:29','2025-05-14 20:35:34',1,10,11,2,0);
CREATE TABLE IF NOT EXISTS "page_translations" ("id" integer primary key autoincrement not null, "page_id" integer not null, "deleted_at" datetime, "created_at" datetime, "updated_at" datetime, "locale" varchar not null, "active" tinyint(1) not null default '0', "title" varchar, "meta_title" varchar, "meta_description" varchar, foreign key("page_id") references "pages"("id") on delete CASCADE);
INSERT INTO page_translations VALUES(1,1,NULL,'2025-04-26 04:28:16','2025-05-12 23:55:32','en',1,'About',NULL,NULL);
INSERT INTO page_translations VALUES(2,2,NULL,'2025-05-07 03:32:55','2025-05-14 03:18:46','en',1,'Programs','Programs',NULL);
INSERT INTO page_translations VALUES(3,3,NULL,'2025-05-07 03:33:21','2025-05-13 05:46:02','en',1,'Our Team',NULL,NULL);
INSERT INTO page_translations VALUES(4,4,NULL,'2025-05-09 22:04:29','2025-05-09 22:04:29','en',1,'Taekwondo',NULL,NULL);
INSERT INTO page_translations VALUES(5,5,NULL,'2025-05-11 19:32:41','2025-05-11 19:42:34','en',1,'Contact Us','Contact Us',NULL);
INSERT INTO page_translations VALUES(6,6,NULL,'2025-05-13 04:57:29','2025-05-13 04:57:44','en',1,'Taekwondo',NULL,NULL);
CREATE TABLE IF NOT EXISTS "page_slugs" ("id" integer primary key autoincrement not null, "page_id" integer not null, "deleted_at" datetime, "created_at" datetime, "updated_at" datetime, "slug" varchar not null, "locale" varchar not null, "active" tinyint(1) not null, foreign key("page_id") references "pages"("id") on delete CASCADE on update NO ACTION);
INSERT INTO page_slugs VALUES(1,1,NULL,'2025-04-26 04:28:16','2025-05-13 04:18:16','about','en',1);
INSERT INTO page_slugs VALUES(2,2,NULL,'2025-05-07 03:32:55','2025-05-14 03:18:46','programs','en',1);
INSERT INTO page_slugs VALUES(3,3,NULL,'2025-05-07 03:33:21','2025-05-13 05:46:02','aboutteam','en',0);
INSERT INTO page_slugs VALUES(4,3,NULL,'2025-05-09 08:17:22','2025-05-13 05:46:02','aboutour-team','en',0);
INSERT INTO page_slugs VALUES(5,4,'2025-05-12 22:02:27','2025-05-09 22:04:29','2025-05-12 22:02:27','taekwondo','en',1);
INSERT INTO page_slugs VALUES(6,3,NULL,'2025-05-11 19:30:15','2025-05-13 05:46:02','our-team','en',1);
INSERT INTO page_slugs VALUES(7,5,'2025-05-13 04:58:54','2025-05-11 19:32:41','2025-05-13 04:58:54','contact-us','en',1);
INSERT INTO page_slugs VALUES(8,6,'2025-05-14 20:35:34','2025-05-13 04:57:29','2025-05-14 20:35:34','taekwondo','en',1);
CREATE TABLE IF NOT EXISTS "page_revisions" ("id" integer primary key autoincrement not null, "page_id" integer not null, "user_id" integer, "created_at" datetime, "updated_at" datetime, "payload" text not null, foreign key("page_id") references "pages"("id") on delete cascade, foreign key("user_id") references "twill_users"("id") on delete set null);
INSERT INTO page_revisions VALUES(1,1,1,'2025-04-26 04:28:16','2025-04-26 04:28:16','{"slug":{"en":"about"},"title":{"en":"about"},"languages":[{"shortlabel":"EN","label":"English","value":"en","disabled":false,"published":true}]}');
INSERT INTO page_revisions VALUES(2,1,1,'2025-04-26 04:28:37','2025-04-26 04:28:37','{"meta_title":{"en":null},"meta_description":{"en":null},"slug":{"en":"about"},"title":{"en":"About"},"cmsSaveType":"publish","published":true,"public":false,"publish_start_date":null,"publish_end_date":null,"languages":[{"shortlabel":"EN","label":"English","value":"en","disabled":false,"published":true}],"parent_id":0,"medias":[],"browsers":[],"blocks":[],"repeaters":[]}');
INSERT INTO page_revisions VALUES(3,1,1,'2025-04-27 02:21:57','2025-04-27 02:21:57','{"title":{"en":"About"},"slug":{"en":"about"},"meta_title":{"en":null},"meta_description":{"en":null},"cmsSaveType":"update","published":true,"public":false,"publish_start_date":null,"publish_end_date":null,"languages":[{"shortlabel":"EN","label":"English","value":"en","disabled":false,"published":true}],"parent_id":0,"medias":[],"browsers":[],"blocks":[{"id":1745720506958,"type":"a17-block-common-heading","is_repeater":false,"editor_name":"default","content":{"heading":{"en":"We Are No Limits"},"level":"h2"},"medias":[],"browsers":[],"blocks":[]}],"repeaters":[]}');
INSERT INTO page_revisions VALUES(4,1,1,'2025-05-05 02:32:26','2025-05-05 02:32:26','{"title":{"en":"About"},"slug":{"en":"about"},"meta_title":{"en":null},"meta_description":{"en":null},"cmsSaveType":"update","published":true,"public":false,"publish_start_date":null,"publish_end_date":null,"languages":[{"shortlabel":"EN","label":"English","value":"en","disabled":false,"published":true}],"parent_id":0,"medias":[],"browsers":[],"blocks":[{"id":2,"type":"a17-block-common-heading","is_repeater":false,"editor_name":"default","content":{"heading":{"en":"We Are No Limits"},"level":"h2"},"medias":[],"browsers":[],"blocks":[]},{"id":1746412291506,"type":"a17-block-common-cardblock","is_repeater":false,"editor_name":"default","content":{"card_type":"default","heading":"We Remove the Limits to a Healthier You"},"medias":[],"browsers":[],"blocks":{"cards":[{"id":1746412319456,"type":"dynamic-repeater-cards","is_repeater":true,"content":{"heading":"Brianne Jackson","details":"<p>Master<\/p>"},"medias":{"image":[{"id":1,"name":"Z2sbZpbqstJ980jJ_NLMAF_LOGO_2shues_smallcropped.jpeg","thumbnail":"http:\/\/localhost:8000\/img\/9b0fd4e7-c2f7-485b-a09b-e9078080a064\/z2sbzpbqstj980jj-nlmaf-logo-2shues-smallcropped.jpeg?fm=jpg&q=60&fit=max&dpr=1&h=256","original":"http:\/\/localhost:8000\/img\/9b0fd4e7-c2f7-485b-a09b-e9078080a064\/z2sbzpbqstj980jj-nlmaf-logo-2shues-smallcropped.jpeg","medium":"http:\/\/localhost:8000\/img\/9b0fd4e7-c2f7-485b-a09b-e9078080a064\/z2sbzpbqstj980jj-nlmaf-logo-2shues-smallcropped.jpeg?fm=jpg&q=80&fit=max&h=430","width":2048,"height":2039,"tags":[],"deleteUrl":null,"updateUrl":"http:\/\/localhost:8000\/admin\/media-library\/medias\/single-update","updateBulkUrl":"http:\/\/localhost:8000\/admin\/media-library\/medias\/bulk-update","deleteBulkUrl":"http:\/\/localhost:8000\/admin\/media-library\/medias\/bulk-delete","metadatas":{"default":{"caption":null,"altText":"Z2sbZpbqstJ980jJ NLMAF LOGO 2shues smallcropped","video":null},"custom":{"caption":null,"altText":null,"video":null}},"disabled":false,"crops":{"default":{"name":"default","x":0,"y":0,"width":2048,"height":2048}}}]},"browsers":[],"blocks":[]}]}}],"repeaters":[]}');
INSERT INTO page_revisions VALUES(5,1,1,'2025-05-05 20:22:35','2025-05-05 20:22:35','{"title":{"en":"About"},"slug":{"en":"about"},"meta_title":{"en":null},"meta_description":{"en":null},"cmsSaveType":"update","published":true,"public":false,"publish_start_date":null,"publish_end_date":null,"languages":[{"shortlabel":"EN","label":"English","value":"en","disabled":false,"published":true}],"parent_id":0,"medias":[],"browsers":[],"blocks":[{"id":1746476516716,"type":"a17-block-common-cardblock","is_repeater":false,"editor_name":"default","content":{"heading":"We Remove the Limits to a Healthier You","type":"standard"},"medias":[],"browsers":[],"blocks":{"cards":[{"id":1746476535396,"type":"dynamic-repeater-cards","is_repeater":true,"content":{"heading":"Briane Jackson","details":"Master"},"medias":{"image":[{"id":1,"name":"Z2sbZpbqstJ980jJ_NLMAF_LOGO_2shues_smallcropped.jpeg","thumbnail":"http:\/\/localhost:8000\/img\/9b0fd4e7-c2f7-485b-a09b-e9078080a064\/z2sbzpbqstj980jj-nlmaf-logo-2shues-smallcropped.jpeg?fm=jpg&q=60&fit=max&dpr=1&h=256","original":"http:\/\/localhost:8000\/img\/9b0fd4e7-c2f7-485b-a09b-e9078080a064\/z2sbzpbqstj980jj-nlmaf-logo-2shues-smallcropped.jpeg","medium":"http:\/\/localhost:8000\/img\/9b0fd4e7-c2f7-485b-a09b-e9078080a064\/z2sbzpbqstj980jj-nlmaf-logo-2shues-smallcropped.jpeg?fm=jpg&q=80&fit=max&h=430","width":2048,"height":2039,"tags":[],"deleteUrl":null,"updateUrl":"http:\/\/localhost:8000\/admin\/media-library\/medias\/single-update","updateBulkUrl":"http:\/\/localhost:8000\/admin\/media-library\/medias\/bulk-update","deleteBulkUrl":"http:\/\/localhost:8000\/admin\/media-library\/medias\/bulk-delete","metadatas":{"default":{"caption":null,"altText":"Z2sbZpbqstJ980jJ NLMAF LOGO 2shues smallcropped","video":null},"custom":{"caption":null,"altText":null,"video":null}},"disabled":false,"crops":{"default":{"name":"default","x":0,"y":0,"width":2048,"height":2048}}}]},"browsers":[],"blocks":[]}]}}],"repeaters":[]}');
INSERT INTO page_revisions VALUES(6,1,1,'2025-05-06 21:45:21','2025-05-06 21:45:21','{"title":{"en":"About"},"slug":{"en":"about"},"meta_title":{"en":null},"meta_description":{"en":null},"cmsSaveType":"update","published":true,"public":false,"publish_start_date":null,"publish_end_date":null,"languages":[{"shortlabel":"EN","label":"English","value":"en","disabled":false,"published":true}],"parent_id":0,"medias":[],"browsers":[],"blocks":[{"id":15,"type":"a17-block-common-cardblock","is_repeater":false,"editor_name":"default","content":{"heading":"We Remove the Limits to a Healthier You","type":"stack"},"medias":[],"browsers":[],"blocks":{"cards":[{"id":1746567771374,"type":"dynamic-repeater-cards","is_repeater":true,"content":{"heading":"Time No Limit","details":"At No Limits Martial Arts and Fitness, your schedule is our priority. Whether you''re dropping in for a single session or committing to a monthly membership, we\u2019ve got options to fit your life. Walk-ins are always welcome, and for those ready to take the leap, we offer discounts for monthly payments in advance. Ready when you are \u2014 let\u2019s remove the limits of time."},"medias":{"image":[{"id":2,"name":"Z2y0vJbqstJ981IA_DALL\u00b7E2024-12-0219.49.04-Aconceptualimagerepresentingtimenotbeingalimitingfactor_apersonrunningonaninfiniteclockfacethatblendsintothehorizon.Theclockh.jpeg","thumbnail":"http:\/\/localhost:8000\/img\/f4c09ebc-d585-4b27-8baa-8150fdfbfad1\/z2y0vjbqstj981ia-dalle2024-12-0219-49-04-aconceptualimagerepresentingtimenotbeingalimitingfactor-apersonrunningonaninfiniteclockfacethatblendsintothehorizon-theclockh.jpeg?fm=jpg&q=60&fit=max&dpr=1&h=256","original":"http:\/\/localhost:8000\/img\/f4c09ebc-d585-4b27-8baa-8150fdfbfad1\/z2y0vjbqstj981ia-dalle2024-12-0219-49-04-aconceptualimagerepresentingtimenotbeingalimitingfactor-apersonrunningonaninfiniteclockfacethatblendsintothehorizon-theclockh.jpeg","medium":"http:\/\/localhost:8000\/img\/f4c09ebc-d585-4b27-8baa-8150fdfbfad1\/z2y0vjbqstj981ia-dalle2024-12-0219-49-04-aconceptualimagerepresentingtimenotbeingalimitingfactor-apersonrunningonaninfiniteclockfacethatblendsintothehorizon-theclockh.jpeg?fm=jpg&q=80&fit=max&h=430","width":"650","height":"350","tags":[],"deleteUrl":"http:\/\/localhost:8000\/admin\/media-library\/medias\/2","updateUrl":"http:\/\/localhost:8000\/admin\/media-library\/medias\/single-update","updateBulkUrl":"http:\/\/localhost:8000\/admin\/media-library\/medias\/bulk-update","deleteBulkUrl":"http:\/\/localhost:8000\/admin\/media-library\/medias\/bulk-delete","metadatas":{"default":{"caption":null,"altText":"Z2y0vJbqstJ981IA DALL\u00b7E2024 12 0219.49.04 Aconceptualimagerepresentingtimenotbeingalimitingfactor apersonrunningonaninfiniteclockfacethatblendsintothehorizon.Theclockh","video":null},"custom":{"caption":null,"altText":null,"video":null}},"disabled":false,"crops":{"default":{"name":"default","x":0,"y":0,"width":650,"height":350}}}]},"browsers":[],"blocks":[]}]}}],"repeaters":[]}');
INSERT INTO page_revisions VALUES(7,1,1,'2025-05-06 21:49:01','2025-05-06 21:49:01','{"title":{"en":"About"},"slug":{"en":"about"},"meta_title":{"en":null},"meta_description":{"en":null},"cmsSaveType":"update","published":true,"public":false,"publish_start_date":null,"publish_end_date":null,"languages":[{"shortlabel":"EN","label":"English","value":"en","disabled":false,"published":true}],"parent_id":0,"medias":[],"browsers":[],"blocks":[{"id":15,"type":"a17-block-common-cardblock","is_repeater":false,"editor_name":"default","content":{"heading":"We Remove the Limits to a Healthier You","type":"stack"},"medias":[],"browsers":[],"blocks":{"cards":[{"id":1746567771374,"type":"dynamic-repeater-cards","is_repeater":true,"content":{"heading":"Time No Limit","details":"At No Limits Martial Arts and Fitness, your schedule is our priority. Whether you''re dropping in for a single session or committing to a monthly membership, we\u2019ve got options to fit your life. Walk-ins are always welcome, and for those ready to take the leap, we offer discounts for monthly payments in advance. Ready when you are \u2014 let\u2019s remove the limits of time."},"medias":{"image":[{"id":2,"name":"Z2y0vJbqstJ981IA_DALL\u00b7E2024-12-0219.49.04-Aconceptualimagerepresentingtimenotbeingalimitingfactor_apersonrunningonaninfiniteclockfacethatblendsintothehorizon.Theclockh.jpeg","thumbnail":"http:\/\/localhost:8000\/img\/f4c09ebc-d585-4b27-8baa-8150fdfbfad1\/z2y0vjbqstj981ia-dalle2024-12-0219-49-04-aconceptualimagerepresentingtimenotbeingalimitingfactor-apersonrunningonaninfiniteclockfacethatblendsintothehorizon-theclockh.jpeg?fm=jpg&q=60&fit=max&dpr=1&h=256","original":"http:\/\/localhost:8000\/img\/f4c09ebc-d585-4b27-8baa-8150fdfbfad1\/z2y0vjbqstj981ia-dalle2024-12-0219-49-04-aconceptualimagerepresentingtimenotbeingalimitingfactor-apersonrunningonaninfiniteclockfacethatblendsintothehorizon-theclockh.jpeg","medium":"http:\/\/localhost:8000\/img\/f4c09ebc-d585-4b27-8baa-8150fdfbfad1\/z2y0vjbqstj981ia-dalle2024-12-0219-49-04-aconceptualimagerepresentingtimenotbeingalimitingfactor-apersonrunningonaninfiniteclockfacethatblendsintothehorizon-theclockh.jpeg?fm=jpg&q=80&fit=max&h=430","width":"650","height":"350","tags":[],"deleteUrl":"http:\/\/localhost:8000\/admin\/media-library\/medias\/2","updateUrl":"http:\/\/localhost:8000\/admin\/media-library\/medias\/single-update","updateBulkUrl":"http:\/\/localhost:8000\/admin\/media-library\/medias\/bulk-update","deleteBulkUrl":"http:\/\/localhost:8000\/admin\/media-library\/medias\/bulk-delete","metadatas":{"default":{"caption":null,"altText":"Z2y0vJbqstJ981IA DALL\u00b7E2024 12 0219.49.04 Aconceptualimagerepresentingtimenotbeingalimitingfactor apersonrunningonaninfiniteclockfacethatblendsintothehorizon.Theclockh","video":null},"custom":{"caption":null,"altText":null,"video":null}},"disabled":false,"crops":{"default":{"name":"default","x":0,"y":0,"width":650,"height":350}}}]},"browsers":[],"blocks":[]},{"id":1746567926831,"type":"dynamic-repeater-cards","is_repeater":true,"content":{"heading":"Location No Limit","details":"No Limits is closer than you think! Our main branch is conveniently located in Beaverdam, VA, and we\u2019re proud to have a satellite location at Reynolds Community College. Looking for something even closer? We\u2019re open to expanding into new neighborhoods, organizations, or businesses. If you\u2019d like to see No Limits in your area, let\u2019s talk \u2014 together, we can make it happen."},"medias":{"image":[{"id":3,"name":"Z2y0zZbqstJ981IC_DALL\u00b7E2024-12-0219.52.09-Aconceptualimagerepresentinglocationnotbeingalimitingfactor_apersonstandinginthecenterofaglowingworldmap,withvibrantconnections.jpeg","thumbnail":"http:\/\/localhost:8000\/img\/5312a4f8-f4e9-4efc-803d-86489921320f\/z2y0zzbqstj981ic-dalle2024-12-0219-52-09-aconceptualimagerepresentinglocationnotbeingalimitingfactor-apersonstandinginthecenterofaglowingworldmapwithvibrantconnections.jpeg?fm=jpg&q=60&fit=max&dpr=1&h=256","original":"http:\/\/localhost:8000\/img\/5312a4f8-f4e9-4efc-803d-86489921320f\/z2y0zzbqstj981ic-dalle2024-12-0219-52-09-aconceptualimagerepresentinglocationnotbeingalimitingfactor-apersonstandinginthecenterofaglowingworldmapwithvibrantconnections.jpeg","medium":"http:\/\/localhost:8000\/img\/5312a4f8-f4e9-4efc-803d-86489921320f\/z2y0zzbqstj981ic-dalle2024-12-0219-52-09-aconceptualimagerepresentinglocationnotbeingalimitingfactor-apersonstandinginthecenterofaglowingworldmapwithvibrantconnections.jpeg?fm=jpg&q=80&fit=max&h=430","width":"659","height":"350","tags":[],"deleteUrl":"http:\/\/localhost:8000\/admin\/media-library\/medias\/3","updateUrl":"http:\/\/localhost:8000\/admin\/media-library\/medias\/single-update","updateBulkUrl":"http:\/\/localhost:8000\/admin\/media-library\/medias\/bulk-update","deleteBulkUrl":"http:\/\/localhost:8000\/admin\/media-library\/medias\/bulk-delete","metadatas":{"default":{"caption":null,"altText":"Z2y0zZbqstJ981IC DALL\u00b7E2024 12 0219.52.09 Aconceptualimagerepresentinglocationnotbeingalimitingfactor apersonstandinginthecenterofaglowingworldmap,withvibrantconnections","video":null},"custom":{"caption":null,"altText":null,"video":null}},"disabled":false,"crops":{"default":{"name":"default","x":0,"y":0,"width":659,"height":350}}}]},"browsers":[],"blocks":[]},{"id":1746568064647,"type":"dynamic-repeater-cards","is_repeater":true,"content":{"heading":"Ability No Limit","details":"At No Limits Martial Arts and Fitness, your starting point is just the beginning. From seasoned athletes seeking to refine their skills to beginners taking their first steps toward fitness, we\u2019re here to guide you. Our customized plans meet you where you are, building confidence, strength, and agility at your pace. Whatever your ability, we\u2019ll help you achieve your goals \u2014 no limits required."},"medias":{"image":[{"id":4,"name":"Z2y1I5bqstJ981IE_DALL\u00b7E2024-12-1323.39.48-Adynamicandmotivationalillustrationemphasizingtheideaoflimitlessfitnessopportunitiesinvariouslocations.Theimageshowsdiverseindividu.jpeg","thumbnail":"http:\/\/localhost:8000\/img\/067a521a-a9a1-4729-b45f-45f65dbb67a1\/z2y1i5bqstj981ie-dalle2024-12-1323-39-48-adynamicandmotivationalillustrationemphasizingtheideaoflimitlessfitnessopportunitiesinvariouslocations-theimageshowsdiverseindividu.jpeg?fm=jpg&q=60&fit=max&dpr=1&h=256","original":"http:\/\/localhost:8000\/img\/067a521a-a9a1-4729-b45f-45f65dbb67a1\/z2y1i5bqstj981ie-dalle2024-12-1323-39-48-adynamicandmotivationalillustrationemphasizingtheideaoflimitlessfitnessopportunitiesinvariouslocations-theimageshowsdiverseindividu.jpeg","medium":"http:\/\/localhost:8000\/img\/067a521a-a9a1-4729-b45f-45f65dbb67a1\/z2y1i5bqstj981ie-dalle2024-12-1323-39-48-adynamicandmotivationalillustrationemphasizingtheideaoflimitlessfitnessopportunitiesinvariouslocations-theimageshowsdiverseindividu.jpeg?fm=jpg&q=80&fit=max&h=430","width":"650","height":"350","tags":[],"deleteUrl":"http:\/\/localhost:8000\/admin\/media-library\/medias\/4","updateUrl":"http:\/\/localhost:8000\/admin\/media-library\/medias\/single-update","updateBulkUrl":"http:\/\/localhost:8000\/admin\/media-library\/medias\/bulk-update","deleteBulkUrl":"http:\/\/localhost:8000\/admin\/media-library\/medias\/bulk-delete","metadatas":{"default":{"caption":null,"altText":"Z2y1I5bqstJ981IE DALL\u00b7E2024 12 1323.39.48 Adynamicandmotivationalillustrationemphasizingtheideaoflimitlessfitnessopportunitiesinvariouslocations.Theimageshowsdiverseindividu","video":null},"custom":{"caption":null,"altText":null,"video":null}},"disabled":false,"crops":{"default":{"name":"default","x":0,"y":0,"width":650,"height":350}}}]},"browsers":[],"blocks":[]}]}}],"repeaters":[]}');
INSERT INTO page_revisions VALUES(8,2,1,'2025-05-07 03:32:55','2025-05-07 03:32:55','{"slug":{"en":"programs"},"title":{"en":"Programs"},"languages":[{"shortlabel":"EN","label":"English","value":"en","disabled":false,"published":true}]}');
INSERT INTO page_revisions VALUES(9,3,1,'2025-05-07 03:33:21','2025-05-07 03:33:21','{"title":{"en":"Our Team"},"slug":{"en":"about\/team"},"languages":[{"shortlabel":"EN","label":"English","value":"en","disabled":false,"published":true}]}');
INSERT INTO page_revisions VALUES(10,3,1,'2025-05-09 08:17:22','2025-05-09 08:17:22','{"meta_title":{"en":null},"meta_description":{"en":null},"title":{"en":"Our Team"},"slug":{"en":"about\/our-team"},"cmsSaveType":"publish","published":true,"public":false,"publish_start_date":null,"publish_end_date":null,"languages":[{"shortlabel":"EN","label":"English","value":"en","disabled":false,"published":true}],"parent_id":0,"medias":[],"browsers":[],"blocks":[{"id":1746777238611,"type":"a17-block-common-cardblock","is_repeater":false,"editor_name":"default","content":{"type":null,"heading":"Meet Our Team"},"medias":[],"browsers":[],"blocks":{"cards":[{"id":1746777247342,"type":"dynamic-repeater-cards","is_repeater":true,"content":{"heading":"Brianne Jackson","details":"Master"},"medias":[],"browsers":[],"blocks":[]}]}}],"repeaters":[]}');
INSERT INTO page_revisions VALUES(11,3,1,'2025-05-09 08:21:29','2025-05-09 08:21:29','{"title":{"en":"Our Team"},"slug":{"en":"aboutour-team"},"meta_title":{"en":null},"meta_description":{"en":null},"cmsSaveType":"update","published":true,"public":false,"publish_start_date":null,"publish_end_date":null,"languages":[{"shortlabel":"EN","label":"English","value":"en","disabled":false,"published":true}],"parent_id":0,"medias":[],"browsers":[],"blocks":[{"id":20,"type":"a17-block-common-cardblock","is_repeater":false,"editor_name":"default","content":{"heading":"Meet Our Team","type":"hover"},"medias":[],"browsers":[],"blocks":{"cards":[{"id":21,"type":"dynamic-repeater-cards","is_repeater":true,"editor_name":"default","content":{"heading":"Brianne Jackson","details":"Master"},"medias":{"image":[{"id":1,"name":"Z2sbZpbqstJ980jJ_NLMAF_LOGO_2shues_smallcropped.jpeg","thumbnail":"http:\/\/localhost:8000\/img\/9b0fd4e7-c2f7-485b-a09b-e9078080a064\/z2sbzpbqstj980jj-nlmaf-logo-2shues-smallcropped.jpeg?fm=jpg&q=60&fit=max&dpr=1&h=256","original":"http:\/\/localhost:8000\/img\/9b0fd4e7-c2f7-485b-a09b-e9078080a064\/z2sbzpbqstj980jj-nlmaf-logo-2shues-smallcropped.jpeg","medium":"http:\/\/localhost:8000\/img\/9b0fd4e7-c2f7-485b-a09b-e9078080a064\/z2sbzpbqstj980jj-nlmaf-logo-2shues-smallcropped.jpeg?fm=jpg&q=80&fit=max&h=430","width":2048,"height":2039,"tags":[],"deleteUrl":null,"updateUrl":"http:\/\/localhost:8000\/admin\/media-library\/medias\/single-update","updateBulkUrl":"http:\/\/localhost:8000\/admin\/media-library\/medias\/bulk-update","deleteBulkUrl":"http:\/\/localhost:8000\/admin\/media-library\/medias\/bulk-delete","metadatas":{"default":{"caption":null,"altText":"Z2sbZpbqstJ980jJ NLMAF LOGO 2shues smallcropped","video":null},"custom":{"caption":null,"altText":null,"video":null}},"disabled":false,"crops":{"default":{"name":"default","x":0,"y":0,"width":2048,"height":2048}}}]},"browsers":[],"blocks":[]}]}}],"repeaters":[]}');
INSERT INTO page_revisions VALUES(12,3,1,'2025-05-09 21:06:00','2025-05-09 21:06:00','{"title":{"en":"Our Team"},"slug":{"en":"aboutour-team"},"meta_title":{"en":null},"meta_description":{"en":null},"cmsSaveType":"update","published":true,"public":false,"publish_start_date":null,"publish_end_date":null,"languages":[{"shortlabel":"EN","label":"English","value":"en","disabled":false,"published":true}],"parent_id":0,"medias":[],"browsers":[],"blocks":[{"id":20,"type":"a17-block-common-cardblock","is_repeater":false,"editor_name":"default","content":{"heading":"Meet Our Team","type":"hover"},"medias":[],"browsers":[],"blocks":{"cards":[{"id":21,"type":"dynamic-repeater-cards","is_repeater":true,"editor_name":"default","content":{"heading":"Brianne Jackson","details":"Master"},"medias":{"image":[{"id":5,"name":"brianne .jpeg","thumbnail":"http:\/\/localhost:8000\/img\/d39c625e-270d-40f2-a9bc-0d91dd506a82\/brianne.jpeg?fm=jpg&q=60&fit=max&dpr=1&h=256","original":"http:\/\/localhost:8000\/img\/d39c625e-270d-40f2-a9bc-0d91dd506a82\/brianne.jpeg","medium":"http:\/\/localhost:8000\/img\/d39c625e-270d-40f2-a9bc-0d91dd506a82\/brianne.jpeg?fm=jpg&q=80&fit=max&h=430","width":"400","height":"300","tags":[],"deleteUrl":"http:\/\/localhost:8000\/admin\/media-library\/medias\/5","updateUrl":"http:\/\/localhost:8000\/admin\/media-library\/medias\/single-update","updateBulkUrl":"http:\/\/localhost:8000\/admin\/media-library\/medias\/bulk-update","deleteBulkUrl":"http:\/\/localhost:8000\/admin\/media-library\/medias\/bulk-delete","metadatas":{"default":{"caption":null,"altText":"Brianne","video":null},"custom":{"caption":null,"altText":null,"video":null}},"disabled":false,"crops":{"default":{"name":"default","x":0,"y":0,"width":400,"height":300}}}]},"browsers":[],"blocks":[]}]}}],"repeaters":[]}');
INSERT INTO page_revisions VALUES(13,3,1,'2025-05-09 21:06:48','2025-05-09 21:06:48','{"title":{"en":"Our Team"},"slug":{"en":"aboutour-team"},"meta_title":{"en":null},"meta_description":{"en":null},"cmsSaveType":"update","published":true,"public":false,"publish_start_date":null,"publish_end_date":null,"languages":[{"shortlabel":"EN","label":"English","value":"en","disabled":false,"published":true}],"parent_id":0,"medias":[],"browsers":[],"blocks":[{"id":20,"type":"a17-block-common-cardblock","is_repeater":false,"editor_name":"default","content":{"heading":"Meet Our Team","type":"hover"},"medias":[],"browsers":[],"blocks":{"cards":[{"id":21,"type":"dynamic-repeater-cards","is_repeater":true,"editor_name":"default","content":{"heading":"Brianne Jackson","details":"Master"},"medias":{"image":[{"id":5,"name":"brianne .jpeg","thumbnail":"http:\/\/localhost:8000\/img\/d39c625e-270d-40f2-a9bc-0d91dd506a82\/brianne.jpeg?fm=jpg&q=60&fit=max&dpr=1&h=256","original":"http:\/\/localhost:8000\/img\/d39c625e-270d-40f2-a9bc-0d91dd506a82\/brianne.jpeg","medium":"http:\/\/localhost:8000\/img\/d39c625e-270d-40f2-a9bc-0d91dd506a82\/brianne.jpeg?fm=jpg&q=80&fit=max&h=430","width":"400","height":"300","tags":[],"deleteUrl":"http:\/\/localhost:8000\/admin\/media-library\/medias\/5","updateUrl":"http:\/\/localhost:8000\/admin\/media-library\/medias\/single-update","updateBulkUrl":"http:\/\/localhost:8000\/admin\/media-library\/medias\/bulk-update","deleteBulkUrl":"http:\/\/localhost:8000\/admin\/media-library\/medias\/bulk-delete","metadatas":{"default":{"caption":null,"altText":"Brianne","video":null},"custom":{"caption":null,"altText":null,"video":null}},"disabled":false,"crops":{"default":{"name":"default","x":0,"y":0,"width":400,"height":300}}}]},"browsers":[],"blocks":[]},{"id":1746824766343,"type":"dynamic-repeater-cards","is_repeater":true,"content":{"heading":"Juliet Ruiz","details":"Instructor"},"medias":{"image":[{"id":6,"name":"Juliet.jpeg","thumbnail":"http:\/\/localhost:8000\/img\/88b4c36b-5a84-4932-b87f-2ebd1fd4ed3b\/juliet.jpeg?fm=jpg&q=60&fit=max&dpr=1&h=256","original":"http:\/\/localhost:8000\/img\/88b4c36b-5a84-4932-b87f-2ebd1fd4ed3b\/juliet.jpeg","medium":"http:\/\/localhost:8000\/img\/88b4c36b-5a84-4932-b87f-2ebd1fd4ed3b\/juliet.jpeg?fm=jpg&q=80&fit=max&h=430","width":"400","height":"300","tags":[],"deleteUrl":"http:\/\/localhost:8000\/admin\/media-library\/medias\/6","updateUrl":"http:\/\/localhost:8000\/admin\/media-library\/medias\/single-update","updateBulkUrl":"http:\/\/localhost:8000\/admin\/media-library\/medias\/bulk-update","deleteBulkUrl":"http:\/\/localhost:8000\/admin\/media-library\/medias\/bulk-delete","metadatas":{"default":{"caption":null,"altText":"Juliet","video":null},"custom":{"caption":null,"altText":null,"video":null}},"disabled":false,"crops":{"default":{"name":"default","x":0,"y":0,"width":400,"height":300}}}]},"browsers":[],"blocks":[]},{"id":1746824786421,"type":"dynamic-repeater-cards","is_repeater":true,"content":{"heading":"Kelly Tyger","details":"Instructor"},"medias":{"image":[{"id":7,"name":"Kelly.jpeg","thumbnail":"http:\/\/localhost:8000\/img\/3675c056-9b99-4f75-98e1-1f8eb52ae382\/kelly.jpeg?fm=jpg&q=60&fit=max&dpr=1&h=256","original":"http:\/\/localhost:8000\/img\/3675c056-9b99-4f75-98e1-1f8eb52ae382\/kelly.jpeg","medium":"http:\/\/localhost:8000\/img\/3675c056-9b99-4f75-98e1-1f8eb52ae382\/kelly.jpeg?fm=jpg&q=80&fit=max&h=430","width":"400","height":"300","tags":[],"deleteUrl":"http:\/\/localhost:8000\/admin\/media-library\/medias\/7","updateUrl":"http:\/\/localhost:8000\/admin\/media-library\/medias\/single-update","updateBulkUrl":"http:\/\/localhost:8000\/admin\/media-library\/medias\/bulk-update","deleteBulkUrl":"http:\/\/localhost:8000\/admin\/media-library\/medias\/bulk-delete","metadatas":{"default":{"caption":null,"altText":"Kelly","video":null},"custom":{"caption":null,"altText":null,"video":null}},"disabled":false,"crops":{"default":{"name":"default","x":0,"y":0,"width":400,"height":300}}}]},"browsers":[],"blocks":[]}]}}],"repeaters":[]}');
INSERT INTO page_revisions VALUES(14,3,1,'2025-05-09 21:20:58','2025-05-09 21:20:58','{"meta_title":{"en":null},"meta_description":{"en":null},"title":{"en":"Our Team"},"slug":{"en":"about\/our-team"},"cmsSaveType":"update","published":true,"public":false,"publish_start_date":null,"publish_end_date":null,"languages":[{"shortlabel":"EN","label":"English","value":"en","disabled":false,"published":true}],"parent_id":0,"medias":[],"browsers":[],"blocks":[{"id":20,"type":"a17-block-common-cardblock","is_repeater":false,"editor_name":"default","content":{"heading":"Meet Our Team","type":"hover"},"medias":[],"browsers":[],"blocks":{"cards":[{"id":21,"type":"dynamic-repeater-cards","is_repeater":true,"editor_name":"default","content":{"heading":"Brianne Jackson","details":"Master"},"medias":{"image":[{"id":5,"name":"brianne .jpeg","thumbnail":"http:\/\/localhost:8000\/img\/d39c625e-270d-40f2-a9bc-0d91dd506a82\/brianne.jpeg?fm=jpg&q=60&fit=max&dpr=1&h=256","original":"http:\/\/localhost:8000\/img\/d39c625e-270d-40f2-a9bc-0d91dd506a82\/brianne.jpeg","medium":"http:\/\/localhost:8000\/img\/d39c625e-270d-40f2-a9bc-0d91dd506a82\/brianne.jpeg?fm=jpg&q=80&fit=max&h=430","width":"400","height":"300","tags":[],"deleteUrl":"http:\/\/localhost:8000\/admin\/media-library\/medias\/5","updateUrl":"http:\/\/localhost:8000\/admin\/media-library\/medias\/single-update","updateBulkUrl":"http:\/\/localhost:8000\/admin\/media-library\/medias\/bulk-update","deleteBulkUrl":"http:\/\/localhost:8000\/admin\/media-library\/medias\/bulk-delete","metadatas":{"default":{"caption":null,"altText":"Brianne","video":null},"custom":{"caption":null,"altText":null,"video":null}},"disabled":false,"crops":{"default":{"name":"default","x":0,"y":0,"width":400,"height":300}}}]},"browsers":[],"blocks":[]},{"id":1746824766343,"type":"dynamic-repeater-cards","is_repeater":true,"content":{"heading":"Juliet Ruiz","details":"Instructor"},"medias":{"image":[{"id":6,"name":"Juliet.jpeg","thumbnail":"http:\/\/localhost:8000\/img\/88b4c36b-5a84-4932-b87f-2ebd1fd4ed3b\/juliet.jpeg?fm=jpg&q=60&fit=max&dpr=1&h=256","original":"http:\/\/localhost:8000\/img\/88b4c36b-5a84-4932-b87f-2ebd1fd4ed3b\/juliet.jpeg","medium":"http:\/\/localhost:8000\/img\/88b4c36b-5a84-4932-b87f-2ebd1fd4ed3b\/juliet.jpeg?fm=jpg&q=80&fit=max&h=430","width":"400","height":"300","tags":[],"deleteUrl":"http:\/\/localhost:8000\/admin\/media-library\/medias\/6","updateUrl":"http:\/\/localhost:8000\/admin\/media-library\/medias\/single-update","updateBulkUrl":"http:\/\/localhost:8000\/admin\/media-library\/medias\/bulk-update","deleteBulkUrl":"http:\/\/localhost:8000\/admin\/media-library\/medias\/bulk-delete","metadatas":{"default":{"caption":null,"altText":"Juliet","video":null},"custom":{"caption":null,"altText":null,"video":null}},"disabled":false,"crops":{"default":{"name":"default","x":0,"y":0,"width":400,"height":300}}}]},"browsers":[],"blocks":[]},{"id":1746824786421,"type":"dynamic-repeater-cards","is_repeater":true,"content":{"heading":"Kelly Tyger","details":"Instructor"},"medias":{"image":[{"id":7,"name":"Kelly.jpeg","thumbnail":"http:\/\/localhost:8000\/img\/3675c056-9b99-4f75-98e1-1f8eb52ae382\/kelly.jpeg?fm=jpg&q=60&fit=max&dpr=1&h=256","original":"http:\/\/localhost:8000\/img\/3675c056-9b99-4f75-98e1-1f8eb52ae382\/kelly.jpeg","medium":"http:\/\/localhost:8000\/img\/3675c056-9b99-4f75-98e1-1f8eb52ae382\/kelly.jpeg?fm=jpg&q=80&fit=max&h=430","width":"400","height":"300","tags":[],"deleteUrl":"http:\/\/localhost:8000\/admin\/media-library\/medias\/7","updateUrl":"http:\/\/localhost:8000\/admin\/media-library\/medias\/single-update","updateBulkUrl":"http:\/\/localhost:8000\/admin\/media-library\/medias\/bulk-update","deleteBulkUrl":"http:\/\/localhost:8000\/admin\/media-library\/medias\/bulk-delete","metadatas":{"default":{"caption":null,"altText":"Kelly","video":null},"custom":{"caption":null,"altText":null,"video":null}},"disabled":false,"crops":{"default":{"name":"default","x":0,"y":0,"width":400,"height":300}}}]},"browsers":[],"blocks":[]}]}}],"repeaters":[]}');
INSERT INTO page_revisions VALUES(15,4,1,'2025-05-09 22:04:29','2025-05-09 22:04:29','{"slug":{"en":"taekwondo"},"title":{"en":"Taekwondo"},"languages":[{"shortlabel":"EN","label":"English","value":"en","disabled":false,"published":true}]}');
INSERT INTO page_revisions VALUES(16,1,1,'2025-05-10 01:00:23','2025-05-10 01:00:23','{"title":{"en":"About"},"slug":{"en":"about"},"meta_title":{"en":null},"meta_description":{"en":null},"cmsSaveType":"update","published":true,"public":false,"publish_start_date":null,"publish_end_date":null,"languages":[{"shortlabel":"EN","label":"English","value":"en","disabled":false,"published":true}],"parent_id":0,"medias":[],"browsers":[],"blocks":[{"id":15,"type":"a17-block-common-cardblock","is_repeater":false,"editor_name":"default","content":{"heading":"We Remove the Limits to a Healthier You","type":"stack"},"medias":[],"browsers":[],"blocks":{"cards":[{"id":17,"type":"dynamic-repeater-cards","is_repeater":true,"editor_name":"default","content":{"heading":"Time No Limit","details":"At No Limits Martial Arts and Fitness, your schedule is our priority. Whether you''re dropping in for a single session or committing to a monthly membership, we\u2019ve got options to fit your life. Walk-ins are always welcome, and for those ready to take the leap, we offer discounts for monthly payments in advance. Ready when you are \u2014 let\u2019s remove the limits of time."},"medias":{"image":[{"id":2,"name":"Z2y0vJbqstJ981IA_DALL\u00b7E2024-12-0219.49.04-Aconceptualimagerepresentingtimenotbeingalimitingfactor_apersonrunningonaninfiniteclockfacethatblendsintothehorizon.Theclockh.jpeg","thumbnail":"http:\/\/localhost:8000\/img\/f4c09ebc-d585-4b27-8baa-8150fdfbfad1\/z2y0vjbqstj981ia-dalle2024-12-0219-49-04-aconceptualimagerepresentingtimenotbeingalimitingfactor-apersonrunningonaninfiniteclockfacethatblendsintothehorizon-theclockh.jpeg?fm=jpg&q=60&fit=max&dpr=1&h=256","original":"http:\/\/localhost:8000\/img\/f4c09ebc-d585-4b27-8baa-8150fdfbfad1\/z2y0vjbqstj981ia-dalle2024-12-0219-49-04-aconceptualimagerepresentingtimenotbeingalimitingfactor-apersonrunningonaninfiniteclockfacethatblendsintothehorizon-theclockh.jpeg","medium":"http:\/\/localhost:8000\/img\/f4c09ebc-d585-4b27-8baa-8150fdfbfad1\/z2y0vjbqstj981ia-dalle2024-12-0219-49-04-aconceptualimagerepresentingtimenotbeingalimitingfactor-apersonrunningonaninfiniteclockfacethatblendsintothehorizon-theclockh.jpeg?fm=jpg&q=80&fit=max&h=430","width":650,"height":350,"tags":[],"deleteUrl":null,"updateUrl":"http:\/\/localhost:8000\/admin\/media-library\/medias\/single-update","updateBulkUrl":"http:\/\/localhost:8000\/admin\/media-library\/medias\/bulk-update","deleteBulkUrl":"http:\/\/localhost:8000\/admin\/media-library\/medias\/bulk-delete","metadatas":{"default":{"caption":null,"altText":"Z2y0vJbqstJ981IA DALL\u00b7E2024 12 0219.49.04 Aconceptualimagerepresentingtimenotbeingalimitingfactor apersonrunningonaninfiniteclockfacethatblendsintothehorizon.Theclockh","video":null},"custom":{"caption":null,"altText":null,"video":null}},"pivot_id":6,"crops":{"default":{"pivot_id":6,"name":"default","width":650,"height":350,"x":0,"y":0}}}]},"browsers":[],"blocks":[]},{"id":18,"type":"dynamic-repeater-cards","is_repeater":true,"editor_name":"default","content":{"heading":"Location No Limit","details":"No Limits is closer than you think! Our main branch is conveniently located in Beaverdam, VA, and we\u2019re proud to have a satellite location at Reynolds Community College. Looking for something even closer? We\u2019re open to expanding into new neighborhoods, organizations, or businesses. If you\u2019d like to see No Limits in your area, let\u2019s talk \u2014 together, we can make it happen."},"medias":{"image":[{"id":3,"name":"Z2y0zZbqstJ981IC_DALL\u00b7E2024-12-0219.52.09-Aconceptualimagerepresentinglocationnotbeingalimitingfactor_apersonstandinginthecenterofaglowingworldmap,withvibrantconnections.jpeg","thumbnail":"http:\/\/localhost:8000\/img\/5312a4f8-f4e9-4efc-803d-86489921320f\/z2y0zzbqstj981ic-dalle2024-12-0219-52-09-aconceptualimagerepresentinglocationnotbeingalimitingfactor-apersonstandinginthecenterofaglowingworldmapwithvibrantconnections.jpeg?fm=jpg&q=60&fit=max&dpr=1&h=256","original":"http:\/\/localhost:8000\/img\/5312a4f8-f4e9-4efc-803d-86489921320f\/z2y0zzbqstj981ic-dalle2024-12-0219-52-09-aconceptualimagerepresentinglocationnotbeingalimitingfactor-apersonstandinginthecenterofaglowingworldmapwithvibrantconnections.jpeg","medium":"http:\/\/localhost:8000\/img\/5312a4f8-f4e9-4efc-803d-86489921320f\/z2y0zzbqstj981ic-dalle2024-12-0219-52-09-aconceptualimagerepresentinglocationnotbeingalimitingfactor-apersonstandinginthecenterofaglowingworldmapwithvibrantconnections.jpeg?fm=jpg&q=80&fit=max&h=430","width":659,"height":350,"tags":[],"deleteUrl":null,"updateUrl":"http:\/\/localhost:8000\/admin\/media-library\/medias\/single-update","updateBulkUrl":"http:\/\/localhost:8000\/admin\/media-library\/medias\/bulk-update","deleteBulkUrl":"http:\/\/localhost:8000\/admin\/media-library\/medias\/bulk-delete","metadatas":{"default":{"caption":null,"altText":"Z2y0zZbqstJ981IC DALL\u00b7E2024 12 0219.52.09 Aconceptualimagerepresentinglocationnotbeingalimitingfactor apersonstandinginthecenterofaglowingworldmap,withvibrantconnections","video":null},"custom":{"caption":null,"altText":null,"video":null}},"pivot_id":7,"crops":{"default":{"pivot_id":7,"name":"default","width":659,"height":350,"x":0,"y":0}}}]},"browsers":[],"blocks":[]},{"id":19,"type":"dynamic-repeater-cards","is_repeater":true,"editor_name":"default","content":{"heading":"Ability No Limit","details":"At No Limits Martial Arts and Fitness, your starting point is just the beginning. From seasoned athletes seeking to refine their skills to beginners taking their first steps toward fitness, we\u2019re here to guide you. Our customized plans meet you where you are, building confidence, strength, and agility at your pace. Whatever your ability, we\u2019ll help you achieve your goals \u2014 no limits required."},"medias":{"image":[{"id":4,"name":"Z2y1I5bqstJ981IE_DALL\u00b7E2024-12-1323.39.48-Adynamicandmotivationalillustrationemphasizingtheideaoflimitlessfitnessopportunitiesinvariouslocations.Theimageshowsdiverseindividu.jpeg","thumbnail":"http:\/\/localhost:8000\/img\/067a521a-a9a1-4729-b45f-45f65dbb67a1\/z2y1i5bqstj981ie-dalle2024-12-1323-39-48-adynamicandmotivationalillustrationemphasizingtheideaoflimitlessfitnessopportunitiesinvariouslocations-theimageshowsdiverseindividu.jpeg?fm=jpg&q=60&fit=max&dpr=1&h=256","original":"http:\/\/localhost:8000\/img\/067a521a-a9a1-4729-b45f-45f65dbb67a1\/z2y1i5bqstj981ie-dalle2024-12-1323-39-48-adynamicandmotivationalillustrationemphasizingtheideaoflimitlessfitnessopportunitiesinvariouslocations-theimageshowsdiverseindividu.jpeg","medium":"http:\/\/localhost:8000\/img\/067a521a-a9a1-4729-b45f-45f65dbb67a1\/z2y1i5bqstj981ie-dalle2024-12-1323-39-48-adynamicandmotivationalillustrationemphasizingtheideaoflimitlessfitnessopportunitiesinvariouslocations-theimageshowsdiverseindividu.jpeg?fm=jpg&q=80&fit=max&h=430","width":650,"height":350,"tags":[],"deleteUrl":null,"updateUrl":"http:\/\/localhost:8000\/admin\/media-library\/medias\/single-update","updateBulkUrl":"http:\/\/localhost:8000\/admin\/media-library\/medias\/bulk-update","deleteBulkUrl":"http:\/\/localhost:8000\/admin\/media-library\/medias\/bulk-delete","metadatas":{"default":{"caption":null,"altText":"Z2y1I5bqstJ981IE DALL\u00b7E2024 12 1323.39.48 Adynamicandmotivationalillustrationemphasizingtheideaoflimitlessfitnessopportunitiesinvariouslocations.Theimageshowsdiverseindividu","video":null},"custom":{"caption":null,"altText":null,"video":null}},"pivot_id":8,"crops":{"default":{"pivot_id":8,"name":"default","width":650,"height":350,"x":0,"y":0}}}]},"browsers":[],"blocks":[]}]}}],"repeaters":[]}');
INSERT INTO page_revisions VALUES(17,1,1,'2025-05-10 05:46:21','2025-05-10 05:46:21','{"title":{"en":"About"},"slug":{"en":"about"},"meta_title":{"en":null},"meta_description":{"en":null},"cmsSaveType":"update","published":true,"public":false,"publish_start_date":null,"publish_end_date":null,"languages":[{"shortlabel":"EN","label":"English","value":"en","disabled":false,"published":true}],"parent_id":0,"medias":[],"browsers":[],"blocks":[{"id":1746855955025,"type":"a17-block-common-heading","is_repeater":false,"editor_name":"default","content":{"heading":{"en":"We Remove the Limits to A Healthier You"},"level":"h1"},"medias":[],"browsers":[],"blocks":[]},{"id":15,"type":"a17-block-common-cardblock","is_repeater":false,"editor_name":"default","content":{"heading":"We Remove the Limits to a Healthier You","type":"stack"},"medias":[],"browsers":[],"blocks":{"cards":[{"id":17,"type":"dynamic-repeater-cards","is_repeater":true,"editor_name":"default","content":{"heading":"Time No Limit","details":"At No Limits Martial Arts and Fitness, your schedule is our priority. Whether you''re dropping in for a single session or committing to a monthly membership, we\u2019ve got options to fit your life. Walk-ins are always welcome, and for those ready to take the leap, we offer discounts for monthly payments in advance. Ready when you are \u2014 let\u2019s remove the limits of time."},"medias":{"image":[{"id":2,"name":"Z2y0vJbqstJ981IA_DALL\u00b7E2024-12-0219.49.04-Aconceptualimagerepresentingtimenotbeingalimitingfactor_apersonrunningonaninfiniteclockfacethatblendsintothehorizon.Theclockh.jpeg","thumbnail":"http:\/\/localhost:8000\/img\/f4c09ebc-d585-4b27-8baa-8150fdfbfad1\/z2y0vjbqstj981ia-dalle2024-12-0219-49-04-aconceptualimagerepresentingtimenotbeingalimitingfactor-apersonrunningonaninfiniteclockfacethatblendsintothehorizon-theclockh.jpeg?fm=jpg&q=60&fit=max&dpr=1&h=256","original":"http:\/\/localhost:8000\/img\/f4c09ebc-d585-4b27-8baa-8150fdfbfad1\/z2y0vjbqstj981ia-dalle2024-12-0219-49-04-aconceptualimagerepresentingtimenotbeingalimitingfactor-apersonrunningonaninfiniteclockfacethatblendsintothehorizon-theclockh.jpeg","medium":"http:\/\/localhost:8000\/img\/f4c09ebc-d585-4b27-8baa-8150fdfbfad1\/z2y0vjbqstj981ia-dalle2024-12-0219-49-04-aconceptualimagerepresentingtimenotbeingalimitingfactor-apersonrunningonaninfiniteclockfacethatblendsintothehorizon-theclockh.jpeg?fm=jpg&q=80&fit=max&h=430","width":650,"height":350,"tags":[],"deleteUrl":null,"updateUrl":"http:\/\/localhost:8000\/admin\/media-library\/medias\/single-update","updateBulkUrl":"http:\/\/localhost:8000\/admin\/media-library\/medias\/bulk-update","deleteBulkUrl":"http:\/\/localhost:8000\/admin\/media-library\/medias\/bulk-delete","metadatas":{"default":{"caption":null,"altText":"Z2y0vJbqstJ981IA DALL\u00b7E2024 12 0219.49.04 Aconceptualimagerepresentingtimenotbeingalimitingfactor apersonrunningonaninfiniteclockfacethatblendsintothehorizon.Theclockh","video":null},"custom":{"caption":null,"altText":null,"video":null}},"pivot_id":6,"crops":{"default":{"pivot_id":6,"name":"default","width":650,"height":350,"x":0,"y":0}}}]},"browsers":[],"blocks":[]},{"id":18,"type":"dynamic-repeater-cards","is_repeater":true,"editor_name":"default","content":{"heading":"Location No Limit","details":"No Limits is closer than you think! Our main branch is conveniently located in Beaverdam, VA, and we\u2019re proud to have a satellite location at Reynolds Community College. Looking for something even closer? We\u2019re open to expanding into new neighborhoods, organizations, or businesses. If you\u2019d like to see No Limits in your area, let\u2019s talk \u2014 together, we can make it happen."},"medias":{"image":[{"id":3,"name":"Z2y0zZbqstJ981IC_DALL\u00b7E2024-12-0219.52.09-Aconceptualimagerepresentinglocationnotbeingalimitingfactor_apersonstandinginthecenterofaglowingworldmap,withvibrantconnections.jpeg","thumbnail":"http:\/\/localhost:8000\/img\/5312a4f8-f4e9-4efc-803d-86489921320f\/z2y0zzbqstj981ic-dalle2024-12-0219-52-09-aconceptualimagerepresentinglocationnotbeingalimitingfactor-apersonstandinginthecenterofaglowingworldmapwithvibrantconnections.jpeg?fm=jpg&q=60&fit=max&dpr=1&h=256","original":"http:\/\/localhost:8000\/img\/5312a4f8-f4e9-4efc-803d-86489921320f\/z2y0zzbqstj981ic-dalle2024-12-0219-52-09-aconceptualimagerepresentinglocationnotbeingalimitingfactor-apersonstandinginthecenterofaglowingworldmapwithvibrantconnections.jpeg","medium":"http:\/\/localhost:8000\/img\/5312a4f8-f4e9-4efc-803d-86489921320f\/z2y0zzbqstj981ic-dalle2024-12-0219-52-09-aconceptualimagerepresentinglocationnotbeingalimitingfactor-apersonstandinginthecenterofaglowingworldmapwithvibrantconnections.jpeg?fm=jpg&q=80&fit=max&h=430","width":659,"height":350,"tags":[],"deleteUrl":null,"updateUrl":"http:\/\/localhost:8000\/admin\/media-library\/medias\/single-update","updateBulkUrl":"http:\/\/localhost:8000\/admin\/media-library\/medias\/bulk-update","deleteBulkUrl":"http:\/\/localhost:8000\/admin\/media-library\/medias\/bulk-delete","metadatas":{"default":{"caption":null,"altText":"Z2y0zZbqstJ981IC DALL\u00b7E2024 12 0219.52.09 Aconceptualimagerepresentinglocationnotbeingalimitingfactor apersonstandinginthecenterofaglowingworldmap,withvibrantconnections","video":null},"custom":{"caption":null,"altText":null,"video":null}},"pivot_id":7,"crops":{"default":{"pivot_id":7,"name":"default","width":659,"height":350,"x":0,"y":0}}}]},"browsers":[],"blocks":[]},{"id":19,"type":"dynamic-repeater-cards","is_repeater":true,"editor_name":"default","content":{"heading":"Ability No Limit","details":"At No Limits Martial Arts and Fitness, your starting point is just the beginning. From seasoned athletes seeking to refine their skills to beginners taking their first steps toward fitness, we\u2019re here to guide you. Our customized plans meet you where you are, building confidence, strength, and agility at your pace. Whatever your ability, we\u2019ll help you achieve your goals \u2014 no limits required."},"medias":{"image":[{"id":4,"name":"Z2y1I5bqstJ981IE_DALL\u00b7E2024-12-1323.39.48-Adynamicandmotivationalillustrationemphasizingtheideaoflimitlessfitnessopportunitiesinvariouslocations.Theimageshowsdiverseindividu.jpeg","thumbnail":"http:\/\/localhost:8000\/img\/067a521a-a9a1-4729-b45f-45f65dbb67a1\/z2y1i5bqstj981ie-dalle2024-12-1323-39-48-adynamicandmotivationalillustrationemphasizingtheideaoflimitlessfitnessopportunitiesinvariouslocations-theimageshowsdiverseindividu.jpeg?fm=jpg&q=60&fit=max&dpr=1&h=256","original":"http:\/\/localhost:8000\/img\/067a521a-a9a1-4729-b45f-45f65dbb67a1\/z2y1i5bqstj981ie-dalle2024-12-1323-39-48-adynamicandmotivationalillustrationemphasizingtheideaoflimitlessfitnessopportunitiesinvariouslocations-theimageshowsdiverseindividu.jpeg","medium":"http:\/\/localhost:8000\/img\/067a521a-a9a1-4729-b45f-45f65dbb67a1\/z2y1i5bqstj981ie-dalle2024-12-1323-39-48-adynamicandmotivationalillustrationemphasizingtheideaoflimitlessfitnessopportunitiesinvariouslocations-theimageshowsdiverseindividu.jpeg?fm=jpg&q=80&fit=max&h=430","width":650,"height":350,"tags":[],"deleteUrl":null,"updateUrl":"http:\/\/localhost:8000\/admin\/media-library\/medias\/single-update","updateBulkUrl":"http:\/\/localhost:8000\/admin\/media-library\/medias\/bulk-update","deleteBulkUrl":"http:\/\/localhost:8000\/admin\/media-library\/medias\/bulk-delete","metadatas":{"default":{"caption":null,"altText":"Z2y1I5bqstJ981IE DALL\u00b7E2024 12 1323.39.48 Adynamicandmotivationalillustrationemphasizingtheideaoflimitlessfitnessopportunitiesinvariouslocations.Theimageshowsdiverseindividu","video":null},"custom":{"caption":null,"altText":null,"video":null}},"pivot_id":8,"crops":{"default":{"pivot_id":8,"name":"default","width":650,"height":350,"x":0,"y":0}}}]},"browsers":[],"blocks":[]}]}}],"repeaters":[]}');
INSERT INTO page_revisions VALUES(18,1,1,'2025-05-11 00:00:35','2025-05-11 00:00:35','{"title":{"en":"About"},"slug":{"en":"about"},"meta_title":{"en":null},"meta_description":{"en":null},"cmsSaveType":"update","published":true,"public":false,"publish_start_date":null,"publish_end_date":null,"languages":[{"shortlabel":"EN","label":"English","value":"en","disabled":false,"published":true}],"parent_id":0,"medias":[],"browsers":[],"blocks":[{"id":15,"type":"a17-block-common-cardblock","is_repeater":false,"editor_name":"default","content":{"heading":"We Remove the Limits to a Healthier You","type":"stack"},"medias":[],"browsers":[],"blocks":{"cards":[{"id":17,"type":"dynamic-repeater-cards","is_repeater":true,"editor_name":"default","content":{"heading":"Time No Limit","details":"At No Limits Martial Arts and Fitness, your schedule is our priority. Whether you''re dropping in for a single session or committing to a monthly membership, we\u2019ve got options to fit your life. Walk-ins are always welcome, and for those ready to take the leap, we offer discounts for monthly payments in advance. Ready when you are \u2014 let\u2019s remove the limits of time."},"medias":{"image":[{"id":2,"name":"Z2y0vJbqstJ981IA_DALL\u00b7E2024-12-0219.49.04-Aconceptualimagerepresentingtimenotbeingalimitingfactor_apersonrunningonaninfiniteclockfacethatblendsintothehorizon.Theclockh.jpeg","thumbnail":"http:\/\/localhost:8000\/img\/f4c09ebc-d585-4b27-8baa-8150fdfbfad1\/z2y0vjbqstj981ia-dalle2024-12-0219-49-04-aconceptualimagerepresentingtimenotbeingalimitingfactor-apersonrunningonaninfiniteclockfacethatblendsintothehorizon-theclockh.jpeg?fm=jpg&q=60&fit=max&dpr=1&h=256","original":"http:\/\/localhost:8000\/img\/f4c09ebc-d585-4b27-8baa-8150fdfbfad1\/z2y0vjbqstj981ia-dalle2024-12-0219-49-04-aconceptualimagerepresentingtimenotbeingalimitingfactor-apersonrunningonaninfiniteclockfacethatblendsintothehorizon-theclockh.jpeg","medium":"http:\/\/localhost:8000\/img\/f4c09ebc-d585-4b27-8baa-8150fdfbfad1\/z2y0vjbqstj981ia-dalle2024-12-0219-49-04-aconceptualimagerepresentingtimenotbeingalimitingfactor-apersonrunningonaninfiniteclockfacethatblendsintothehorizon-theclockh.jpeg?fm=jpg&q=80&fit=max&h=430","width":650,"height":350,"tags":[],"deleteUrl":null,"updateUrl":"http:\/\/localhost:8000\/admin\/media-library\/medias\/single-update","updateBulkUrl":"http:\/\/localhost:8000\/admin\/media-library\/medias\/bulk-update","deleteBulkUrl":"http:\/\/localhost:8000\/admin\/media-library\/medias\/bulk-delete","metadatas":{"default":{"caption":null,"altText":"Z2y0vJbqstJ981IA DALL\u00b7E2024 12 0219.49.04 Aconceptualimagerepresentingtimenotbeingalimitingfactor apersonrunningonaninfiniteclockfacethatblendsintothehorizon.Theclockh","video":null},"custom":{"caption":null,"altText":null,"video":null}},"pivot_id":6,"crops":{"default":{"pivot_id":6,"name":"default","width":650,"height":350,"x":0,"y":0}}}]},"browsers":[],"blocks":[]},{"id":18,"type":"dynamic-repeater-cards","is_repeater":true,"editor_name":"default","content":{"heading":"Location No Limit","details":"No Limits is closer than you think! Our main branch is conveniently located in Beaverdam, VA, and we\u2019re proud to have a satellite location at Reynolds Community College. Looking for something even closer? We\u2019re open to expanding into new neighborhoods, organizations, or businesses. If you\u2019d like to see No Limits in your area, let\u2019s talk \u2014 together, we can make it happen."},"medias":{"image":[{"id":3,"name":"Z2y0zZbqstJ981IC_DALL\u00b7E2024-12-0219.52.09-Aconceptualimagerepresentinglocationnotbeingalimitingfactor_apersonstandinginthecenterofaglowingworldmap,withvibrantconnections.jpeg","thumbnail":"http:\/\/localhost:8000\/img\/5312a4f8-f4e9-4efc-803d-86489921320f\/z2y0zzbqstj981ic-dalle2024-12-0219-52-09-aconceptualimagerepresentinglocationnotbeingalimitingfactor-apersonstandinginthecenterofaglowingworldmapwithvibrantconnections.jpeg?fm=jpg&q=60&fit=max&dpr=1&h=256","original":"http:\/\/localhost:8000\/img\/5312a4f8-f4e9-4efc-803d-86489921320f\/z2y0zzbqstj981ic-dalle2024-12-0219-52-09-aconceptualimagerepresentinglocationnotbeingalimitingfactor-apersonstandinginthecenterofaglowingworldmapwithvibrantconnections.jpeg","medium":"http:\/\/localhost:8000\/img\/5312a4f8-f4e9-4efc-803d-86489921320f\/z2y0zzbqstj981ic-dalle2024-12-0219-52-09-aconceptualimagerepresentinglocationnotbeingalimitingfactor-apersonstandinginthecenterofaglowingworldmapwithvibrantconnections.jpeg?fm=jpg&q=80&fit=max&h=430","width":659,"height":350,"tags":[],"deleteUrl":null,"updateUrl":"http:\/\/localhost:8000\/admin\/media-library\/medias\/single-update","updateBulkUrl":"http:\/\/localhost:8000\/admin\/media-library\/medias\/bulk-update","deleteBulkUrl":"http:\/\/localhost:8000\/admin\/media-library\/medias\/bulk-delete","metadatas":{"default":{"caption":null,"altText":"Z2y0zZbqstJ981IC DALL\u00b7E2024 12 0219.52.09 Aconceptualimagerepresentinglocationnotbeingalimitingfactor apersonstandinginthecenterofaglowingworldmap,withvibrantconnections","video":null},"custom":{"caption":null,"altText":null,"video":null}},"pivot_id":7,"crops":{"default":{"pivot_id":7,"name":"default","width":659,"height":350,"x":0,"y":0}}}]},"browsers":[],"blocks":[]},{"id":19,"type":"dynamic-repeater-cards","is_repeater":true,"editor_name":"default","content":{"heading":"Ability No Limit","details":"At No Limits Martial Arts and Fitness, your starting point is just the beginning. From seasoned athletes seeking to refine their skills to beginners taking their first steps toward fitness, we\u2019re here to guide you. Our customized plans meet you where you are, building confidence, strength, and agility at your pace. Whatever your ability, we\u2019ll help you achieve your goals \u2014 no limits required."},"medias":{"image":[{"id":4,"name":"Z2y1I5bqstJ981IE_DALL\u00b7E2024-12-1323.39.48-Adynamicandmotivationalillustrationemphasizingtheideaoflimitlessfitnessopportunitiesinvariouslocations.Theimageshowsdiverseindividu.jpeg","thumbnail":"http:\/\/localhost:8000\/img\/067a521a-a9a1-4729-b45f-45f65dbb67a1\/z2y1i5bqstj981ie-dalle2024-12-1323-39-48-adynamicandmotivationalillustrationemphasizingtheideaoflimitlessfitnessopportunitiesinvariouslocations-theimageshowsdiverseindividu.jpeg?fm=jpg&q=60&fit=max&dpr=1&h=256","original":"http:\/\/localhost:8000\/img\/067a521a-a9a1-4729-b45f-45f65dbb67a1\/z2y1i5bqstj981ie-dalle2024-12-1323-39-48-adynamicandmotivationalillustrationemphasizingtheideaoflimitlessfitnessopportunitiesinvariouslocations-theimageshowsdiverseindividu.jpeg","medium":"http:\/\/localhost:8000\/img\/067a521a-a9a1-4729-b45f-45f65dbb67a1\/z2y1i5bqstj981ie-dalle2024-12-1323-39-48-adynamicandmotivationalillustrationemphasizingtheideaoflimitlessfitnessopportunitiesinvariouslocations-theimageshowsdiverseindividu.jpeg?fm=jpg&q=80&fit=max&h=430","width":650,"height":350,"tags":[],"deleteUrl":null,"updateUrl":"http:\/\/localhost:8000\/admin\/media-library\/medias\/single-update","updateBulkUrl":"http:\/\/localhost:8000\/admin\/media-library\/medias\/bulk-update","deleteBulkUrl":"http:\/\/localhost:8000\/admin\/media-library\/medias\/bulk-delete","metadatas":{"default":{"caption":null,"altText":"Z2y1I5bqstJ981IE DALL\u00b7E2024 12 1323.39.48 Adynamicandmotivationalillustrationemphasizingtheideaoflimitlessfitnessopportunitiesinvariouslocations.Theimageshowsdiverseindividu","video":null},"custom":{"caption":null,"altText":null,"video":null}},"pivot_id":8,"crops":{"default":{"pivot_id":8,"name":"default","width":650,"height":350,"x":0,"y":0}}}]},"browsers":[],"blocks":[]}]}}],"repeaters":[]}');
INSERT INTO page_revisions VALUES(19,3,1,'2025-05-11 05:43:11','2025-05-11 05:43:11','{"meta_title":{"en":null},"meta_description":{"en":null},"title":{"en":"Our Team"},"slug":{"en":"about\/our-team"},"cmsSaveType":"update","published":true,"public":false,"publish_start_date":null,"publish_end_date":null,"languages":[{"shortlabel":"EN","label":"English","value":"en","disabled":false,"published":true}],"parent_id":0,"medias":[],"browsers":[],"blocks":[{"id":20,"type":"a17-block-common-cardblock","is_repeater":false,"editor_name":"default","content":{"heading":"Meet Our Team","type":"hover"},"medias":[],"browsers":[],"blocks":{"cards":[{"id":21,"type":"dynamic-repeater-cards","is_repeater":true,"editor_name":"default","content":{"heading":"Brianne Jackson","details":"Master"},"medias":{"image":[{"id":5,"name":"brianne .jpeg","thumbnail":"http:\/\/localhost:8000\/img\/d39c625e-270d-40f2-a9bc-0d91dd506a82\/brianne.jpeg?fm=jpg&q=60&fit=max&dpr=1&h=256","original":"http:\/\/localhost:8000\/img\/d39c625e-270d-40f2-a9bc-0d91dd506a82\/brianne.jpeg","medium":"http:\/\/localhost:8000\/img\/d39c625e-270d-40f2-a9bc-0d91dd506a82\/brianne.jpeg?fm=jpg&q=80&fit=max&h=430","width":400,"height":300,"tags":[],"deleteUrl":null,"updateUrl":"http:\/\/localhost:8000\/admin\/media-library\/medias\/single-update","updateBulkUrl":"http:\/\/localhost:8000\/admin\/media-library\/medias\/bulk-update","deleteBulkUrl":"http:\/\/localhost:8000\/admin\/media-library\/medias\/bulk-delete","metadatas":{"default":{"caption":null,"altText":"Brianne","video":null},"custom":{"caption":null,"altText":null,"video":null}},"pivot_id":15,"crops":{"default":{"pivot_id":15,"name":"default","width":400,"height":300,"x":0,"y":0}}}]},"browsers":[],"blocks":[]},{"id":22,"type":"dynamic-repeater-cards","is_repeater":true,"editor_name":"default","content":{"heading":"Juliet Ruiz","details":"Instructor"},"medias":{"image":[{"id":6,"name":"Juliet.jpeg","thumbnail":"http:\/\/localhost:8000\/img\/88b4c36b-5a84-4932-b87f-2ebd1fd4ed3b\/juliet.jpeg?fm=jpg&q=60&fit=max&dpr=1&h=256","original":"http:\/\/localhost:8000\/img\/88b4c36b-5a84-4932-b87f-2ebd1fd4ed3b\/juliet.jpeg","medium":"http:\/\/localhost:8000\/img\/88b4c36b-5a84-4932-b87f-2ebd1fd4ed3b\/juliet.jpeg?fm=jpg&q=80&fit=max&h=430","width":400,"height":300,"tags":[],"deleteUrl":null,"updateUrl":"http:\/\/localhost:8000\/admin\/media-library\/medias\/single-update","updateBulkUrl":"http:\/\/localhost:8000\/admin\/media-library\/medias\/bulk-update","deleteBulkUrl":"http:\/\/localhost:8000\/admin\/media-library\/medias\/bulk-delete","metadatas":{"default":{"caption":null,"altText":"Juliet","video":null},"custom":{"caption":null,"altText":null,"video":null}},"pivot_id":16,"crops":{"default":{"pivot_id":16,"name":"default","width":400,"height":300,"x":0,"y":0}}}]},"browsers":[],"blocks":[]},{"id":23,"type":"dynamic-repeater-cards","is_repeater":true,"editor_name":"default","content":{"heading":"Kelly Tyger","details":"Instructor"},"medias":{"image":[{"id":7,"name":"Kelly.jpeg","thumbnail":"http:\/\/localhost:8000\/img\/3675c056-9b99-4f75-98e1-1f8eb52ae382\/kelly.jpeg?fm=jpg&q=60&fit=max&dpr=1&h=256","original":"http:\/\/localhost:8000\/img\/3675c056-9b99-4f75-98e1-1f8eb52ae382\/kelly.jpeg","medium":"http:\/\/localhost:8000\/img\/3675c056-9b99-4f75-98e1-1f8eb52ae382\/kelly.jpeg?fm=jpg&q=80&fit=max&h=430","width":400,"height":300,"tags":[],"deleteUrl":null,"updateUrl":"http:\/\/localhost:8000\/admin\/media-library\/medias\/single-update","updateBulkUrl":"http:\/\/localhost:8000\/admin\/media-library\/medias\/bulk-update","deleteBulkUrl":"http:\/\/localhost:8000\/admin\/media-library\/medias\/bulk-delete","metadatas":{"default":{"caption":null,"altText":"Kelly","video":null},"custom":{"caption":null,"altText":null,"video":null}},"pivot_id":17,"crops":{"default":{"pivot_id":17,"name":"default","width":400,"height":300,"x":0,"y":0}}}]},"browsers":[],"blocks":[]}]}}],"repeaters":[]}');
INSERT INTO page_revisions VALUES(20,3,1,'2025-05-11 19:30:15','2025-05-11 19:30:15','{"meta_title":{"en":null},"meta_description":{"en":null},"title":{"en":"Our Team"},"slug":{"en":"our-team"},"cmsSaveType":"update","published":true,"public":false,"publish_start_date":null,"publish_end_date":null,"languages":[{"shortlabel":"EN","label":"English","value":"en","disabled":false,"published":true}],"parent_id":0,"medias":[],"browsers":[],"blocks":[{"id":20,"type":"a17-block-common-cardblock","is_repeater":false,"editor_name":"default","content":{"heading":"Meet Our Team","type":"hover"},"medias":[],"browsers":[],"blocks":{"cards":[{"id":21,"type":"dynamic-repeater-cards","is_repeater":true,"editor_name":"default","content":{"heading":"Brianne Jackson","details":"Master"},"medias":{"image":[{"id":5,"name":"brianne .jpeg","thumbnail":"http:\/\/localhost:8000\/img\/d39c625e-270d-40f2-a9bc-0d91dd506a82\/brianne.jpeg?fm=jpg&q=60&fit=max&dpr=1&h=256","original":"http:\/\/localhost:8000\/img\/d39c625e-270d-40f2-a9bc-0d91dd506a82\/brianne.jpeg","medium":"http:\/\/localhost:8000\/img\/d39c625e-270d-40f2-a9bc-0d91dd506a82\/brianne.jpeg?fm=jpg&q=80&fit=max&h=430","width":400,"height":300,"tags":[],"deleteUrl":null,"updateUrl":"http:\/\/localhost:8000\/admin\/media-library\/medias\/single-update","updateBulkUrl":"http:\/\/localhost:8000\/admin\/media-library\/medias\/bulk-update","deleteBulkUrl":"http:\/\/localhost:8000\/admin\/media-library\/medias\/bulk-delete","metadatas":{"default":{"caption":null,"altText":"Brianne","video":null},"custom":{"caption":null,"altText":null,"video":null}},"pivot_id":15,"crops":{"default":{"pivot_id":15,"name":"default","width":400,"height":300,"x":0,"y":0}}}]},"browsers":[],"blocks":[]},{"id":22,"type":"dynamic-repeater-cards","is_repeater":true,"editor_name":"default","content":{"heading":"Juliet Ruiz","details":"Instructor"},"medias":{"image":[{"id":6,"name":"Juliet.jpeg","thumbnail":"http:\/\/localhost:8000\/img\/88b4c36b-5a84-4932-b87f-2ebd1fd4ed3b\/juliet.jpeg?fm=jpg&q=60&fit=max&dpr=1&h=256","original":"http:\/\/localhost:8000\/img\/88b4c36b-5a84-4932-b87f-2ebd1fd4ed3b\/juliet.jpeg","medium":"http:\/\/localhost:8000\/img\/88b4c36b-5a84-4932-b87f-2ebd1fd4ed3b\/juliet.jpeg?fm=jpg&q=80&fit=max&h=430","width":400,"height":300,"tags":[],"deleteUrl":null,"updateUrl":"http:\/\/localhost:8000\/admin\/media-library\/medias\/single-update","updateBulkUrl":"http:\/\/localhost:8000\/admin\/media-library\/medias\/bulk-update","deleteBulkUrl":"http:\/\/localhost:8000\/admin\/media-library\/medias\/bulk-delete","metadatas":{"default":{"caption":null,"altText":"Juliet","video":null},"custom":{"caption":null,"altText":null,"video":null}},"pivot_id":16,"crops":{"default":{"pivot_id":16,"name":"default","width":400,"height":300,"x":0,"y":0}}}]},"browsers":[],"blocks":[]},{"id":23,"type":"dynamic-repeater-cards","is_repeater":true,"editor_name":"default","content":{"heading":"Kelly Tyger","details":"Instructor"},"medias":{"image":[{"id":7,"name":"Kelly.jpeg","thumbnail":"http:\/\/localhost:8000\/img\/3675c056-9b99-4f75-98e1-1f8eb52ae382\/kelly.jpeg?fm=jpg&q=60&fit=max&dpr=1&h=256","original":"http:\/\/localhost:8000\/img\/3675c056-9b99-4f75-98e1-1f8eb52ae382\/kelly.jpeg","medium":"http:\/\/localhost:8000\/img\/3675c056-9b99-4f75-98e1-1f8eb52ae382\/kelly.jpeg?fm=jpg&q=80&fit=max&h=430","width":400,"height":300,"tags":[],"deleteUrl":null,"updateUrl":"http:\/\/localhost:8000\/admin\/media-library\/medias\/single-update","updateBulkUrl":"http:\/\/localhost:8000\/admin\/media-library\/medias\/bulk-update","deleteBulkUrl":"http:\/\/localhost:8000\/admin\/media-library\/medias\/bulk-delete","metadatas":{"default":{"caption":null,"altText":"Kelly","video":null},"custom":{"caption":null,"altText":null,"video":null}},"pivot_id":17,"crops":{"default":{"pivot_id":17,"name":"default","width":400,"height":300,"x":0,"y":0}}}]},"browsers":[],"blocks":[]}]}}],"repeaters":[]}');
INSERT INTO page_revisions VALUES(21,5,1,'2025-05-11 19:32:41','2025-05-11 19:32:41','{"slug":{"en":"contact-us"},"title":{"en":"Contact Us"},"languages":[{"shortlabel":"EN","label":"English","value":"en","disabled":false,"published":true}]}');
INSERT INTO page_revisions VALUES(22,5,1,'2025-05-11 19:41:27','2025-05-11 19:41:27','{"title":{"en":"Contact Us"},"slug":{"en":"contact-us"},"meta_description":{"en":null},"meta_title":{"en":"Contact Us"},"cmsSaveType":"save","published":false,"public":false,"publish_start_date":null,"publish_end_date":null,"languages":[{"shortlabel":"EN","label":"English","value":"en","disabled":false,"published":true}],"parent_id":0,"medias":[],"browsers":[],"blocks":[],"repeaters":[]}');
INSERT INTO page_revisions VALUES(23,5,1,'2025-05-11 19:42:30','2025-05-11 19:42:30','{"title":{"en":"Contact Us"},"slug":{"en":"contact-us"},"meta_description":{"en":null},"meta_title":{"en":"Contact Us"},"cmsSaveType":"save","published":false,"public":false,"publish_start_date":null,"publish_end_date":null,"languages":[{"shortlabel":"EN","label":"English","value":"en","disabled":false,"published":true}],"parent_id":0,"medias":[],"browsers":[],"blocks":[{"id":1746992533499,"type":"a17-block-common-heading","is_repeater":false,"editor_name":"default","content":{"heading":{"en":"Contact No Limits"},"level":"h1"},"medias":[],"browsers":[],"blocks":[]}],"repeaters":[]}');
INSERT INTO page_revisions VALUES(24,5,1,'2025-05-11 19:42:34','2025-05-11 19:42:34','{"title":{"en":"Contact Us"},"slug":{"en":"contact-us"},"meta_description":{"en":null},"meta_title":{"en":"Contact Us"},"cmsSaveType":"publish","published":true,"public":false,"publish_start_date":null,"publish_end_date":null,"languages":[{"shortlabel":"EN","label":"English","value":"en","disabled":false,"published":true}],"parent_id":0,"medias":[],"browsers":[],"blocks":[{"id":1746992533499,"type":"a17-block-common-heading","is_repeater":false,"editor_name":"default","content":{"heading":{"en":"Contact No Limits"},"level":"h1"},"medias":[],"browsers":[],"blocks":[]}],"repeaters":[]}');
INSERT INTO page_revisions VALUES(25,3,1,'2025-05-12 23:50:56','2025-05-12 23:50:56','{"title":{"en":"Our Team"},"slug":{"en":"our-team"},"meta_title":{"en":null},"meta_description":{"en":null},"cmsSaveType":"update","published":true,"public":false,"publish_start_date":null,"publish_end_date":null,"languages":[{"shortlabel":"EN","label":"English","value":"en","disabled":false,"published":true}],"parent_id":0,"medias":[],"browsers":[],"blocks":[{"id":20,"type":"a17-block-common-cardblock","is_repeater":false,"editor_name":"default","content":{"heading":"Meet Our Team","type":"hover"},"medias":[],"browsers":[],"blocks":{"cards":[{"id":21,"type":"dynamic-repeater-cards","is_repeater":true,"editor_name":"default","content":{"heading":"Brianne Jackson","details":"Master"},"medias":{"image":[{"id":5,"name":"brianne .jpeg","thumbnail":"http:\/\/localhost:8000\/img\/d39c625e-270d-40f2-a9bc-0d91dd506a82\/brianne.jpeg?fm=jpg&q=60&fit=max&dpr=1&h=256","original":"http:\/\/localhost:8000\/img\/d39c625e-270d-40f2-a9bc-0d91dd506a82\/brianne.jpeg","medium":"http:\/\/localhost:8000\/img\/d39c625e-270d-40f2-a9bc-0d91dd506a82\/brianne.jpeg?fm=jpg&q=80&fit=max&h=430","width":400,"height":300,"tags":[],"deleteUrl":null,"updateUrl":"http:\/\/localhost:8000\/admin\/media-library\/medias\/single-update","updateBulkUrl":"http:\/\/localhost:8000\/admin\/media-library\/medias\/bulk-update","deleteBulkUrl":"http:\/\/localhost:8000\/admin\/media-library\/medias\/bulk-delete","metadatas":{"default":{"caption":null,"altText":"Brianne","video":null},"custom":{"caption":null,"altText":null,"video":null}},"pivot_id":15,"crops":{"default":{"pivot_id":15,"name":"default","width":400,"height":300,"x":0,"y":0}}}]},"browsers":[],"blocks":[]},{"id":22,"type":"dynamic-repeater-cards","is_repeater":true,"editor_name":"default","content":{"heading":"Juliet Ruiz","details":"Instructor"},"medias":{"image":[{"id":6,"name":"Juliet.jpeg","thumbnail":"http:\/\/localhost:8000\/img\/88b4c36b-5a84-4932-b87f-2ebd1fd4ed3b\/juliet.jpeg?fm=jpg&q=60&fit=max&dpr=1&h=256","original":"http:\/\/localhost:8000\/img\/88b4c36b-5a84-4932-b87f-2ebd1fd4ed3b\/juliet.jpeg","medium":"http:\/\/localhost:8000\/img\/88b4c36b-5a84-4932-b87f-2ebd1fd4ed3b\/juliet.jpeg?fm=jpg&q=80&fit=max&h=430","width":400,"height":300,"tags":[],"deleteUrl":null,"updateUrl":"http:\/\/localhost:8000\/admin\/media-library\/medias\/single-update","updateBulkUrl":"http:\/\/localhost:8000\/admin\/media-library\/medias\/bulk-update","deleteBulkUrl":"http:\/\/localhost:8000\/admin\/media-library\/medias\/bulk-delete","metadatas":{"default":{"caption":null,"altText":"Juliet","video":null},"custom":{"caption":null,"altText":null,"video":null}},"pivot_id":16,"crops":{"default":{"pivot_id":16,"name":"default","width":400,"height":300,"x":0,"y":0}}}]},"browsers":[],"blocks":[]},{"id":23,"type":"dynamic-repeater-cards","is_repeater":true,"editor_name":"default","content":{"heading":"Kelly Tyger","details":"Instructor"},"medias":{"image":[{"id":7,"name":"Kelly.jpeg","thumbnail":"http:\/\/localhost:8000\/img\/3675c056-9b99-4f75-98e1-1f8eb52ae382\/kelly.jpeg?fm=jpg&q=60&fit=max&dpr=1&h=256","original":"http:\/\/localhost:8000\/img\/3675c056-9b99-4f75-98e1-1f8eb52ae382\/kelly.jpeg","medium":"http:\/\/localhost:8000\/img\/3675c056-9b99-4f75-98e1-1f8eb52ae382\/kelly.jpeg?fm=jpg&q=80&fit=max&h=430","width":400,"height":300,"tags":[],"deleteUrl":null,"updateUrl":"http:\/\/localhost:8000\/admin\/media-library\/medias\/single-update","updateBulkUrl":"http:\/\/localhost:8000\/admin\/media-library\/medias\/bulk-update","deleteBulkUrl":"http:\/\/localhost:8000\/admin\/media-library\/medias\/bulk-delete","metadatas":{"default":{"caption":null,"altText":"Kelly","video":null},"custom":{"caption":null,"altText":null,"video":null}},"pivot_id":17,"crops":{"default":{"pivot_id":17,"name":"default","width":400,"height":300,"x":0,"y":0}}}]},"browsers":[],"blocks":[]}]}}],"repeaters":[]}');
INSERT INTO page_revisions VALUES(26,3,1,'2025-05-12 23:52:59','2025-05-12 23:52:59','{"meta_title":{"en":null},"meta_description":{"en":null},"title":{"en":"Our Team"},"slug":{"en":"our-team"},"cmsSaveType":"update","published":true,"public":false,"publish_start_date":null,"publish_end_date":null,"languages":[{"shortlabel":"EN","label":"English","value":"en","disabled":false,"published":true}],"parent_id":0,"medias":[],"browsers":[],"blocks":[{"id":20,"type":"a17-block-common-cardblock","is_repeater":false,"editor_name":"default","content":{"heading":"Meet Our Team","type":"hover"},"medias":[],"browsers":[],"blocks":{"cards":[{"id":21,"type":"dynamic-repeater-cards","is_repeater":true,"editor_name":"default","content":{"heading":"Brianne Jackson","details":"Master"},"medias":{"image":[{"id":5,"name":"brianne .jpeg","thumbnail":"http:\/\/localhost:8000\/img\/d39c625e-270d-40f2-a9bc-0d91dd506a82\/brianne.jpeg?fm=jpg&q=60&fit=max&dpr=1&h=256","original":"http:\/\/localhost:8000\/img\/d39c625e-270d-40f2-a9bc-0d91dd506a82\/brianne.jpeg","medium":"http:\/\/localhost:8000\/img\/d39c625e-270d-40f2-a9bc-0d91dd506a82\/brianne.jpeg?fm=jpg&q=80&fit=max&h=430","width":400,"height":300,"tags":[],"deleteUrl":null,"updateUrl":"http:\/\/localhost:8000\/admin\/media-library\/medias\/single-update","updateBulkUrl":"http:\/\/localhost:8000\/admin\/media-library\/medias\/bulk-update","deleteBulkUrl":"http:\/\/localhost:8000\/admin\/media-library\/medias\/bulk-delete","metadatas":{"default":{"caption":null,"altText":"Brianne","video":null},"custom":{"caption":null,"altText":null,"video":null}},"pivot_id":15,"crops":{"default":{"pivot_id":15,"name":"default","width":400,"height":300,"x":0,"y":0}}}]},"browsers":[],"blocks":[]},{"id":22,"type":"dynamic-repeater-cards","is_repeater":true,"editor_name":"default","content":{"heading":"Juliet Ruiz","details":"Instructor"},"medias":{"image":[{"id":6,"name":"Juliet.jpeg","thumbnail":"http:\/\/localhost:8000\/img\/88b4c36b-5a84-4932-b87f-2ebd1fd4ed3b\/juliet.jpeg?fm=jpg&q=60&fit=max&dpr=1&h=256","original":"http:\/\/localhost:8000\/img\/88b4c36b-5a84-4932-b87f-2ebd1fd4ed3b\/juliet.jpeg","medium":"http:\/\/localhost:8000\/img\/88b4c36b-5a84-4932-b87f-2ebd1fd4ed3b\/juliet.jpeg?fm=jpg&q=80&fit=max&h=430","width":400,"height":300,"tags":[],"deleteUrl":null,"updateUrl":"http:\/\/localhost:8000\/admin\/media-library\/medias\/single-update","updateBulkUrl":"http:\/\/localhost:8000\/admin\/media-library\/medias\/bulk-update","deleteBulkUrl":"http:\/\/localhost:8000\/admin\/media-library\/medias\/bulk-delete","metadatas":{"default":{"caption":null,"altText":"Juliet","video":null},"custom":{"caption":null,"altText":null,"video":null}},"pivot_id":16,"crops":{"default":{"pivot_id":16,"name":"default","width":400,"height":300,"x":0,"y":0}}}]},"browsers":[],"blocks":[]},{"id":23,"type":"dynamic-repeater-cards","is_repeater":true,"editor_name":"default","content":{"heading":"Kelly Tyger","details":"Instructor"},"medias":{"image":[{"id":7,"name":"Kelly.jpeg","thumbnail":"http:\/\/localhost:8000\/img\/3675c056-9b99-4f75-98e1-1f8eb52ae382\/kelly.jpeg?fm=jpg&q=60&fit=max&dpr=1&h=256","original":"http:\/\/localhost:8000\/img\/3675c056-9b99-4f75-98e1-1f8eb52ae382\/kelly.jpeg","medium":"http:\/\/localhost:8000\/img\/3675c056-9b99-4f75-98e1-1f8eb52ae382\/kelly.jpeg?fm=jpg&q=80&fit=max&h=430","width":400,"height":300,"tags":[],"deleteUrl":null,"updateUrl":"http:\/\/localhost:8000\/admin\/media-library\/medias\/single-update","updateBulkUrl":"http:\/\/localhost:8000\/admin\/media-library\/medias\/bulk-update","deleteBulkUrl":"http:\/\/localhost:8000\/admin\/media-library\/medias\/bulk-delete","metadatas":{"default":{"caption":null,"altText":"Kelly","video":null},"custom":{"caption":null,"altText":null,"video":null}},"pivot_id":17,"crops":{"default":{"pivot_id":17,"name":"default","width":400,"height":300,"x":0,"y":0}}}]},"browsers":[],"blocks":[]}]}}],"repeaters":[]}');
INSERT INTO page_revisions VALUES(27,3,1,'2025-05-13 03:19:14','2025-05-13 03:19:14','{"meta_title":{"en":null},"meta_description":{"en":null},"title":{"en":"Our Team"},"slug":{"en":"about\/our-team"},"cmsSaveType":"update","published":true,"public":false,"publish_start_date":null,"publish_end_date":null,"languages":[{"shortlabel":"EN","label":"English","value":"en","disabled":false,"published":true}],"parent_id":0,"medias":[],"browsers":[],"blocks":[{"id":20,"type":"a17-block-common-cardblock","is_repeater":false,"editor_name":"default","content":{"heading":"Meet Our Team","type":"hover"},"medias":[],"browsers":[],"blocks":{"cards":[{"id":21,"type":"dynamic-repeater-cards","is_repeater":true,"editor_name":"default","content":{"heading":"Brianne Jackson","details":"Master"},"medias":{"image":[{"id":5,"name":"brianne .jpeg","thumbnail":"http:\/\/localhost:8000\/img\/d39c625e-270d-40f2-a9bc-0d91dd506a82\/brianne.jpeg?fm=jpg&q=60&fit=max&dpr=1&h=256","original":"http:\/\/localhost:8000\/img\/d39c625e-270d-40f2-a9bc-0d91dd506a82\/brianne.jpeg","medium":"http:\/\/localhost:8000\/img\/d39c625e-270d-40f2-a9bc-0d91dd506a82\/brianne.jpeg?fm=jpg&q=80&fit=max&h=430","width":400,"height":300,"tags":[],"deleteUrl":null,"updateUrl":"http:\/\/localhost:8000\/admin\/media-library\/medias\/single-update","updateBulkUrl":"http:\/\/localhost:8000\/admin\/media-library\/medias\/bulk-update","deleteBulkUrl":"http:\/\/localhost:8000\/admin\/media-library\/medias\/bulk-delete","metadatas":{"default":{"caption":null,"altText":"Brianne","video":null},"custom":{"caption":null,"altText":null,"video":null}},"pivot_id":15,"crops":{"default":{"pivot_id":15,"name":"default","width":400,"height":300,"x":0,"y":0}}}]},"browsers":[],"blocks":[]},{"id":22,"type":"dynamic-repeater-cards","is_repeater":true,"editor_name":"default","content":{"heading":"Juliet Ruiz","details":"Instructor"},"medias":{"image":[{"id":6,"name":"Juliet.jpeg","thumbnail":"http:\/\/localhost:8000\/img\/88b4c36b-5a84-4932-b87f-2ebd1fd4ed3b\/juliet.jpeg?fm=jpg&q=60&fit=max&dpr=1&h=256","original":"http:\/\/localhost:8000\/img\/88b4c36b-5a84-4932-b87f-2ebd1fd4ed3b\/juliet.jpeg","medium":"http:\/\/localhost:8000\/img\/88b4c36b-5a84-4932-b87f-2ebd1fd4ed3b\/juliet.jpeg?fm=jpg&q=80&fit=max&h=430","width":400,"height":300,"tags":[],"deleteUrl":null,"updateUrl":"http:\/\/localhost:8000\/admin\/media-library\/medias\/single-update","updateBulkUrl":"http:\/\/localhost:8000\/admin\/media-library\/medias\/bulk-update","deleteBulkUrl":"http:\/\/localhost:8000\/admin\/media-library\/medias\/bulk-delete","metadatas":{"default":{"caption":null,"altText":"Juliet","video":null},"custom":{"caption":null,"altText":null,"video":null}},"pivot_id":16,"crops":{"default":{"pivot_id":16,"name":"default","width":400,"height":300,"x":0,"y":0}}}]},"browsers":[],"blocks":[]},{"id":23,"type":"dynamic-repeater-cards","is_repeater":true,"editor_name":"default","content":{"heading":"Kelly Tyger","details":"Instructor"},"medias":{"image":[{"id":7,"name":"Kelly.jpeg","thumbnail":"http:\/\/localhost:8000\/img\/3675c056-9b99-4f75-98e1-1f8eb52ae382\/kelly.jpeg?fm=jpg&q=60&fit=max&dpr=1&h=256","original":"http:\/\/localhost:8000\/img\/3675c056-9b99-4f75-98e1-1f8eb52ae382\/kelly.jpeg","medium":"http:\/\/localhost:8000\/img\/3675c056-9b99-4f75-98e1-1f8eb52ae382\/kelly.jpeg?fm=jpg&q=80&fit=max&h=430","width":400,"height":300,"tags":[],"deleteUrl":null,"updateUrl":"http:\/\/localhost:8000\/admin\/media-library\/medias\/single-update","updateBulkUrl":"http:\/\/localhost:8000\/admin\/media-library\/medias\/bulk-update","deleteBulkUrl":"http:\/\/localhost:8000\/admin\/media-library\/medias\/bulk-delete","metadatas":{"default":{"caption":null,"altText":"Kelly","video":null},"custom":{"caption":null,"altText":null,"video":null}},"pivot_id":17,"crops":{"default":{"pivot_id":17,"name":"default","width":400,"height":300,"x":0,"y":0}}}]},"browsers":[],"blocks":[]}]}}],"repeaters":[]}');
INSERT INTO page_revisions VALUES(28,3,1,'2025-05-13 04:54:35','2025-05-13 04:54:35','{"title":{"en":"Our Team"},"slug":{"en":"our-team"},"meta_title":{"en":null},"meta_description":{"en":null},"cmsSaveType":"update","published":true,"public":false,"publish_start_date":null,"publish_end_date":null,"languages":[{"shortlabel":"EN","label":"English","value":"en","disabled":false,"published":true}],"parent_id":1,"medias":[],"browsers":[],"blocks":[{"id":20,"type":"a17-block-common-cardblock","is_repeater":false,"editor_name":"default","content":{"heading":"Meet Our Team","type":"hover"},"medias":[],"browsers":[],"blocks":{"cards":[{"id":21,"type":"dynamic-repeater-cards","is_repeater":true,"editor_name":"default","content":{"heading":"Brianne Jackson","details":"Master"},"medias":{"image":[{"id":5,"name":"brianne .jpeg","thumbnail":"http:\/\/localhost:8000\/img\/d39c625e-270d-40f2-a9bc-0d91dd506a82\/brianne.jpeg?fm=jpg&q=60&fit=max&dpr=1&h=256","original":"http:\/\/localhost:8000\/img\/d39c625e-270d-40f2-a9bc-0d91dd506a82\/brianne.jpeg","medium":"http:\/\/localhost:8000\/img\/d39c625e-270d-40f2-a9bc-0d91dd506a82\/brianne.jpeg?fm=jpg&q=80&fit=max&h=430","width":400,"height":300,"tags":[],"deleteUrl":null,"updateUrl":"http:\/\/localhost:8000\/admin\/media-library\/medias\/single-update","updateBulkUrl":"http:\/\/localhost:8000\/admin\/media-library\/medias\/bulk-update","deleteBulkUrl":"http:\/\/localhost:8000\/admin\/media-library\/medias\/bulk-delete","metadatas":{"default":{"caption":null,"altText":"Brianne","video":null},"custom":{"caption":null,"altText":null,"video":null}},"pivot_id":15,"crops":{"default":{"pivot_id":15,"name":"default","width":400,"height":300,"x":0,"y":0}}}]},"browsers":[],"blocks":[]},{"id":22,"type":"dynamic-repeater-cards","is_repeater":true,"editor_name":"default","content":{"heading":"Juliet Ruiz","details":"Instructor"},"medias":{"image":[{"id":6,"name":"Juliet.jpeg","thumbnail":"http:\/\/localhost:8000\/img\/88b4c36b-5a84-4932-b87f-2ebd1fd4ed3b\/juliet.jpeg?fm=jpg&q=60&fit=max&dpr=1&h=256","original":"http:\/\/localhost:8000\/img\/88b4c36b-5a84-4932-b87f-2ebd1fd4ed3b\/juliet.jpeg","medium":"http:\/\/localhost:8000\/img\/88b4c36b-5a84-4932-b87f-2ebd1fd4ed3b\/juliet.jpeg?fm=jpg&q=80&fit=max&h=430","width":400,"height":300,"tags":[],"deleteUrl":null,"updateUrl":"http:\/\/localhost:8000\/admin\/media-library\/medias\/single-update","updateBulkUrl":"http:\/\/localhost:8000\/admin\/media-library\/medias\/bulk-update","deleteBulkUrl":"http:\/\/localhost:8000\/admin\/media-library\/medias\/bulk-delete","metadatas":{"default":{"caption":null,"altText":"Juliet","video":null},"custom":{"caption":null,"altText":null,"video":null}},"pivot_id":16,"crops":{"default":{"pivot_id":16,"name":"default","width":400,"height":300,"x":0,"y":0}}}]},"browsers":[],"blocks":[]},{"id":23,"type":"dynamic-repeater-cards","is_repeater":true,"editor_name":"default","content":{"heading":"Kelly Tyger","details":"Instructor"},"medias":{"image":[{"id":7,"name":"Kelly.jpeg","thumbnail":"http:\/\/localhost:8000\/img\/3675c056-9b99-4f75-98e1-1f8eb52ae382\/kelly.jpeg?fm=jpg&q=60&fit=max&dpr=1&h=256","original":"http:\/\/localhost:8000\/img\/3675c056-9b99-4f75-98e1-1f8eb52ae382\/kelly.jpeg","medium":"http:\/\/localhost:8000\/img\/3675c056-9b99-4f75-98e1-1f8eb52ae382\/kelly.jpeg?fm=jpg&q=80&fit=max&h=430","width":400,"height":300,"tags":[],"deleteUrl":null,"updateUrl":"http:\/\/localhost:8000\/admin\/media-library\/medias\/single-update","updateBulkUrl":"http:\/\/localhost:8000\/admin\/media-library\/medias\/bulk-update","deleteBulkUrl":"http:\/\/localhost:8000\/admin\/media-library\/medias\/bulk-delete","metadatas":{"default":{"caption":null,"altText":"Kelly","video":null},"custom":{"caption":null,"altText":null,"video":null}},"pivot_id":17,"crops":{"default":{"pivot_id":17,"name":"default","width":400,"height":300,"x":0,"y":0}}}]},"browsers":[],"blocks":[]}]}}],"repeaters":[]}');
INSERT INTO page_revisions VALUES(29,6,1,'2025-05-13 04:57:29','2025-05-13 04:57:29','{"slug":{"en":"taekwondo"},"title":{"en":"Taekwondo"},"languages":[{"shortlabel":"EN","label":"English","value":"en","disabled":false,"published":true}]}');
INSERT INTO page_revisions VALUES(30,6,1,'2025-05-13 04:57:44','2025-05-13 04:57:44','{"title":{"en":"Taekwondo"},"slug":{"en":"taekwondo"},"meta_title":{"en":null},"meta_description":{"en":null},"cmsSaveType":"publish","published":true,"public":false,"publish_start_date":null,"publish_end_date":null,"languages":[{"shortlabel":"EN","label":"English","value":"en","disabled":false,"published":true}],"parent_id":2,"medias":[],"browsers":[],"blocks":[],"repeaters":[]}');
INSERT INTO page_revisions VALUES(31,3,1,'2025-05-13 05:46:02','2025-05-13 05:46:02','{"title":{"en":"Our Team"},"slug":{"en":"our-team"},"meta_title":{"en":null},"meta_description":{"en":null},"cmsSaveType":"update","published":true,"public":false,"publish_start_date":null,"publish_end_date":null,"languages":[{"shortlabel":"EN","label":"English","value":"en","disabled":false,"published":true}],"parent_id":1,"medias":[],"browsers":[],"blocks":[{"id":20,"type":"a17-block-common-cardblock","is_repeater":false,"editor_name":"default","content":{"heading":"Meet Our Team","type":"profile"},"medias":[],"browsers":[],"blocks":{"cards":[{"id":21,"type":"dynamic-repeater-cards","is_repeater":true,"editor_name":"default","content":{"heading":"Brianne Jackson","details":"Master"},"medias":{"image":[{"id":5,"name":"brianne .jpeg","thumbnail":"http:\/\/localhost:8000\/img\/d39c625e-270d-40f2-a9bc-0d91dd506a82\/brianne.jpeg?fm=jpg&q=60&fit=max&dpr=1&h=256","original":"http:\/\/localhost:8000\/img\/d39c625e-270d-40f2-a9bc-0d91dd506a82\/brianne.jpeg","medium":"http:\/\/localhost:8000\/img\/d39c625e-270d-40f2-a9bc-0d91dd506a82\/brianne.jpeg?fm=jpg&q=80&fit=max&h=430","width":400,"height":300,"tags":[],"deleteUrl":null,"updateUrl":"http:\/\/localhost:8000\/admin\/media-library\/medias\/single-update","updateBulkUrl":"http:\/\/localhost:8000\/admin\/media-library\/medias\/bulk-update","deleteBulkUrl":"http:\/\/localhost:8000\/admin\/media-library\/medias\/bulk-delete","metadatas":{"default":{"caption":null,"altText":"Brianne","video":null},"custom":{"caption":null,"altText":null,"video":null}},"pivot_id":15,"crops":{"default":{"pivot_id":15,"name":"default","width":400,"height":300,"x":0,"y":0}}}]},"browsers":[],"blocks":[]},{"id":22,"type":"dynamic-repeater-cards","is_repeater":true,"editor_name":"default","content":{"heading":"Juliet Ruiz","details":"Instructor"},"medias":{"image":[{"id":6,"name":"Juliet.jpeg","thumbnail":"http:\/\/localhost:8000\/img\/88b4c36b-5a84-4932-b87f-2ebd1fd4ed3b\/juliet.jpeg?fm=jpg&q=60&fit=max&dpr=1&h=256","original":"http:\/\/localhost:8000\/img\/88b4c36b-5a84-4932-b87f-2ebd1fd4ed3b\/juliet.jpeg","medium":"http:\/\/localhost:8000\/img\/88b4c36b-5a84-4932-b87f-2ebd1fd4ed3b\/juliet.jpeg?fm=jpg&q=80&fit=max&h=430","width":400,"height":300,"tags":[],"deleteUrl":null,"updateUrl":"http:\/\/localhost:8000\/admin\/media-library\/medias\/single-update","updateBulkUrl":"http:\/\/localhost:8000\/admin\/media-library\/medias\/bulk-update","deleteBulkUrl":"http:\/\/localhost:8000\/admin\/media-library\/medias\/bulk-delete","metadatas":{"default":{"caption":null,"altText":"Juliet","video":null},"custom":{"caption":null,"altText":null,"video":null}},"pivot_id":16,"crops":{"default":{"pivot_id":16,"name":"default","width":400,"height":300,"x":0,"y":0}}}]},"browsers":[],"blocks":[]},{"id":23,"type":"dynamic-repeater-cards","is_repeater":true,"editor_name":"default","content":{"heading":"Kelly Tyger","details":"Instructor"},"medias":{"image":[{"id":7,"name":"Kelly.jpeg","thumbnail":"http:\/\/localhost:8000\/img\/3675c056-9b99-4f75-98e1-1f8eb52ae382\/kelly.jpeg?fm=jpg&q=60&fit=max&dpr=1&h=256","original":"http:\/\/localhost:8000\/img\/3675c056-9b99-4f75-98e1-1f8eb52ae382\/kelly.jpeg","medium":"http:\/\/localhost:8000\/img\/3675c056-9b99-4f75-98e1-1f8eb52ae382\/kelly.jpeg?fm=jpg&q=80&fit=max&h=430","width":400,"height":300,"tags":[],"deleteUrl":null,"updateUrl":"http:\/\/localhost:8000\/admin\/media-library\/medias\/single-update","updateBulkUrl":"http:\/\/localhost:8000\/admin\/media-library\/medias\/bulk-update","deleteBulkUrl":"http:\/\/localhost:8000\/admin\/media-library\/medias\/bulk-delete","metadatas":{"default":{"caption":null,"altText":"Kelly","video":null},"custom":{"caption":null,"altText":null,"video":null}},"pivot_id":17,"crops":{"default":{"pivot_id":17,"name":"default","width":400,"height":300,"x":0,"y":0}}}]},"browsers":[],"blocks":[]}]}}],"repeaters":[]}');
INSERT INTO page_revisions VALUES(32,2,1,'2025-05-13 23:23:30','2025-05-13 23:23:30','{"title":{"en":"Programs"},"slug":{"en":"programs"},"meta_title":{"en":null},"meta_description":{"en":null},"cmsSaveType":"update","published":true,"public":false,"publish_start_date":null,"publish_end_date":null,"languages":[{"shortlabel":"EN","label":"English","value":"en","disabled":false,"published":true}],"parent_id":0,"medias":[],"browsers":[],"blocks":[{"id":1747178595672,"type":"a17-block-common-heading","is_repeater":false,"editor_name":"default","content":{"heading":{"en":"Our Programs"},"level":"h1"},"medias":[],"browsers":[],"blocks":[]}],"repeaters":[]}');
INSERT INTO page_revisions VALUES(33,2,1,'2025-05-14 01:25:48','2025-05-14 01:25:48','{"title":{"en":"Programs"},"slug":{"en":"programs"},"meta_title":{"en":null},"meta_description":{"en":null},"cmsSaveType":"update","published":true,"public":false,"publish_start_date":null,"publish_end_date":null,"languages":[{"shortlabel":"EN","label":"English","value":"en","disabled":false,"published":true}],"parent_id":0,"medias":[],"browsers":[],"blocks":[{"id":26,"type":"a17-block-common-heading","is_repeater":false,"editor_name":"default","content":{"heading":{"en":"Our Programs"},"level":"h1"},"medias":[],"browsers":[],"blocks":[]},{"id":1747185929209,"type":"a17-block-common-landing","is_repeater":false,"editor_name":"default","content":{"heading":"Are You Ready to Start Your Journey"},"medias":[],"browsers":[],"blocks":[]}],"repeaters":[]}');
INSERT INTO page_revisions VALUES(34,2,1,'2025-05-14 01:36:57','2025-05-14 01:36:57','{"title":{"en":"Programs"},"slug":{"en":"programs"},"meta_title":{"en":null},"meta_description":{"en":null},"cmsSaveType":"update","published":true,"public":false,"publish_start_date":null,"publish_end_date":null,"languages":[{"shortlabel":"EN","label":"English","value":"en","disabled":false,"published":true}],"parent_id":0,"medias":[],"browsers":[],"blocks":[{"id":26,"type":"a17-block-common-heading","is_repeater":false,"editor_name":"default","content":{"heading":{"en":"Our Programs"},"level":"h1"},"medias":[],"browsers":[],"blocks":[]},{"id":27,"type":"a17-block-common-landing","is_repeater":false,"editor_name":"default","content":{"heading":"Are You Ready to Start Your Journey"},"medias":[],"browsers":[],"blocks":[]}],"repeaters":[]}');
INSERT INTO page_revisions VALUES(35,2,1,'2025-05-14 01:37:05','2025-05-14 01:37:05','{"title":{"en":"Programs"},"slug":{"en":"programs"},"meta_description":{"en":null},"meta_title":{"en":"Programs"},"cmsSaveType":"update","published":true,"public":false,"publish_start_date":null,"publish_end_date":null,"languages":[{"shortlabel":"EN","label":"English","value":"en","disabled":false,"published":true}],"parent_id":0,"medias":[],"browsers":[],"blocks":[{"id":26,"type":"a17-block-common-heading","is_repeater":false,"editor_name":"default","content":{"heading":{"en":"Our Programs"},"level":"h1"},"medias":[],"browsers":[],"blocks":[]},{"id":27,"type":"a17-block-common-landing","is_repeater":false,"editor_name":"default","content":{"heading":"Are You Ready to Start Your Journey"},"medias":[],"browsers":[],"blocks":[]}],"repeaters":[]}');
INSERT INTO page_revisions VALUES(36,2,1,'2025-05-14 02:51:13','2025-05-14 02:51:13','{"title":{"en":"Programs"},"slug":{"en":"programs"},"meta_title":{"en":"Programs"},"meta_description":{"en":null},"cmsSaveType":"update","published":true,"public":false,"publish_start_date":null,"publish_end_date":null,"languages":[{"shortlabel":"EN","label":"English","value":"en","disabled":false,"published":true}],"parent_id":0,"medias":[],"browsers":[],"blocks":[{"id":26,"type":"a17-block-common-heading","is_repeater":false,"editor_name":"default","content":{"heading":{"en":"Our Programs"},"level":"h1"},"medias":[],"browsers":[],"blocks":[]},{"id":27,"type":"a17-block-common-landing","is_repeater":false,"editor_name":"default","content":{"heading":"Are You Ready to Start Your Journey"},"medias":[],"browsers":[],"blocks":{"programs":[{"id":1747190680276,"type":"dynamic-repeater-programs","is_repeater":true,"content":{"title":"Taekwondo","details":"The Korean art of self defense.","link":"\/programs\/taekwondo"},"medias":{"image":[{"id":8,"name":"Gemini_Generated_Image_buhgj7buhgj7buhg.png","thumbnail":"http:\/\/localhost:8000\/img\/dba7e945-9baf-429d-98ba-c79786020481\/gemini-generated-image-buhgj7buhgj7buhg.png?fm=jpg&q=60&fit=max&dpr=1&h=256","original":"http:\/\/localhost:8000\/img\/dba7e945-9baf-429d-98ba-c79786020481\/gemini-generated-image-buhgj7buhgj7buhg.png","medium":"http:\/\/localhost:8000\/img\/dba7e945-9baf-429d-98ba-c79786020481\/gemini-generated-image-buhgj7buhgj7buhg.png?fm=jpg&q=80&fit=max&h=430","width":"1024","height":"1024","tags":[],"deleteUrl":"http:\/\/localhost:8000\/admin\/media-library\/medias\/8","updateUrl":"http:\/\/localhost:8000\/admin\/media-library\/medias\/single-update","updateBulkUrl":"http:\/\/localhost:8000\/admin\/media-library\/medias\/bulk-update","deleteBulkUrl":"http:\/\/localhost:8000\/admin\/media-library\/medias\/bulk-delete","metadatas":{"default":{"caption":null,"altText":"Gemini Generated Image buhgj7buhgj7buhg","video":null},"custom":{"caption":null,"altText":null,"video":null}},"disabled":false,"crops":{"default":{"name":"default","x":0,"y":0,"width":1024,"height":1024}}}]},"browsers":[],"blocks":[]},{"id":1747191050036,"type":"dynamic-repeater-programs","is_repeater":true,"content":[],"medias":[],"browsers":[],"blocks":[]}]}}],"repeaters":[]}');
INSERT INTO page_revisions VALUES(37,2,1,'2025-05-14 02:51:19','2025-05-14 02:51:19','{"title":{"en":"Programs"},"slug":{"en":"programs"},"meta_title":{"en":"Programs"},"meta_description":{"en":null},"cmsSaveType":"update","published":true,"public":false,"publish_start_date":null,"publish_end_date":null,"languages":[{"shortlabel":"EN","label":"English","value":"en","disabled":false,"published":true}],"parent_id":0,"medias":[],"browsers":[],"blocks":[{"id":26,"type":"a17-block-common-heading","is_repeater":false,"editor_name":"default","content":{"heading":{"en":"Our Programs"},"level":"h1"},"medias":[],"browsers":[],"blocks":[]},{"id":27,"type":"a17-block-common-landing","is_repeater":false,"editor_name":"default","content":{"heading":"Are You Ready to Start Your Journey"},"medias":[],"browsers":[],"blocks":{"programs":[{"id":1747190680276,"type":"dynamic-repeater-programs","is_repeater":true,"content":{"title":"Taekwondo","details":"The Korean art of self defense.","link":"\/programs\/taekwondo"},"medias":{"image":[{"id":8,"name":"Gemini_Generated_Image_buhgj7buhgj7buhg.png","thumbnail":"http:\/\/localhost:8000\/img\/dba7e945-9baf-429d-98ba-c79786020481\/gemini-generated-image-buhgj7buhgj7buhg.png?fm=jpg&q=60&fit=max&dpr=1&h=256","original":"http:\/\/localhost:8000\/img\/dba7e945-9baf-429d-98ba-c79786020481\/gemini-generated-image-buhgj7buhgj7buhg.png","medium":"http:\/\/localhost:8000\/img\/dba7e945-9baf-429d-98ba-c79786020481\/gemini-generated-image-buhgj7buhgj7buhg.png?fm=jpg&q=80&fit=max&h=430","width":"1024","height":"1024","tags":[],"deleteUrl":"http:\/\/localhost:8000\/admin\/media-library\/medias\/8","updateUrl":"http:\/\/localhost:8000\/admin\/media-library\/medias\/single-update","updateBulkUrl":"http:\/\/localhost:8000\/admin\/media-library\/medias\/bulk-update","deleteBulkUrl":"http:\/\/localhost:8000\/admin\/media-library\/medias\/bulk-delete","metadatas":{"default":{"caption":null,"altText":"Gemini Generated Image buhgj7buhgj7buhg","video":null},"custom":{"caption":null,"altText":null,"video":null}},"disabled":false,"crops":{"default":{"name":"default","x":0,"y":0,"width":1024,"height":1024}}}]},"browsers":[],"blocks":[]}]}}],"repeaters":[]}');
INSERT INTO page_revisions VALUES(38,2,1,'2025-05-14 03:18:46','2025-05-14 03:18:46','{"title":{"en":"Programs"},"slug":{"en":"programs"},"meta_title":{"en":"Programs"},"meta_description":{"en":null},"cmsSaveType":"update","published":true,"public":false,"publish_start_date":null,"publish_end_date":null,"languages":[{"shortlabel":"EN","label":"English","value":"en","disabled":false,"published":true}],"parent_id":0,"medias":[],"browsers":[],"blocks":[{"id":27,"type":"a17-block-common-landing","is_repeater":false,"editor_name":"default","content":{"heading":"Are You Ready to Start Your Journey"},"medias":[],"browsers":[],"blocks":{"programs":[{"id":1747190680276,"type":"dynamic-repeater-programs","is_repeater":true,"content":{"title":"Taekwondo","details":"The Korean art of self defense.","link":"\/programs\/taekwondo"},"medias":{"image":[{"id":8,"name":"Gemini_Generated_Image_buhgj7buhgj7buhg.png","thumbnail":"http:\/\/localhost:8000\/img\/dba7e945-9baf-429d-98ba-c79786020481\/gemini-generated-image-buhgj7buhgj7buhg.png?fm=jpg&q=60&fit=max&dpr=1&h=256","original":"http:\/\/localhost:8000\/img\/dba7e945-9baf-429d-98ba-c79786020481\/gemini-generated-image-buhgj7buhgj7buhg.png","medium":"http:\/\/localhost:8000\/img\/dba7e945-9baf-429d-98ba-c79786020481\/gemini-generated-image-buhgj7buhgj7buhg.png?fm=jpg&q=80&fit=max&h=430","width":"1024","height":"1024","tags":[],"deleteUrl":"http:\/\/localhost:8000\/admin\/media-library\/medias\/8","updateUrl":"http:\/\/localhost:8000\/admin\/media-library\/medias\/single-update","updateBulkUrl":"http:\/\/localhost:8000\/admin\/media-library\/medias\/bulk-update","deleteBulkUrl":"http:\/\/localhost:8000\/admin\/media-library\/medias\/bulk-delete","metadatas":{"default":{"caption":null,"altText":"Gemini Generated Image buhgj7buhgj7buhg","video":null},"custom":{"caption":null,"altText":null,"video":null}},"disabled":false,"crops":{"default":{"name":"default","x":0,"y":0,"width":1024,"height":1024}}}]},"browsers":[],"blocks":[]}]}}],"repeaters":[]}');
CREATE TABLE IF NOT EXISTS "page_homes" ("id" integer primary key autoincrement not null, "deleted_at" datetime, "created_at" datetime, "updated_at" datetime);
INSERT INTO page_homes VALUES(1,NULL,'2025-04-26 07:33:46','2025-04-26 07:33:46');
CREATE TABLE IF NOT EXISTS "page_home_translations" ("id" integer primary key autoincrement not null, "page_home_id" integer not null, "deleted_at" datetime, "created_at" datetime, "updated_at" datetime, "locale" varchar not null, "active" tinyint(1) not null default '0', "title" varchar, "meta_title" varchar, "meta_description" varchar, foreign key("page_home_id") references "page_homes"("id") on delete CASCADE);
INSERT INTO page_home_translations VALUES(1,1,NULL,'2025-04-26 07:33:46','2025-05-03 00:44:42','en',1,'Home','Home','Home');
CREATE TABLE IF NOT EXISTS "page_home_revisions" ("id" integer primary key autoincrement not null, "page_home_id" integer not null, "user_id" integer, "created_at" datetime, "updated_at" datetime, "payload" text not null, foreign key("page_home_id") references "page_homes"("id") on delete cascade, foreign key("user_id") references "twill_users"("id") on delete set null);
INSERT INTO page_home_revisions VALUES(1,1,NULL,'2025-04-26 07:33:46','2025-04-26 07:33:46','{"title":{"en":"PageHome"},"meta_title":{"en":"PageHome"},"meta_description":{"en":"PageHome"}}');
INSERT INTO page_home_revisions VALUES(2,1,1,'2025-04-26 07:57:58','2025-04-26 07:57:58','{"title":{"en":"Home"},"meta_title":{"en":"Home"},"meta_description":{"en":"Home"},"cmsSaveType":"update","published":false,"public":false,"publish_start_date":null,"publish_end_date":null,"languages":[{"shortlabel":"EN","label":"English","value":"en","disabled":false,"published":true}],"parent_id":0,"medias":[],"browsers":[],"blocks":[],"repeaters":[]}');
INSERT INTO page_home_revisions VALUES(3,1,1,'2025-04-27 02:14:38','2025-04-27 02:14:38','{"title":{"en":"Home"},"meta_title":{"en":"Home"},"meta_description":{"en":"Home"},"cmsSaveType":"update","published":false,"public":false,"publish_start_date":null,"publish_end_date":null,"languages":[{"shortlabel":"EN","label":"English","value":"en","disabled":false,"published":true}],"parent_id":0,"medias":[],"browsers":[],"blocks":[{"id":1745720042260,"type":"a17-block-common-heading","is_repeater":false,"editor_name":"default","content":{"heading":{"en":"Home"},"level":0},"medias":[],"browsers":[],"blocks":[]}],"repeaters":[]}');
INSERT INTO page_home_revisions VALUES(4,1,1,'2025-04-27 02:19:42','2025-04-27 02:19:42','{"title":{"en":"Home"},"meta_title":{"en":"Home"},"meta_description":{"en":"Home"},"cmsSaveType":"update","published":false,"public":false,"publish_start_date":null,"publish_end_date":null,"languages":[{"shortlabel":"EN","label":"English","value":"en","disabled":false,"published":true}],"parent_id":0,"medias":[],"browsers":[],"blocks":[{"id":1,"type":"a17-block-common-heading","is_repeater":false,"editor_name":"default","content":{"heading":{"en":"Home"},"level":0},"medias":[],"browsers":[],"blocks":[]}],"repeaters":[]}');
INSERT INTO page_home_revisions VALUES(5,1,1,'2025-04-27 03:09:17','2025-04-27 03:09:17','{"title":{"en":"Home"},"meta_title":{"en":"Home"},"meta_description":{"en":"Home"},"cmsSaveType":"update","published":false,"public":false,"publish_start_date":null,"publish_end_date":null,"languages":[{"shortlabel":"EN","label":"English","value":"en","disabled":false,"published":true}],"parent_id":0,"medias":[],"browsers":[],"blocks":[{"id":1,"type":"a17-block-common-heading","is_repeater":false,"editor_name":"default","content":{"heading":{"en":"Home"},"level":"h2"},"medias":[],"browsers":[],"blocks":[]}],"repeaters":[]}');
INSERT INTO page_home_revisions VALUES(6,1,1,'2025-04-27 03:14:21','2025-04-27 03:14:21','{"title":{"en":"Home"},"meta_title":{"en":"Home"},"meta_description":{"en":"Home"},"cmsSaveType":"update","published":false,"public":false,"publish_start_date":null,"publish_end_date":null,"languages":[{"shortlabel":"EN","label":"English","value":"en","disabled":false,"published":true}],"parent_id":0,"medias":[],"browsers":[],"blocks":[{"id":1,"type":"a17-block-common-heading","is_repeater":false,"editor_name":"default","content":{"heading":{"en":"Home"},"level":"h1"},"medias":[],"browsers":[],"blocks":[]}],"repeaters":[]}');
INSERT INTO page_home_revisions VALUES(7,1,1,'2025-04-27 03:24:38','2025-04-27 03:24:38','{"title":{"en":"Home"},"meta_title":{"en":"Home"},"meta_description":{"en":"Home"},"cmsSaveType":"update","published":false,"public":false,"publish_start_date":null,"publish_end_date":null,"languages":[{"shortlabel":"EN","label":"English","value":"en","disabled":false,"published":true}],"parent_id":0,"medias":[],"browsers":[],"blocks":[{"id":1,"type":"a17-block-common-heading","is_repeater":false,"editor_name":"default","content":{"level":"h1","heading":{"en":"Reach Your Goals With No Limits"}},"medias":[],"browsers":[],"blocks":[]}],"repeaters":[]}');
INSERT INTO page_home_revisions VALUES(8,1,1,'2025-04-27 03:27:26','2025-04-27 03:27:26','{"title":{"en":"Home"},"meta_title":{"en":"Home"},"meta_description":{"en":"Home"},"cmsSaveType":"update","published":false,"public":false,"publish_start_date":null,"publish_end_date":null,"languages":[{"shortlabel":"EN","label":"English","value":"en","disabled":false,"published":true}],"parent_id":0,"medias":[],"browsers":[],"blocks":[{"id":1,"type":"a17-block-common-heading","is_repeater":false,"editor_name":"default","content":{"level":"h1","heading":{"en":"POOP"}},"medias":[],"browsers":[],"blocks":[]}],"repeaters":[]}');
INSERT INTO page_home_revisions VALUES(9,1,1,'2025-04-27 04:55:40','2025-04-27 04:55:40','{"title":{"en":"Home"},"meta_title":{"en":"Home"},"meta_description":{"en":"Home"},"cmsSaveType":"update","published":false,"public":false,"publish_start_date":null,"publish_end_date":null,"languages":[{"shortlabel":"EN","label":"English","value":"en","disabled":false,"published":true}],"parent_id":0,"medias":[],"browsers":[],"blocks":[{"id":1745729686715,"type":"a17-block-common-hero","is_repeater":false,"editor_name":"default","content":{"button_link":{"en":"\/register"},"button_text":{"en":"Join Us"}},"medias":{"image":[{"id":1,"name":"Z2sbZpbqstJ980jJ_NLMAF_LOGO_2shues_smallcropped.jpeg","thumbnail":"http:\/\/localhost:8000\/img\/9b0fd4e7-c2f7-485b-a09b-e9078080a064\/z2sbzpbqstj980jj-nlmaf-logo-2shues-smallcropped.jpeg?fm=jpg&q=60&fit=max&dpr=1&h=256","original":"http:\/\/localhost:8000\/img\/9b0fd4e7-c2f7-485b-a09b-e9078080a064\/z2sbzpbqstj980jj-nlmaf-logo-2shues-smallcropped.jpeg","medium":"http:\/\/localhost:8000\/img\/9b0fd4e7-c2f7-485b-a09b-e9078080a064\/z2sbzpbqstj980jj-nlmaf-logo-2shues-smallcropped.jpeg?fm=jpg&q=80&fit=max&h=430","width":2048,"height":2039,"tags":[],"deleteUrl":"http:\/\/localhost:8000\/admin\/media-library\/medias\/1","updateUrl":"http:\/\/localhost:8000\/admin\/media-library\/medias\/single-update","updateBulkUrl":"http:\/\/localhost:8000\/admin\/media-library\/medias\/bulk-update","deleteBulkUrl":"http:\/\/localhost:8000\/admin\/media-library\/medias\/bulk-delete","metadatas":{"default":{"caption":null,"altText":"Z2sbZpbqstJ980jJ NLMAF LOGO 2shues smallcropped","video":null},"custom":{"caption":null,"altText":null,"video":null}},"disabled":false,"crops":{"default":{"name":"default","x":0,"y":0,"width":2048,"height":2048}}}]},"browsers":[],"blocks":{"heading":[{"id":1745729692282,"type":"a17-block-common-heading","is_repeater":false,"editor_name":"blocks-1745729686715|heading","content":{"heading":{"en":"Reach Your Goals With No Limits"},"level":"h1"},"medias":[],"browsers":[],"blocks":[]}]}}],"repeaters":[]}');
INSERT INTO page_home_revisions VALUES(10,1,1,'2025-04-27 09:31:09','2025-04-27 09:31:09','{"title":{"en":"Home"},"meta_title":{"en":"Home"},"meta_description":{"en":"Home"},"cmsSaveType":"update","published":false,"public":false,"publish_start_date":null,"publish_end_date":null,"languages":[{"shortlabel":"EN","label":"English","value":"en","disabled":false,"published":true}],"parent_id":0,"medias":[],"browsers":[],"blocks":[{"id":3,"type":"a17-block-common-hero","is_repeater":false,"editor_name":"default","content":{"button_link":{"en":"\/register"},"button_text":{"en":"Join Us"}},"medias":{"image":[{"id":1,"name":"Z2sbZpbqstJ980jJ_NLMAF_LOGO_2shues_smallcropped.jpeg","thumbnail":"http:\/\/localhost:8000\/img\/9b0fd4e7-c2f7-485b-a09b-e9078080a064\/z2sbzpbqstj980jj-nlmaf-logo-2shues-smallcropped.jpeg?fm=jpg&q=60&fit=max&dpr=1&h=256","original":"http:\/\/localhost:8000\/img\/9b0fd4e7-c2f7-485b-a09b-e9078080a064\/z2sbzpbqstj980jj-nlmaf-logo-2shues-smallcropped.jpeg","medium":"http:\/\/localhost:8000\/img\/9b0fd4e7-c2f7-485b-a09b-e9078080a064\/z2sbzpbqstj980jj-nlmaf-logo-2shues-smallcropped.jpeg?fm=jpg&q=80&fit=max&h=430","width":2048,"height":2039,"tags":[],"deleteUrl":null,"updateUrl":"http:\/\/localhost:8000\/admin\/media-library\/medias\/single-update","updateBulkUrl":"http:\/\/localhost:8000\/admin\/media-library\/medias\/bulk-update","deleteBulkUrl":"http:\/\/localhost:8000\/admin\/media-library\/medias\/bulk-delete","metadatas":{"default":{"caption":null,"altText":"Z2sbZpbqstJ980jJ NLMAF LOGO 2shues smallcropped","video":null},"custom":{"caption":null,"altText":null,"video":null}},"pivot_id":1,"crops":{"default":{"pivot_id":1,"name":"default","width":2048,"height":2048,"x":0,"y":0}}}]},"browsers":[],"blocks":{"heading":[{"id":4,"type":"a17-block-common-heading","is_repeater":false,"editor_name":"default","content":{"heading":{"en":"Reach Your Goals With No Limits"},"level":"h2"},"medias":[],"browsers":[],"blocks":[]}]}}],"repeaters":[]}');
INSERT INTO page_home_revisions VALUES(11,1,1,'2025-04-27 09:31:38','2025-04-27 09:31:38','{"title":{"en":"Home"},"meta_title":{"en":"Home"},"meta_description":{"en":"Home"},"cmsSaveType":"update","published":false,"public":false,"publish_start_date":null,"publish_end_date":null,"languages":[{"shortlabel":"EN","label":"English","value":"en","disabled":false,"published":true}],"parent_id":0,"medias":[],"browsers":[],"blocks":[{"id":3,"type":"a17-block-common-hero","is_repeater":false,"editor_name":"default","content":{"button_link":{"en":"\/register"},"button_text":{"en":"Join Us"}},"medias":{"image":[{"id":1,"name":"Z2sbZpbqstJ980jJ_NLMAF_LOGO_2shues_smallcropped.jpeg","thumbnail":"http:\/\/localhost:8000\/img\/9b0fd4e7-c2f7-485b-a09b-e9078080a064\/z2sbzpbqstj980jj-nlmaf-logo-2shues-smallcropped.jpeg?fm=jpg&q=60&fit=max&dpr=1&h=256","original":"http:\/\/localhost:8000\/img\/9b0fd4e7-c2f7-485b-a09b-e9078080a064\/z2sbzpbqstj980jj-nlmaf-logo-2shues-smallcropped.jpeg","medium":"http:\/\/localhost:8000\/img\/9b0fd4e7-c2f7-485b-a09b-e9078080a064\/z2sbzpbqstj980jj-nlmaf-logo-2shues-smallcropped.jpeg?fm=jpg&q=80&fit=max&h=430","width":2048,"height":2039,"tags":[],"deleteUrl":null,"updateUrl":"http:\/\/localhost:8000\/admin\/media-library\/medias\/single-update","updateBulkUrl":"http:\/\/localhost:8000\/admin\/media-library\/medias\/bulk-update","deleteBulkUrl":"http:\/\/localhost:8000\/admin\/media-library\/medias\/bulk-delete","metadatas":{"default":{"caption":null,"altText":"Z2sbZpbqstJ980jJ NLMAF LOGO 2shues smallcropped","video":null},"custom":{"caption":null,"altText":null,"video":null}},"pivot_id":1,"crops":{"default":{"pivot_id":1,"name":"default","width":2048,"height":2048,"x":0,"y":0}}}]},"browsers":[],"blocks":{"heading":[{"id":4,"type":"a17-block-common-heading","is_repeater":false,"editor_name":"default","content":{"heading":{"en":"Reach Your Goals With No Limits"},"level":"h1"},"medias":[],"browsers":[],"blocks":[]}]}}],"repeaters":[]}');
INSERT INTO page_home_revisions VALUES(12,1,1,'2025-05-02 21:11:10','2025-05-02 21:11:10','{"title":{"en":"Home"},"meta_title":{"en":"Home"},"meta_description":{"en":"Home"},"cmsSaveType":"update","published":false,"public":false,"publish_start_date":null,"publish_end_date":null,"languages":[{"shortlabel":"EN","label":"English","value":"en","disabled":false,"published":true}],"parent_id":0,"medias":[],"browsers":[],"blocks":[{"id":3,"type":"a17-block-common-hero","is_repeater":false,"editor_name":"default","content":{"button_link":{"en":"\/register"},"button_text":{"en":"Join Us"},"heading":"Reach Your Goals With No Limits"},"medias":{"image":[{"id":1,"name":"Z2sbZpbqstJ980jJ_NLMAF_LOGO_2shues_smallcropped.jpeg","thumbnail":"http:\/\/localhost:8000\/img\/9b0fd4e7-c2f7-485b-a09b-e9078080a064\/z2sbzpbqstj980jj-nlmaf-logo-2shues-smallcropped.jpeg?fm=jpg&q=60&fit=max&dpr=1&h=256","original":"http:\/\/localhost:8000\/img\/9b0fd4e7-c2f7-485b-a09b-e9078080a064\/z2sbzpbqstj980jj-nlmaf-logo-2shues-smallcropped.jpeg","medium":"http:\/\/localhost:8000\/img\/9b0fd4e7-c2f7-485b-a09b-e9078080a064\/z2sbzpbqstj980jj-nlmaf-logo-2shues-smallcropped.jpeg?fm=jpg&q=80&fit=max&h=430","width":2048,"height":2039,"tags":[],"deleteUrl":null,"updateUrl":"http:\/\/localhost:8000\/admin\/media-library\/medias\/single-update","updateBulkUrl":"http:\/\/localhost:8000\/admin\/media-library\/medias\/bulk-update","deleteBulkUrl":"http:\/\/localhost:8000\/admin\/media-library\/medias\/bulk-delete","metadatas":{"default":{"caption":null,"altText":"Z2sbZpbqstJ980jJ NLMAF LOGO 2shues smallcropped","video":null},"custom":{"caption":null,"altText":null,"video":null}},"pivot_id":1,"crops":{"default":{"pivot_id":1,"name":"default","width":2048,"height":2048,"x":0,"y":0}}}]},"browsers":[],"blocks":{"heading":[{"id":4,"type":"a17-block-common-heading","is_repeater":false,"editor_name":"default","content":{"heading":{"en":"Reach Your Goals With No Limits"},"level":"h1"},"medias":[],"browsers":[],"blocks":[]}]}}],"repeaters":[]}');
INSERT INTO page_home_revisions VALUES(13,1,1,'2025-05-02 23:42:18','2025-05-02 23:42:18','{"title":{"en":"Home"},"meta_title":{"en":"Home"},"meta_description":{"en":"Home"},"cmsSaveType":"update","published":false,"public":false,"publish_start_date":null,"publish_end_date":null,"languages":[{"shortlabel":"EN","label":"English","value":"en","disabled":false,"published":true}],"parent_id":0,"medias":[],"browsers":[],"blocks":[{"id":3,"type":"a17-block-common-hero","is_repeater":false,"editor_name":"default","content":{"button_text":{"en":"Join Us"},"heading":"Reach Your Goals With No Limits","button_link":{"en":"\/auth\/register"}},"medias":{"image":[{"id":1,"name":"Z2sbZpbqstJ980jJ_NLMAF_LOGO_2shues_smallcropped.jpeg","thumbnail":"http:\/\/localhost:8000\/img\/9b0fd4e7-c2f7-485b-a09b-e9078080a064\/z2sbzpbqstj980jj-nlmaf-logo-2shues-smallcropped.jpeg?fm=jpg&q=60&fit=max&dpr=1&h=256","original":"http:\/\/localhost:8000\/img\/9b0fd4e7-c2f7-485b-a09b-e9078080a064\/z2sbzpbqstj980jj-nlmaf-logo-2shues-smallcropped.jpeg","medium":"http:\/\/localhost:8000\/img\/9b0fd4e7-c2f7-485b-a09b-e9078080a064\/z2sbzpbqstj980jj-nlmaf-logo-2shues-smallcropped.jpeg?fm=jpg&q=80&fit=max&h=430","width":2048,"height":2039,"tags":[],"deleteUrl":null,"updateUrl":"http:\/\/localhost:8000\/admin\/media-library\/medias\/single-update","updateBulkUrl":"http:\/\/localhost:8000\/admin\/media-library\/medias\/bulk-update","deleteBulkUrl":"http:\/\/localhost:8000\/admin\/media-library\/medias\/bulk-delete","metadatas":{"default":{"caption":null,"altText":"Z2sbZpbqstJ980jJ NLMAF LOGO 2shues smallcropped","video":null},"custom":{"caption":null,"altText":null,"video":null}},"pivot_id":1,"crops":{"default":{"pivot_id":1,"name":"default","width":2048,"height":2048,"x":0,"y":0}}}]},"browsers":[],"blocks":{"heading":[{"id":4,"type":"a17-block-common-heading","is_repeater":false,"editor_name":"default","content":{"heading":{"en":"Reach Your Goals With No Limits"},"level":"h1"},"medias":[],"browsers":[],"blocks":[]}]}}],"repeaters":[]}');
INSERT INTO page_home_revisions VALUES(14,1,1,'2025-05-03 00:44:42','2025-05-03 00:44:42','{"title":{"en":"Home"},"meta_title":{"en":"Home"},"meta_description":{"en":"Home"},"cmsSaveType":"update","published":false,"public":false,"publish_start_date":null,"publish_end_date":null,"languages":[{"shortlabel":"EN","label":"English","value":"en","disabled":false,"published":true}],"parent_id":0,"medias":[],"browsers":[],"blocks":[{"id":3,"type":"a17-block-common-hero","is_repeater":false,"editor_name":"default","content":{"button_text":{"en":"Join Us"},"heading":"Reach Your Goals With No Limits","button_link":{"en":"\/register"}},"medias":{"image":[{"id":1,"name":"Z2sbZpbqstJ980jJ_NLMAF_LOGO_2shues_smallcropped.jpeg","thumbnail":"http:\/\/localhost:8000\/img\/9b0fd4e7-c2f7-485b-a09b-e9078080a064\/z2sbzpbqstj980jj-nlmaf-logo-2shues-smallcropped.jpeg?fm=jpg&q=60&fit=max&dpr=1&h=256","original":"http:\/\/localhost:8000\/img\/9b0fd4e7-c2f7-485b-a09b-e9078080a064\/z2sbzpbqstj980jj-nlmaf-logo-2shues-smallcropped.jpeg","medium":"http:\/\/localhost:8000\/img\/9b0fd4e7-c2f7-485b-a09b-e9078080a064\/z2sbzpbqstj980jj-nlmaf-logo-2shues-smallcropped.jpeg?fm=jpg&q=80&fit=max&h=430","width":2048,"height":2039,"tags":[],"deleteUrl":null,"updateUrl":"http:\/\/localhost:8000\/admin\/media-library\/medias\/single-update","updateBulkUrl":"http:\/\/localhost:8000\/admin\/media-library\/medias\/bulk-update","deleteBulkUrl":"http:\/\/localhost:8000\/admin\/media-library\/medias\/bulk-delete","metadatas":{"default":{"caption":null,"altText":"Z2sbZpbqstJ980jJ NLMAF LOGO 2shues smallcropped","video":null},"custom":{"caption":null,"altText":null,"video":null}},"pivot_id":1,"crops":{"default":{"pivot_id":1,"name":"default","width":2048,"height":2048,"x":0,"y":0}}}]},"browsers":[],"blocks":{"heading":[{"id":4,"type":"a17-block-common-heading","is_repeater":false,"editor_name":"default","content":{"heading":{"en":"Reach Your Goals With No Limits"},"level":"h1"},"medias":[],"browsers":[],"blocks":[]}]}}],"repeaters":[]}');
CREATE TABLE IF NOT EXISTS "profile_translations" ("id" integer primary key autoincrement not null, "profile_id" integer not null, "deleted_at" datetime, "created_at" datetime, "updated_at" datetime, "locale" varchar not null, "active" tinyint(1) not null default '0', "title" varchar, "description" text, foreign key("profile_id") references "profiles"("id") on delete CASCADE);
CREATE TABLE IF NOT EXISTS "profile_slugs" ("id" integer primary key autoincrement not null, "profile_id" integer not null, "deleted_at" datetime, "created_at" datetime, "updated_at" datetime, "slug" varchar not null, "locale" varchar not null, "active" tinyint(1) not null, foreign key("profile_id") references "profiles"("id") on delete CASCADE on update NO ACTION);
CREATE TABLE IF NOT EXISTS "profile_revisions" ("id" integer primary key autoincrement not null, "profile_id" integer not null, "user_id" integer, "created_at" datetime, "updated_at" datetime, "payload" text not null, foreign key("profile_id") references "profiles"("id") on delete cascade, foreign key("user_id") references "twill_users"("id") on delete set null);
CREATE TABLE IF NOT EXISTS "registered_users" ("id" integer primary key autoincrement not null, "deleted_at" datetime, "created_at" datetime, "updated_at" datetime, title VARCHAR(255), published BOOLEAN, "meta_title" varchar, "meta_description" varchar);
INSERT INTO registered_users VALUES(1,NULL,'2025-05-04 02:06:20','2025-05-04 02:29:37','RegisteredUser',1,NULL,NULL);
CREATE TABLE IF NOT EXISTS "profiles" ("id" integer primary key autoincrement not null, "deleted_at" datetime, "created_at" datetime, "updated_at" datetime, "published" tinyint(1) not null default ('0'), "position" integer, "first_name" varchar, "last_name" varchar, "bio" varchar, "staff" tinyint(1) not null default '0', "user_id" integer not null, "phone" varchar, "address" varchar, "city" varchar, "postal_code" varchar, "state" varchar, "email" VARCHAR(255), foreign key("user_id") references "users"("id") on delete cascade on update cascade);
INSERT INTO profiles VALUES(2,NULL,'2025-05-17 03:39:56','2025-05-17 03:39:56',0,1,'Deverick','Strand',NULL,0,4,NULL,NULL,NULL,NULL,NULL,'dev@nolimitsmaf.com');
CREATE TABLE IF NOT EXISTS "menu_links" ("id" integer primary key autoincrement not null, "deleted_at" datetime, "created_at" datetime, "updated_at" datetime, "published" tinyint(1) not null default '0', "_lft" integer not null default '0', "_rgt" integer not null default '0', "parent_id" integer, "title" varchar, "position" integer, "url" varchar, "has_submenu" tinyint(1) not null default '0', submenu JSON);
INSERT INTO menu_links VALUES(1,'2025-05-09 05:55:28','2025-05-09 05:48:35','2025-05-09 05:55:28',1,1,2,NULL,NULL,1,'/about',1,NULL);
INSERT INTO menu_links VALUES(2,'2025-05-09 06:43:31','2025-05-09 05:55:35','2025-05-09 06:43:31',1,3,4,NULL,NULL,1,'/about',0,'[{"id":1746771072206,"is_repeater":false,"medias":[],"browsers":[],"blocks":[],"title":"Our Team","url":"\/about\/our-team","repeater_target_id":null}]');
INSERT INTO menu_links VALUES(3,'2025-05-09 06:43:36','2025-05-09 06:12:30','2025-05-09 06:43:36',1,5,6,NULL,NULL,2,'/',0,NULL);
INSERT INTO menu_links VALUES(4,NULL,'2025-05-09 06:43:42','2025-05-09 06:43:47',1,7,8,NULL,NULL,1,'/',0,NULL);
INSERT INTO menu_links VALUES(5,NULL,'2025-05-09 06:43:58','2025-05-13 04:59:11',1,9,10,NULL,NULL,2,'/about',0,'[{"id":1746773045772,"is_repeater":false,"medias":[],"browsers":[],"blocks":[],"title":"Our Team","repeater_target_id":null,"url":"\/about\/our-team"},{"id":1747014832672,"is_repeater":false,"medias":[],"browsers":[],"blocks":[],"title":"Contact","url":"\/contact","repeater_target_id":null}]');
INSERT INTO menu_links VALUES(6,NULL,'2025-05-12 21:48:17','2025-05-15 00:07:40',1,11,12,NULL,NULL,3,'/programs',0,'[{"id":1747267284531,"is_repeater":false,"medias":[],"browsers":[],"blocks":[],"title":"Taekwondo","url":"\/programs\/taekwondo","repeater_target_id":null}]');
INSERT INTO menu_links VALUES(7,NULL,'2025-05-17 21:54:42','2025-05-17 21:54:54',1,13,14,NULL,NULL,4,'/news',0,NULL);
CREATE TABLE IF NOT EXISTS "menu_link_translations" ("id" integer primary key autoincrement not null, "menu_link_id" integer not null, "deleted_at" datetime, "created_at" datetime, "updated_at" datetime, "locale" varchar not null, "active" tinyint(1) not null default '0', "title" varchar, "url" varchar, foreign key("menu_link_id") references "menu_links"("id") on delete CASCADE);
INSERT INTO menu_link_translations VALUES(1,1,NULL,'2025-05-09 05:48:35','2025-05-09 05:55:09','en',1,NULL,NULL);
INSERT INTO menu_link_translations VALUES(2,2,NULL,'2025-05-09 05:55:35','2025-05-09 06:11:25','en',1,'About',NULL);
INSERT INTO menu_link_translations VALUES(3,3,NULL,'2025-05-09 06:12:30','2025-05-09 06:12:37','en',1,'Home',NULL);
INSERT INTO menu_link_translations VALUES(4,4,NULL,'2025-05-09 06:43:42','2025-05-09 06:43:47','en',1,'Home',NULL);
INSERT INTO menu_link_translations VALUES(5,5,NULL,'2025-05-09 06:43:58','2025-05-13 04:59:11','en',1,'About',NULL);
INSERT INTO menu_link_translations VALUES(6,6,NULL,'2025-05-12 21:48:17','2025-05-15 00:07:40','en',1,'Programs',NULL);
INSERT INTO menu_link_translations VALUES(7,7,NULL,'2025-05-17 21:54:42','2025-05-17 21:54:54','en',1,'News',NULL);
CREATE TABLE IF NOT EXISTS "contacts" ("id" integer primary key autoincrement not null, "first_name" varchar, "last_name" varchar, "email" varchar, "phone" varchar, "subject" varchar, "message" text, "created_at" datetime, "updated_at" datetime);
CREATE TABLE IF NOT EXISTS "programs" ("id" integer primary key autoincrement not null, "deleted_at" datetime, "created_at" datetime, "updated_at" datetime, "published" tinyint(1) not null default '0', "title" varchar, "_lft" integer not null default '0', "_rgt" integer not null default '0', "parent_id" integer, "position" integer, "meta_title" varchar, "meta_description" varchar);
INSERT INTO programs VALUES(1,NULL,'2025-05-14 20:38:01','2025-05-15 01:24:41',1,'Taekwondo',1,6,NULL,0,'Taekwondo',NULL);
INSERT INTO programs VALUES(2,NULL,'2025-05-15 01:24:34','2025-05-15 01:24:41',0,'Belts',2,3,1,0,NULL,NULL);
INSERT INTO programs VALUES(3,NULL,'2025-05-15 01:25:28','2025-05-15 01:25:52',0,'Videos',4,5,1,1,NULL,NULL);
CREATE TABLE IF NOT EXISTS "program_slugs" ("id" integer primary key autoincrement not null, "program_id" integer not null, "deleted_at" datetime, "created_at" datetime, "updated_at" datetime, "slug" varchar not null, "locale" varchar not null, "active" tinyint(1) not null, foreign key("program_id") references "programs"("id") on delete CASCADE on update NO ACTION);
INSERT INTO program_slugs VALUES(1,1,NULL,'2025-05-14 20:38:01','2025-05-15 01:24:41','taekwondo','en',1);
INSERT INTO program_slugs VALUES(2,2,NULL,'2025-05-15 01:24:34','2025-05-15 01:24:41','belts','en',1);
INSERT INTO program_slugs VALUES(3,3,NULL,'2025-05-15 01:25:28','2025-05-15 01:25:52','videos','en',1);
CREATE TABLE IF NOT EXISTS "program_revisions" ("id" integer primary key autoincrement not null, "program_id" integer not null, "user_id" integer, "created_at" datetime, "updated_at" datetime, "payload" text not null, foreign key("program_id") references "programs"("id") on delete cascade, foreign key("user_id") references "twill_users"("id") on delete set null);
INSERT INTO program_revisions VALUES(1,1,1,'2025-05-14 20:38:01','2025-05-14 20:38:01','{"slug":{"en":"taekwondo"},"title":"Taekwondo","languages":[{"shortlabel":"EN","label":"English","value":"en","disabled":false,"published":true}]}');
INSERT INTO program_revisions VALUES(2,1,1,'2025-05-14 22:06:46','2025-05-14 22:06:46','{"title":"Taekwondo","slug":{"en":"taekwondo"},"cmsSaveType":"publish","published":true,"public":false,"publish_start_date":null,"publish_end_date":null,"languages":[{"shortlabel":"EN","label":"English","value":"en","disabled":false,"published":true}],"parent_id":0,"medias":[],"browsers":[],"blocks":[{"id":1747255180001,"type":"a17-block-common-heading","is_repeater":false,"editor_name":"default","content":{"heading":{"en":"Taekwondo"},"level":"h2"},"medias":[],"browsers":[],"blocks":[]}],"repeaters":[]}');
INSERT INTO program_revisions VALUES(3,1,1,'2025-05-14 22:17:54','2025-05-14 22:17:54','{"title":"Taekwondo","slug":{"en":"taekwondo"},"cmsSaveType":"update","published":true,"public":false,"publish_start_date":null,"publish_end_date":null,"languages":[{"shortlabel":"EN","label":"English","value":"en","disabled":false,"published":true}],"parent_id":0,"medias":[],"browsers":[],"blocks":[{"id":1747255180001,"type":"a17-block-common-heading","is_repeater":false,"editor_name":"default","content":{"heading":{"en":"Taekwondo"},"level":"h2"},"medias":[],"browsers":[],"blocks":[]}],"repeaters":[]}');
INSERT INTO program_revisions VALUES(4,1,1,'2025-05-14 23:58:16','2025-05-14 23:58:16','{"title":"Taekwondo","slug":{"en":"taekwondo"},"cmsSaveType":"update","published":true,"public":false,"publish_start_date":null,"publish_end_date":null,"languages":[{"shortlabel":"EN","label":"English","value":"en","disabled":false,"published":true}],"parent_id":0,"medias":[],"browsers":[],"blocks":[{"id":30,"type":"a17-block-common-heading","is_repeater":false,"editor_name":"default","content":{"heading":{"en":"Taekwondo"},"level":"h2"},"medias":[],"browsers":[],"blocks":[]}],"repeaters":[]}');
INSERT INTO program_revisions VALUES(5,1,1,'2025-05-15 01:23:07','2025-05-15 01:23:07','{"title":"Taekwondo","slug":{"en":"taekwondo"},"cmsSaveType":"update","published":true,"public":false,"publish_start_date":null,"publish_end_date":null,"languages":[{"shortlabel":"EN","label":"English","value":"en","disabled":false,"published":true}],"parent_id":0,"medias":[],"browsers":[],"blocks":[{"id":30,"type":"a17-block-common-heading","is_repeater":false,"editor_name":"default","content":{"heading":{"en":"Taekwondo"},"level":"h2"},"medias":[],"browsers":[],"blocks":[]},{"id":1747272112884,"type":"a17-block-common-sidemenu","is_repeater":false,"editor_name":"default","content":{"submenu":false},"medias":[],"browsers":[],"blocks":{"items":[{"id":1747272123651,"type":"dynamic-repeater-items","is_repeater":true,"content":{"label":"Videos","link":"\/programs\/taekwondo\/videos"},"medias":[],"browsers":[],"blocks":[]},{"id":1747272168208,"type":"dynamic-repeater-items","is_repeater":true,"content":{"label":"Belts","link":"\/programs\/taekwondo\/belts"},"medias":[],"browsers":[],"blocks":[]}]}}],"repeaters":[]}');
INSERT INTO program_revisions VALUES(6,1,1,'2025-05-15 01:24:06','2025-05-15 01:24:06','{"title":"Taekwondo","slug":{"en":"taekwondo"},"meta_title":"Taekwondo","cmsSaveType":"update","published":true,"public":false,"publish_start_date":null,"publish_end_date":null,"languages":[{"shortlabel":"EN","label":"English","value":"en","disabled":false,"published":true}],"parent_id":0,"medias":[],"browsers":[],"blocks":[{"id":30,"type":"a17-block-common-heading","is_repeater":false,"editor_name":"default","content":{"heading":{"en":"Taekwondo"},"level":"h2"},"medias":[],"browsers":[],"blocks":[]},{"id":1747272112884,"type":"a17-block-common-sidemenu","is_repeater":false,"editor_name":"default","content":{"submenu":false},"medias":[],"browsers":[],"blocks":{"items":[{"id":1747272123651,"type":"dynamic-repeater-items","is_repeater":true,"content":{"label":"Videos","link":"\/programs\/taekwondo\/videos"},"medias":[],"browsers":[],"blocks":[]},{"id":1747272168208,"type":"dynamic-repeater-items","is_repeater":true,"content":{"label":"Belts","link":"\/programs\/taekwondo\/belts"},"medias":[],"browsers":[],"blocks":[]}]}}],"repeaters":[]}');
INSERT INTO program_revisions VALUES(7,2,1,'2025-05-15 01:24:34','2025-05-15 01:24:34','{"slug":{"en":"belts"},"title":"Belts","languages":[{"shortlabel":"EN","label":"English","value":"en","disabled":false,"published":true}]}');
INSERT INTO program_revisions VALUES(8,3,1,'2025-05-15 01:25:28','2025-05-15 01:25:28','{"slug":{"en":"videos"},"title":"Videos","languages":[{"shortlabel":"EN","label":"English","value":"en","disabled":false,"published":true}]}');
CREATE TABLE IF NOT EXISTS "news" ("id" integer primary key autoincrement not null, "deleted_at" datetime, "created_at" datetime, "updated_at" datetime, "published" tinyint(1) not null default '0', "title" varchar, "description" text, "date" date, "meta_title" varchar, "meta_description" varchar);
INSERT INTO news VALUES(1,NULL,'2025-05-18 04:08:50','2025-05-18 04:55:29',1,'Grand Opening','Join us for a grand opening event.','2025-05-29 16:00:00',NULL,NULL);
CREATE TABLE IF NOT EXISTS "news_slugs" ("id" integer primary key autoincrement not null, "news_id" integer not null, "deleted_at" datetime, "created_at" datetime, "updated_at" datetime, "slug" varchar not null, "locale" varchar not null, "active" tinyint(1) not null, foreign key("news_id") references "news"("id") on delete CASCADE on update NO ACTION);
INSERT INTO news_slugs VALUES(1,1,NULL,'2025-05-18 04:08:50','2025-05-18 04:55:29','grand-opening','en',1);
DELETE FROM sqlite_sequence;
INSERT INTO sqlite_sequence VALUES('migrations',44);
INSERT INTO sqlite_sequence VALUES('twill_fileables',0);
INSERT INTO sqlite_sequence VALUES('activity_log',154);
INSERT INTO sqlite_sequence VALUES('twill_users',1);
INSERT INTO sqlite_sequence VALUES('pages',6);
INSERT INTO sqlite_sequence VALUES('page_slugs',8);
INSERT INTO sqlite_sequence VALUES('page_translations',6);
INSERT INTO sqlite_sequence VALUES('page_revisions',38);
INSERT INTO sqlite_sequence VALUES('page_homes',1);
INSERT INTO sqlite_sequence VALUES('page_home_translations',1);
INSERT INTO sqlite_sequence VALUES('page_home_revisions',14);
INSERT INTO sqlite_sequence VALUES('twill_blocks',36);
INSERT INTO sqlite_sequence VALUES('twill_medias',8);
INSERT INTO sqlite_sequence VALUES('twill_mediables',26);
INSERT INTO sqlite_sequence VALUES('registered_users',1);
INSERT INTO sqlite_sequence VALUES('users',4);
INSERT INTO sqlite_sequence VALUES('profiles',2);
INSERT INTO sqlite_sequence VALUES('twill_related',6);
INSERT INTO sqlite_sequence VALUES('jobs',51);
INSERT INTO sqlite_sequence VALUES('menu_links',7);
INSERT INTO sqlite_sequence VALUES('menu_link_translations',7);
INSERT INTO sqlite_sequence VALUES('failed_jobs',23);
INSERT INTO sqlite_sequence VALUES('programs',3);
INSERT INTO sqlite_sequence VALUES('program_slugs',3);
INSERT INTO sqlite_sequence VALUES('program_revisions',8);
INSERT INTO sqlite_sequence VALUES('news',1);
INSERT INTO sqlite_sequence VALUES('news_slugs',1);
CREATE UNIQUE INDEX "users_email_unique" on "users" ("email");
CREATE INDEX "sessions_user_id_index" on "sessions" ("user_id");
CREATE INDEX "sessions_last_activity_index" on "sessions" ("last_activity");
CREATE INDEX "jobs_queue_index" on "jobs" ("queue");
CREATE UNIQUE INDEX "failed_jobs_uuid_unique" on "failed_jobs" ("uuid");
CREATE UNIQUE INDEX "twill_users_email_unique" on "twill_users" ("email");
CREATE INDEX "twill_blocks_blockable_type_blockable_id_index" on "twill_blocks" ("blockable_type", "blockable_id");
CREATE INDEX "twill_mediables_mediable_type_mediable_id_index" on "twill_mediables" ("mediable_type", "mediable_id");
CREATE INDEX "twill_settings_key_index" on "twill_settings" ("key");
CREATE INDEX "twill_settings_section_index" on "twill_settings" ("section");
CREATE UNIQUE INDEX "twill_setting_id_locale_unique" on "twill_setting_translations" ("twill_setting_id", "locale");
CREATE INDEX "twill_setting_translations_locale_index" on "twill_setting_translations" ("locale");
CREATE INDEX "twill_tagged_taggable_type_taggable_id_index" on "twill_tagged" ("taggable_type", "taggable_id");
CREATE UNIQUE INDEX "twill_features_unique" on "twill_features" ("featured_id", "featured_type", "bucket_key");
CREATE INDEX "twill_features_bucket_key_index" on "twill_features" ("bucket_key");
CREATE UNIQUE INDEX "related_unique" on "twill_related" ("subject_id", "subject_type", "related_id", "related_type", "browser_name");
CREATE INDEX "twill_related_browser_name_index" on "twill_related" ("browser_name");
CREATE INDEX "twill_mediables_locale_index" on "twill_mediables" ("locale");
CREATE INDEX "twill_fileables_fileable_type_fileable_id_index" on "twill_fileables" ("fileable_type", "fileable_id");
CREATE INDEX "twill_fileables_locale_index" on "twill_fileables" ("locale");
CREATE INDEX "activity_log_log_name_index" on "activity_log" ("log_name");
CREATE INDEX "twill_password_resets_email_index" on "twill_password_resets" ("email");
CREATE INDEX "twill_password_resets_token_index" on "twill_password_resets" ("token");
CREATE INDEX "pages__lft__rgt_parent_id_index" on "pages" ("_lft", "_rgt", "parent_id");
CREATE UNIQUE INDEX "page_id_locale_unique" on "page_translations" ("page_id", "locale");
CREATE INDEX "page_translations_locale_index" on "page_translations" ("locale");
CREATE INDEX "page_slugs_locale_index" on "page_slugs" ("locale");
CREATE UNIQUE INDEX "page_home_id_locale_unique" on "page_home_translations" ("page_home_id", "locale");
CREATE INDEX "page_home_translations_locale_index" on "page_home_translations" ("locale");
CREATE UNIQUE INDEX "profile_id_locale_unique" on "profile_translations" ("profile_id", "locale");
CREATE INDEX "profile_translations_locale_index" on "profile_translations" ("locale");
CREATE INDEX "profile_slugs_locale_index" on "profile_slugs" ("locale");
CREATE INDEX "menu_links__lft__rgt_parent_id_index" on "menu_links" ("_lft", "_rgt", "parent_id");
CREATE UNIQUE INDEX "menu_link_id_locale_unique" on "menu_link_translations" ("menu_link_id", "locale");
CREATE INDEX "menu_link_translations_locale_index" on "menu_link_translations" ("locale");
CREATE INDEX "programs__lft__rgt_parent_id_index" on "programs" ("_lft", "_rgt", "parent_id");
CREATE INDEX "program_slugs_locale_index" on "program_slugs" ("locale");
CREATE INDEX "news_slugs_locale_index" on "news_slugs" ("locale");
COMMIT;
